"Name","Email","Course","Event","Date","Certificate_ID","Grade","Role","Organization"
"Kevin Patel","kevin.patel@example.com","Full Stack Web Development","Global Tech Summit 2026","March 15, 2026","CERT-2026-0001","Distinction","Attendee","Acme Corporation"
"Benjamin Ramachandran","benjamin.ramachandran@example.com","Data Science & AI Bootcamp","AI Innovators Hackathon","March 15, 2026","CERT-2026-0002","Honors","Participant","Nexus Labs"
"John Mitra","john.mitra@example.com","Cloud Architecture Mastery","CloudCon Annual 2026","March 15, 2026","CERT-2026-0003","Excellence","Winner - 1st Place","Horizon Systems"
"Julia Torres","julia.torres@example.com","Cybersecurity Defense Essentials","CyberSec Expo 2026","March 15, 2026","CERT-2026-0004","Merit","Runner Up","Vanguard Security"
"Charlotte Diaz","charlotte.diaz@example.com","UI/UX Product Design Masterclass","DesignSprint 2026","March 15, 2026","CERT-2026-0005","High Distinction","Speaker","PixelCraft Studio"
"Tyler Das","tyler.das@example.com","Machine Learning Ops (MLOps)","DevOps Days 2026","March 15, 2026","CERT-2026-0006","Distinction","Track Finalist","Quantum Dynamics"
"Austin Cooper","austin.cooper@example.com","Modern DevOps & Kubernetes","Web3 Builders Summit","March 15, 2026","CERT-2026-0007","Honors","Honorary Fellow","NovaTech Global"
"Amelia Verma","amelia.verma@example.com","Blockchain & Smart Contracts","FutureTech Leadership Forum","March 15, 2026","CERT-2026-0008","Excellence","Attendee","Apex Digital"
"Caleb Phillips","caleb.phillips@example.com","Distributed Systems Engineering","Global Tech Summit 2026","March 15, 2026","CERT-2026-0009","Merit","Participant","Synthetix AI"
"Ella Park","ella.park@example.com","Next.js & React 19 Enterprise Patterns","AI Innovators Hackathon","March 15, 2026","CERT-2026-0010","High Distinction","Winner - 1st Place","Starlight Ventures"
"Logan Gomez","logan.gomez@example.com","Autonomous Systems & Robotics","CloudCon Annual 2026","March 15, 2026","CERT-2026-0011","Distinction","Runner Up","OmniCorp Research"
"Alex Young","alex.young@example.com","Applied Quantum Computing","CyberSec Expo 2026","March 15, 2026","CERT-2026-0012","Honors","Speaker","Aether Interactive"
"Nora Harris","nora.harris@example.com","Full Stack Web Development","DesignSprint 2026","March 15, 2026","CERT-2026-0013","Excellence","Track Finalist","Acme Corporation"
"James Barnes","james.barnes@example.com","Data Science & AI Bootcamp","DevOps Days 2026","March 15, 2026","CERT-2026-0014","Merit","Honorary Fellow","Nexus Labs"
"Kyle Nair","kyle.nair@example.com","Cloud Architecture Mastery","Web3 Builders Summit","March 15, 2026","CERT-2026-0015","High Distinction","Attendee","Horizon Systems"
"Christian Watson","christian.watson@example.com","Cybersecurity Defense Essentials","FutureTech Leadership Forum","March 15, 2026","CERT-2026-0016","Distinction","Participant","Vanguard Security"
"Hannah Anderson","hannah.anderson@example.com","UI/UX Product Design Masterclass","Global Tech Summit 2026","March 15, 2026","CERT-2026-0017","Honors","Winner - 1st Place","PixelCraft Studio"
"Connor Gray","connor.gray@example.com","Machine Learning Ops (MLOps)","AI Innovators Hackathon","March 15, 2026","CERT-2026-0018","Excellence","Runner Up","Quantum Dynamics"
"Santiago Evans","santiago.evans@example.com","Modern DevOps & Kubernetes","CloudCon Annual 2026","March 15, 2026","CERT-2026-0019","Merit","Speaker","NovaTech Global"
"Madeline Davis","madeline.davis@example.com","Blockchain & Smart Contracts","CyberSec Expo 2026","March 15, 2026","CERT-2026-0020","High Distinction","Track Finalist","Apex Digital"
"Aurora Flores","aurora.flores@example.com","Distributed Systems Engineering","DesignSprint 2026","March 15, 2026","CERT-2026-0021","Distinction","Honorary Fellow","Synthetix AI"
"Cameron Long","cameron.long@example.com","Next.js & React 19 Enterprise Patterns","DevOps Days 2026","March 15, 2026","CERT-2026-0022","Honors","Attendee","Starlight Ventures"
"Mila Banerjee","mila.banerjee@example.com","Autonomous Systems & Robotics","Web3 Builders Summit","March 15, 2026","CERT-2026-0023","Excellence","Participant","OmniCorp Research"
"Nora Diaz","nora.diaz@example.com","Applied Quantum Computing","FutureTech Leadership Forum","March 15, 2026","CERT-2026-0024","Merit","Winner - 1st Place","Aether Interactive"
"Austin Roy","austin.roy@example.com","Full Stack Web Development","Global Tech Summit 2026","March 15, 2026","CERT-2026-0025","High Distinction","Runner Up","Acme Corporation"
"Rohan Mukherjee","rohan.mukherjee@example.com","Data Science & AI Bootcamp","AI Innovators Hackathon","March 15, 2026","CERT-2026-0026","Distinction","Speaker","Nexus Labs"
"Aria Taylor","aria.taylor@example.com","Cloud Architecture Mastery","CloudCon Annual 2026","March 15, 2026","CERT-2026-0027","Honors","Track Finalist","Horizon Systems"
"Joshua Baker","joshua.baker@example.com","Cybersecurity Defense Essentials","CyberSec Expo 2026","March 15, 2026","CERT-2026-0028","Excellence","Honorary Fellow","Vanguard Security"
"Kevin Wilson","kevin.wilson@example.com","UI/UX Product Design Masterclass","DesignSprint 2026","March 15, 2026","CERT-2026-0029","Merit","Attendee","PixelCraft Studio"
"William Verma","william.verma@example.com","Machine Learning Ops (MLOps)","DevOps Days 2026","March 15, 2026","CERT-2026-0030","High Distinction","Participant","Quantum Dynamics"
"Tyler Hill","tyler.hill@example.com","Modern DevOps & Kubernetes","Web3 Builders Summit","March 15, 2026","CERT-2026-0031","Distinction","Winner - 1st Place","NovaTech Global"
"Karan Turner","karan.turner@example.com","Blockchain & Smart Contracts","FutureTech Leadership Forum","March 15, 2026","CERT-2026-0032","Honors","Runner Up","Apex Digital"
"Jayden Price","jayden.price@example.com","Distributed Systems Engineering","Global Tech Summit 2026","March 15, 2026","CERT-2026-0033","Excellence","Speaker","Synthetix AI"
"Chloe Fernandez","chloe.fernandez@example.com","Next.js & React 19 Enterprise Patterns","AI Innovators Hackathon","March 15, 2026","CERT-2026-0034","Merit","Track Finalist","Starlight Ventures"
"Joseph Edwards","joseph.edwards@example.com","Autonomous Systems & Robotics","CloudCon Annual 2026","March 15, 2026","CERT-2026-0035","High Distinction","Honorary Fellow","OmniCorp Research"
"Adam Joshi","adam.joshi@example.com","Applied Quantum Computing","CyberSec Expo 2026","March 15, 2026","CERT-2026-0036","Distinction","Attendee","Aether Interactive"
"Andre Sharma","andre.sharma@example.com","Full Stack Web Development","DesignSprint 2026","March 15, 2026","CERT-2026-0037","Honors","Participant","Acme Corporation"
"Mateo Lopez","mateo.lopez@example.com","Data Science & AI Bootcamp","DevOps Days 2026","March 15, 2026","CERT-2026-0038","Excellence","Winner - 1st Place","Nexus Labs"
"Luna Williams","luna.williams@example.com","Cloud Architecture Mastery","Web3 Builders Summit","March 15, 2026","CERT-2026-0039","Merit","Runner Up","Horizon Systems"
"Nathan Green","nathan.green@example.com","Cybersecurity Defense Essentials","FutureTech Leadership Forum","March 15, 2026","CERT-2026-0040","High Distinction","Speaker","Vanguard Security"
"Luna Richardson","luna.richardson@example.com","UI/UX Product Design Masterclass","Global Tech Summit 2026","March 15, 2026","CERT-2026-0041","Distinction","Track Finalist","PixelCraft Studio"
"Jordan Chakraborty","jordan.chakraborty@example.com","Machine Learning Ops (MLOps)","AI Innovators Hackathon","March 15, 2026","CERT-2026-0042","Honors","Honorary Fellow","Quantum Dynamics"
"David Nair","david.nair@example.com","Modern DevOps & Kubernetes","CloudCon Annual 2026","March 15, 2026","CERT-2026-0043","Excellence","Attendee","NovaTech Global"
"Ruby Anderson","ruby.anderson@example.com","Blockchain & Smart Contracts","CyberSec Expo 2026","March 15, 2026","CERT-2026-0044","Merit","Participant","Apex Digital"
"Eleanor Sharma","eleanor.sharma@example.com","Distributed Systems Engineering","DesignSprint 2026","March 15, 2026","CERT-2026-0045","High Distinction","Winner - 1st Place","Synthetix AI"
"Kai Watson","kai.watson@example.com","Next.js & React 19 Enterprise Patterns","DevOps Days 2026","March 15, 2026","CERT-2026-0046","Distinction","Runner Up","Starlight Ventures"
"Alex Davis","alex.davis@example.com","Autonomous Systems & Robotics","Web3 Builders Summit","March 15, 2026","CERT-2026-0047","Honors","Speaker","OmniCorp Research"
"Jasmine Mitra","jasmine.mitra@example.com","Applied Quantum Computing","FutureTech Leadership Forum","March 15, 2026","CERT-2026-0048","Excellence","Track Finalist","Aether Interactive"
"Emma Phillips","emma.phillips@example.com","Full Stack Web Development","Global Tech Summit 2026","March 15, 2026","CERT-2026-0049","Merit","Honorary Fellow","Acme Corporation"
"Henry Ortiz","henry.ortiz@example.com","Data Science & AI Bootcamp","AI Innovators Hackathon","March 15, 2026","CERT-2026-0050","High Distinction","Attendee","Nexus Labs"
"Emily Sengupta","emily.sengupta@example.com","Cloud Architecture Mastery","CloudCon Annual 2026","March 15, 2026","CERT-2026-0051","Distinction","Participant","Horizon Systems"
"Owen Verma","owen.verma@example.com","Cybersecurity Defense Essentials","CyberSec Expo 2026","March 15, 2026","CERT-2026-0052","Honors","Winner - 1st Place","Vanguard Security"
"Gabriel Young","gabriel.young@example.com","UI/UX Product Design Masterclass","DesignSprint 2026","March 15, 2026","CERT-2026-0053","Excellence","Runner Up","PixelCraft Studio"
"Isaac James","isaac.james@example.com","Machine Learning Ops (MLOps)","DevOps Days 2026","March 15, 2026","CERT-2026-0054","Merit","Speaker","Quantum Dynamics"
"Elizabeth Banerjee","elizabeth.banerjee@example.com","Modern DevOps & Kubernetes","Web3 Builders Summit","March 15, 2026","CERT-2026-0055","High Distinction","Track Finalist","NovaTech Global"
"Devon Peterson","devon.peterson@example.com","Blockchain & Smart Contracts","FutureTech Leadership Forum","March 15, 2026","CERT-2026-0056","Distinction","Honorary Fellow","Apex Digital"
"Owen Stewart","owen.stewart@example.com","Distributed Systems Engineering","Global Tech Summit 2026","March 15, 2026","CERT-2026-0057","Honors","Attendee","Synthetix AI"
"Ella Kim","ella.kim@example.com","Next.js & React 19 Enterprise Patterns","AI Innovators Hackathon","March 15, 2026","CERT-2026-0058","Excellence","Participant","Starlight Ventures"
"Jasmine Ramirez","jasmine.ramirez@example.com","Autonomous Systems & Robotics","CloudCon Annual 2026","March 15, 2026","CERT-2026-0059","Merit","Winner - 1st Place","OmniCorp Research"
"Elena Wang","elena.wang@example.com","Applied Quantum Computing","CyberSec Expo 2026","March 15, 2026","CERT-2026-0060","High Distinction","Runner Up","Aether Interactive"
"John Lopez","john.lopez@example.com","Full Stack Web Development","DesignSprint 2026","March 15, 2026","CERT-2026-0061","Distinction","Speaker","Acme Corporation"
"Nicholas Turner","nicholas.turner@example.com","Data Science & AI Bootcamp","DevOps Days 2026","March 15, 2026","CERT-2026-0062","Honors","Track Finalist","Nexus Labs"
"Connor Morales","connor.morales@example.com","Cloud Architecture Mastery","Web3 Builders Summit","March 15, 2026","CERT-2026-0063","Excellence","Honorary Fellow","Horizon Systems"
"Isaac Harris","isaac.harris@example.com","Cybersecurity Defense Essentials","FutureTech Leadership Forum","March 15, 2026","CERT-2026-0064","Merit","Attendee","Vanguard Security"
"David Green","david.green@example.com","UI/UX Product Design Masterclass","Global Tech Summit 2026","March 15, 2026","CERT-2026-0065","High Distinction","Participant","PixelCraft Studio"
"Logan Gonzalez","logan.gonzalez@example.com","Machine Learning Ops (MLOps)","AI Innovators Hackathon","March 15, 2026","CERT-2026-0066","Distinction","Winner - 1st Place","Quantum Dynamics"
"Aaron Walker","aaron.walker@example.com","Modern DevOps & Kubernetes","CloudCon Annual 2026","March 15, 2026","CERT-2026-0067","Honors","Runner Up","NovaTech Global"
"Ella Silva","ella.silva@example.com","Blockchain & Smart Contracts","CyberSec Expo 2026","March 15, 2026","CERT-2026-0068","Excellence","Speaker","Apex Digital"
"Grace Gonzalez","grace.gonzalez@example.com","Distributed Systems Engineering","DesignSprint 2026","March 15, 2026","CERT-2026-0069","Merit","Track Finalist","Synthetix AI"
"Joshua Gray","joshua.gray@example.com","Next.js & React 19 Enterprise Patterns","DevOps Days 2026","March 15, 2026","CERT-2026-0070","High Distinction","Honorary Fellow","Starlight Ventures"
"Anthony Mitra","anthony.mitra@example.com","Autonomous Systems & Robotics","Web3 Builders Summit","March 15, 2026","CERT-2026-0071","Distinction","Attendee","OmniCorp Research"
"Sophia Cooper","sophia.cooper@example.com","Applied Quantum Computing","FutureTech Leadership Forum","March 15, 2026","CERT-2026-0072","Honors","Participant","Aether Interactive"
"Connor Gupta","connor.gupta@example.com","Full Stack Web Development","Global Tech Summit 2026","March 15, 2026","CERT-2026-0073","Excellence","Winner - 1st Place","Acme Corporation"
"Mateo Silva","mateo.silva@example.com","Data Science & AI Bootcamp","AI Innovators Hackathon","March 15, 2026","CERT-2026-0074","Merit","Runner Up","Nexus Labs"
"Asher Joshi","asher.joshi@example.com","Cloud Architecture Mastery","CloudCon Annual 2026","March 15, 2026","CERT-2026-0075","High Distinction","Speaker","Horizon Systems"
"Aditi Turner","aditi.turner@example.com","Cybersecurity Defense Essentials","CyberSec Expo 2026","March 15, 2026","CERT-2026-0076","Distinction","Track Finalist","Vanguard Security"
"Victor Davis","victor.davis@example.com","UI/UX Product Design Masterclass","DesignSprint 2026","March 15, 2026","CERT-2026-0077","Honors","Honorary Fellow","PixelCraft Studio"
"Maya Hernandez","maya.hernandez@example.com","Machine Learning Ops (MLOps)","DevOps Days 2026","March 15, 2026","CERT-2026-0078","Excellence","Attendee","Quantum Dynamics"
"Julian James","julian.james@example.com","Modern DevOps & Kubernetes","Web3 Builders Summit","March 15, 2026","CERT-2026-0079","Merit","Participant","NovaTech Global"
"Samuel Harris","samuel.harris@example.com","Blockchain & Smart Contracts","FutureTech Leadership Forum","March 15, 2026","CERT-2026-0080","High Distinction","Winner - 1st Place","Apex Digital"
"Zoe Henderson","zoe.henderson@example.com","Distributed Systems Engineering","Global Tech Summit 2026","March 15, 2026","CERT-2026-0081","Distinction","Runner Up","Synthetix AI"
"Anthony Jones","anthony.jones@example.com","Next.js & React 19 Enterprise Patterns","AI Innovators Hackathon","March 15, 2026","CERT-2026-0082","Honors","Speaker","Starlight Ventures"
"Arthur Ghosh","arthur.ghosh@example.com","Autonomous Systems & Robotics","CloudCon Annual 2026","March 15, 2026","CERT-2026-0083","Excellence","Track Finalist","OmniCorp Research"
"Caleb Edwards","caleb.edwards@example.com","Applied Quantum Computing","CyberSec Expo 2026","March 15, 2026","CERT-2026-0084","Merit","Honorary Fellow","Aether Interactive"
"Abigail Ross","abigail.ross@example.com","Full Stack Web Development","DesignSprint 2026","March 15, 2026","CERT-2026-0085","High Distinction","Attendee","Acme Corporation"
"Emma Collins","emma.collins@example.com","Data Science & AI Bootcamp","DevOps Days 2026","March 15, 2026","CERT-2026-0086","Distinction","Participant","Nexus Labs"
"John Vance","john.vance@example.com","Cloud Architecture Mastery","Web3 Builders Summit","March 15, 2026","CERT-2026-0087","Honors","Winner - 1st Place","Horizon Systems"
"Julia Jackson","julia.jackson@example.com","Cybersecurity Defense Essentials","FutureTech Leadership Forum","March 15, 2026","CERT-2026-0088","Excellence","Runner Up","Vanguard Security"
"Ryan Foster","ryan.foster@example.com","UI/UX Product Design Masterclass","Global Tech Summit 2026","March 15, 2026","CERT-2026-0089","Merit","Speaker","PixelCraft Studio"
"Aria Lopez","aria.lopez@example.com","Machine Learning Ops (MLOps)","AI Innovators Hackathon","March 15, 2026","CERT-2026-0090","High Distinction","Track Finalist","Quantum Dynamics"
"Ryan Bennett","ryan.bennett@example.com","Modern DevOps & Kubernetes","CloudCon Annual 2026","March 15, 2026","CERT-2026-0091","Distinction","Honorary Fellow","NovaTech Global"
"Carlos Zhang","carlos.zhang@example.com","Blockchain & Smart Contracts","CyberSec Expo 2026","March 15, 2026","CERT-2026-0092","Honors","Attendee","Apex Digital"
"Emily Reed","emily.reed@example.com","Distributed Systems Engineering","DesignSprint 2026","March 15, 2026","CERT-2026-0093","Excellence","Participant","Synthetix AI"
"Mila Fernandez","mila.fernandez@example.com","Next.js & React 19 Enterprise Patterns","DevOps Days 2026","March 15, 2026","CERT-2026-0094","Merit","Winner - 1st Place","Starlight Ventures"
"Julia Goswami","julia.goswami@example.com","Autonomous Systems & Robotics","Web3 Builders Summit","March 15, 2026","CERT-2026-0095","High Distinction","Runner Up","OmniCorp Research"
"Aurora Martin","aurora.martin@example.com","Applied Quantum Computing","FutureTech Leadership Forum","March 15, 2026","CERT-2026-0096","Distinction","Speaker","Aether Interactive"
"Kiran Rodriguez","kiran.rodriguez@example.com","Full Stack Web Development","Global Tech Summit 2026","March 15, 2026","CERT-2026-0097","Honors","Track Finalist","Acme Corporation"
"Dominic Foster","dominic.foster@example.com","Data Science & AI Bootcamp","AI Innovators Hackathon","March 15, 2026","CERT-2026-0098","Excellence","Honorary Fellow","Nexus Labs"
"Ethan Edwards","ethan.edwards@example.com","Cloud Architecture Mastery","CloudCon Annual 2026","March 15, 2026","CERT-2026-0099","Merit","Attendee","Horizon Systems"
"Owen Price","owen.price@example.com","Cybersecurity Defense Essentials","CyberSec Expo 2026","March 15, 2026","CERT-2026-0100","High Distinction","Participant","Vanguard Security"
"Julia Sengupta","julia.sengupta@example.com","UI/UX Product Design Masterclass","DesignSprint 2026","March 15, 2026","CERT-2026-0101","Distinction","Winner - 1st Place","PixelCraft Studio"
"Mila Evans","mila.evans@example.com","Machine Learning Ops (MLOps)","DevOps Days 2026","March 15, 2026","CERT-2026-0102","Honors","Runner Up","Quantum Dynamics"
"Kyle Rodriguez","kyle.rodriguez@example.com","Modern DevOps & Kubernetes","Web3 Builders Summit","March 15, 2026","CERT-2026-0103","Excellence","Speaker","NovaTech Global"
"Austin Venkatesh","austin.venkatesh@example.com","Blockchain & Smart Contracts","FutureTech Leadership Forum","March 15, 2026","CERT-2026-0104","Merit","Track Finalist","Apex Digital"
"Maya Ward","maya.ward@example.com","Distributed Systems Engineering","Global Tech Summit 2026","March 15, 2026","CERT-2026-0105","High Distinction","Honorary Fellow","Synthetix AI"
"Caleb Kumar","caleb.kumar@example.com","Next.js & React 19 Enterprise Patterns","AI Innovators Hackathon","March 15, 2026","CERT-2026-0106","Distinction","Attendee","Starlight Ventures"
"Mason Harris","mason.harris@example.com","Autonomous Systems & Robotics","CloudCon Annual 2026","March 15, 2026","CERT-2026-0107","Honors","Participant","OmniCorp Research"
"Oliver Coleman","oliver.coleman@example.com","Applied Quantum Computing","CyberSec Expo 2026","March 15, 2026","CERT-2026-0108","Excellence","Winner - 1st Place","Aether Interactive"
"Owen Sharma","owen.sharma@example.com","Full Stack Web Development","DesignSprint 2026","March 15, 2026","CERT-2026-0109","Merit","Runner Up","Acme Corporation"
"Alex Agarwal","alex.agarwal@example.com","Data Science & AI Bootcamp","DevOps Days 2026","March 15, 2026","CERT-2026-0110","High Distinction","Speaker","Nexus Labs"
"James Kulkarni","james.kulkarni@example.com","Cloud Architecture Mastery","Web3 Builders Summit","March 15, 2026","CERT-2026-0111","Distinction","Track Finalist","Horizon Systems"
"Gabriel Garcia","gabriel.garcia@example.com","Cybersecurity Defense Essentials","FutureTech Leadership Forum","March 15, 2026","CERT-2026-0112","Honors","Honorary Fellow","Vanguard Security"
"Zoe Wang","zoe.wang@example.com","UI/UX Product Design Masterclass","Global Tech Summit 2026","March 15, 2026","CERT-2026-0113","Excellence","Attendee","PixelCraft Studio"
"Priya Chakraborty","priya.chakraborty@example.com","Machine Learning Ops (MLOps)","AI Innovators Hackathon","March 15, 2026","CERT-2026-0114","Merit","Participant","Quantum Dynamics"
"Mason Stewart","mason.stewart@example.com","Modern DevOps & Kubernetes","CloudCon Annual 2026","March 15, 2026","CERT-2026-0115","High Distinction","Winner - 1st Place","NovaTech Global"
"Logan Thomas","logan.thomas@example.com","Blockchain & Smart Contracts","CyberSec Expo 2026","March 15, 2026","CERT-2026-0116","Distinction","Runner Up","Apex Digital"
"Mason Kapoor","mason.kapoor@example.com","Distributed Systems Engineering","DesignSprint 2026","March 15, 2026","CERT-2026-0117","Honors","Speaker","Synthetix AI"
"Michael Torres","michael.torres@example.com","Next.js & React 19 Enterprise Patterns","DevOps Days 2026","March 15, 2026","CERT-2026-0118","Excellence","Track Finalist","Starlight Ventures"
"Jack Agarwal","jack.agarwal@example.com","Autonomous Systems & Robotics","Web3 Builders Summit","March 15, 2026","CERT-2026-0119","Merit","Honorary Fellow","OmniCorp Research"
"David Venkatesh","david.venkatesh@example.com","Applied Quantum Computing","FutureTech Leadership Forum","March 15, 2026","CERT-2026-0120","High Distinction","Attendee","Aether Interactive"
"Victor Nguyen","victor.nguyen@example.com","Full Stack Web Development","Global Tech Summit 2026","March 15, 2026","CERT-2026-0121","Distinction","Participant","Acme Corporation"
"Grace Price","grace.price@example.com","Data Science & AI Bootcamp","AI Innovators Hackathon","March 15, 2026","CERT-2026-0122","Honors","Winner - 1st Place","Nexus Labs"
"Charlotte Young","charlotte.young@example.com","Cloud Architecture Mastery","CloudCon Annual 2026","March 15, 2026","CERT-2026-0123","Excellence","Runner Up","Horizon Systems"
"Michael Morgan","michael.morgan@example.com","Cybersecurity Defense Essentials","CyberSec Expo 2026","March 15, 2026","CERT-2026-0124","Merit","Speaker","Vanguard Security"
"Jonathan Kapoor","jonathan.kapoor@example.com","UI/UX Product Design Masterclass","DesignSprint 2026","March 15, 2026","CERT-2026-0125","High Distinction","Track Finalist","PixelCraft Studio"
"Logan Campbell","logan.campbell@example.com","Machine Learning Ops (MLOps)","DevOps Days 2026","March 15, 2026","CERT-2026-0126","Distinction","Honorary Fellow","Quantum Dynamics"
"Karan James","karan.james@example.com","Modern DevOps & Kubernetes","Web3 Builders Summit","March 15, 2026","CERT-2026-0127","Honors","Attendee","NovaTech Global"
"Priya Johnson","priya.johnson@example.com","Blockchain & Smart Contracts","FutureTech Leadership Forum","March 15, 2026","CERT-2026-0128","Excellence","Participant","Apex Digital"
"Eli Bell","eli.bell@example.com","Distributed Systems Engineering","Global Tech Summit 2026","March 15, 2026","CERT-2026-0129","Merit","Winner - 1st Place","Synthetix AI"
"Aria James","aria.james@example.com","Next.js & React 19 Enterprise Patterns","AI Innovators Hackathon","March 15, 2026","CERT-2026-0130","High Distinction","Runner Up","Starlight Ventures"
"Harper King","harper.king@example.com","Autonomous Systems & Robotics","CloudCon Annual 2026","March 15, 2026","CERT-2026-0131","Distinction","Speaker","OmniCorp Research"
"Aidan Walker","aidan.walker@example.com","Applied Quantum Computing","CyberSec Expo 2026","March 15, 2026","CERT-2026-0132","Honors","Track Finalist","Aether Interactive"
"Alexander Diaz","alexander.diaz@example.com","Full Stack Web Development","DesignSprint 2026","March 15, 2026","CERT-2026-0133","Excellence","Honorary Fellow","Acme Corporation"
"Dominic Perez","dominic.perez@example.com","Data Science & AI Bootcamp","DevOps Days 2026","March 15, 2026","CERT-2026-0134","Merit","Attendee","Nexus Labs"
"Alexander Bhatia","alexander.bhatia@example.com","Cloud Architecture Mastery","Web3 Builders Summit","March 15, 2026","CERT-2026-0135","High Distinction","Participant","Horizon Systems"
"Jonathan Miller","jonathan.miller@example.com","Cybersecurity Defense Essentials","FutureTech Leadership Forum","March 15, 2026","CERT-2026-0136","Distinction","Winner - 1st Place","Vanguard Security"
"Aaron Cooper","aaron.cooper@example.com","UI/UX Product Design Masterclass","Global Tech Summit 2026","March 15, 2026","CERT-2026-0137","Honors","Runner Up","PixelCraft Studio"
"Brianna Hernandez","brianna.hernandez@example.com","Machine Learning Ops (MLOps)","AI Innovators Hackathon","March 15, 2026","CERT-2026-0138","Excellence","Speaker","Quantum Dynamics"
"Amara Coleman","amara.coleman@example.com","Modern DevOps & Kubernetes","CloudCon Annual 2026","March 15, 2026","CERT-2026-0139","Merit","Track Finalist","NovaTech Global"
"Katelyn Young","katelyn.young@example.com","Blockchain & Smart Contracts","CyberSec Expo 2026","March 15, 2026","CERT-2026-0140","High Distinction","Honorary Fellow","Apex Digital"
"Priya Hayes","priya.hayes@example.com","Distributed Systems Engineering","DesignSprint 2026","March 15, 2026","CERT-2026-0141","Distinction","Attendee","Synthetix AI"
"Kayla Brown","kayla.brown@example.com","Next.js & React 19 Enterprise Patterns","DevOps Days 2026","March 15, 2026","CERT-2026-0142","Honors","Participant","Starlight Ventures"
"Connor Sharma","connor.sharma@example.com","Autonomous Systems & Robotics","Web3 Builders Summit","March 15, 2026","CERT-2026-0143","Excellence","Winner - 1st Place","OmniCorp Research"
"Alex Kim","alex.kim@example.com","Applied Quantum Computing","FutureTech Leadership Forum","March 15, 2026","CERT-2026-0144","Merit","Runner Up","Aether Interactive"
"Benjamin Banerjee","benjamin.banerjee@example.com","Full Stack Web Development","Global Tech Summit 2026","March 15, 2026","CERT-2026-0145","High Distinction","Speaker","Acme Corporation"
"Derek Okafor","derek.okafor@example.com","Data Science & AI Bootcamp","AI Innovators Hackathon","March 15, 2026","CERT-2026-0146","Distinction","Track Finalist","Nexus Labs"
"Karan Murphy","karan.murphy@example.com","Cloud Architecture Mastery","CloudCon Annual 2026","March 15, 2026","CERT-2026-0147","Honors","Honorary Fellow","Horizon Systems"
"Alexander Smith","alexander.smith@example.com","Cybersecurity Defense Essentials","CyberSec Expo 2026","March 15, 2026","CERT-2026-0148","Excellence","Attendee","Vanguard Security"
"Jordan Long","jordan.long@example.com","UI/UX Product Design Masterclass","DesignSprint 2026","March 15, 2026","CERT-2026-0149","Merit","Participant","PixelCraft Studio"
"Wyatt Okafor","wyatt.okafor@example.com","Machine Learning Ops (MLOps)","DevOps Days 2026","March 15, 2026","CERT-2026-0150","High Distinction","Winner - 1st Place","Quantum Dynamics"
"Mason Hill","mason.hill@example.com","Modern DevOps & Kubernetes","Web3 Builders Summit","March 15, 2026","CERT-2026-0151","Distinction","Runner Up","NovaTech Global"
"Adam Turner","adam.turner@example.com","Blockchain & Smart Contracts","FutureTech Leadership Forum","March 15, 2026","CERT-2026-0152","Honors","Speaker","Apex Digital"
"Rohan Agarwal","rohan.agarwal@example.com","Distributed Systems Engineering","Global Tech Summit 2026","March 15, 2026","CERT-2026-0153","Excellence","Track Finalist","Synthetix AI"
"Joshua Wood","joshua.wood@example.com","Next.js & React 19 Enterprise Patterns","AI Innovators Hackathon","March 15, 2026","CERT-2026-0154","Merit","Honorary Fellow","Starlight Ventures"
"Alexander Wood","alexander.wood@example.com","Autonomous Systems & Robotics","CloudCon Annual 2026","March 15, 2026","CERT-2026-0155","High Distinction","Attendee","OmniCorp Research"
"Dominic Bhatia","dominic.bhatia@example.com","Applied Quantum Computing","CyberSec Expo 2026","March 15, 2026","CERT-2026-0156","Distinction","Participant","Aether Interactive"
"Arjun Ward","arjun.ward@example.com","Full Stack Web Development","DesignSprint 2026","March 15, 2026","CERT-2026-0157","Honors","Winner - 1st Place","Acme Corporation"
"Arthur James","arthur.james@example.com","Data Science & AI Bootcamp","DevOps Days 2026","March 15, 2026","CERT-2026-0158","Excellence","Runner Up","Nexus Labs"
"Jasmine Sharma","jasmine.sharma@example.com","Cloud Architecture Mastery","Web3 Builders Summit","March 15, 2026","CERT-2026-0159","Merit","Speaker","Horizon Systems"
"Anthony Sanchez","anthony.sanchez@example.com","Cybersecurity Defense Essentials","FutureTech Leadership Forum","March 15, 2026","CERT-2026-0160","High Distinction","Track Finalist","Vanguard Security"
"Michael Ortiz","michael.ortiz@example.com","UI/UX Product Design Masterclass","Global Tech Summit 2026","March 15, 2026","CERT-2026-0161","Distinction","Honorary Fellow","PixelCraft Studio"
"Dylan Jones","dylan.jones@example.com","Machine Learning Ops (MLOps)","AI Innovators Hackathon","March 15, 2026","CERT-2026-0162","Honors","Attendee","Quantum Dynamics"
"Victoria Flores","victoria.flores@example.com","Modern DevOps & Kubernetes","CloudCon Annual 2026","March 15, 2026","CERT-2026-0163","Excellence","Participant","NovaTech Global"
"Kyle Martin","kyle.martin@example.com","Blockchain & Smart Contracts","CyberSec Expo 2026","March 15, 2026","CERT-2026-0164","Merit","Winner - 1st Place","Apex Digital"
"Benjamin Reed","benjamin.reed@example.com","Distributed Systems Engineering","DesignSprint 2026","March 15, 2026","CERT-2026-0165","High Distinction","Runner Up","Synthetix AI"
"Dylan Silva","dylan.silva@example.com","Next.js & React 19 Enterprise Patterns","DevOps Days 2026","March 15, 2026","CERT-2026-0166","Distinction","Speaker","Starlight Ventures"
"Chloe Russell","chloe.russell@example.com","Autonomous Systems & Robotics","Web3 Builders Summit","March 15, 2026","CERT-2026-0167","Honors","Track Finalist","OmniCorp Research"
"Sam Park","sam.park@example.com","Applied Quantum Computing","FutureTech Leadership Forum","March 15, 2026","CERT-2026-0168","Excellence","Honorary Fellow","Aether Interactive"
"Grace Stewart","grace.stewart@example.com","Full Stack Web Development","Global Tech Summit 2026","March 15, 2026","CERT-2026-0169","Merit","Attendee","Acme Corporation"
"Katelyn Brown","katelyn.brown@example.com","Data Science & AI Bootcamp","AI Innovators Hackathon","March 15, 2026","CERT-2026-0170","High Distinction","Participant","Nexus Labs"
"Mila Park","mila.park@example.com","Cloud Architecture Mastery","CloudCon Annual 2026","March 15, 2026","CERT-2026-0171","Distinction","Winner - 1st Place","Horizon Systems"
"Claire Young","claire.young@example.com","Cybersecurity Defense Essentials","CyberSec Expo 2026","March 15, 2026","CERT-2026-0172","Honors","Runner Up","Vanguard Security"
"Austin Ramirez","austin.ramirez@example.com","UI/UX Product Design Masterclass","DesignSprint 2026","March 15, 2026","CERT-2026-0173","Excellence","Speaker","PixelCraft Studio"
"Julian Martin","julian.martin@example.com","Machine Learning Ops (MLOps)","DevOps Days 2026","March 15, 2026","CERT-2026-0174","Merit","Track Finalist","Quantum Dynamics"
"Nolan Wang","nolan.wang@example.com","Modern DevOps & Kubernetes","Web3 Builders Summit","March 15, 2026","CERT-2026-0175","High Distinction","Honorary Fellow","NovaTech Global"
"Daniel James","daniel.james@example.com","Blockchain & Smart Contracts","FutureTech Leadership Forum","March 15, 2026","CERT-2026-0176","Distinction","Attendee","Apex Digital"
"Jasmine Alvarez","jasmine.alvarez@example.com","Distributed Systems Engineering","Global Tech Summit 2026","March 15, 2026","CERT-2026-0177","Honors","Participant","Synthetix AI"
"Ryan Agarwal","ryan.agarwal@example.com","Next.js & React 19 Enterprise Patterns","AI Innovators Hackathon","March 15, 2026","CERT-2026-0178","Excellence","Winner - 1st Place","Starlight Ventures"
"Xavier Silva","xavier.silva@example.com","Autonomous Systems & Robotics","CloudCon Annual 2026","March 15, 2026","CERT-2026-0179","Merit","Runner Up","OmniCorp Research"
"Luke Edwards","luke.edwards@example.com","Applied Quantum Computing","CyberSec Expo 2026","March 15, 2026","CERT-2026-0180","High Distinction","Speaker","Aether Interactive"
"Xavier Williams","xavier.williams@example.com","Full Stack Web Development","DesignSprint 2026","March 15, 2026","CERT-2026-0181","Distinction","Track Finalist","Acme Corporation"
"Marcus Foster","marcus.foster@example.com","Data Science & AI Bootcamp","DevOps Days 2026","March 15, 2026","CERT-2026-0182","Honors","Honorary Fellow","Nexus Labs"
"Elena Flores","elena.flores@example.com","Cloud Architecture Mastery","Web3 Builders Summit","March 15, 2026","CERT-2026-0183","Excellence","Attendee","Horizon Systems"
"Gabriel Hughes","gabriel.hughes@example.com","Cybersecurity Defense Essentials","FutureTech Leadership Forum","March 15, 2026","CERT-2026-0184","Merit","Participant","Vanguard Security"
"Nora Flores","nora.flores@example.com","UI/UX Product Design Masterclass","Global Tech Summit 2026","March 15, 2026","CERT-2026-0185","High Distinction","Winner - 1st Place","PixelCraft Studio"
"Valerie Rao","valerie.rao@example.com","Machine Learning Ops (MLOps)","AI Innovators Hackathon","March 15, 2026","CERT-2026-0186","Distinction","Runner Up","Quantum Dynamics"
"Nathan Evans","nathan.evans@example.com","Modern DevOps & Kubernetes","CloudCon Annual 2026","March 15, 2026","CERT-2026-0187","Honors","Speaker","NovaTech Global"
"Dylan Mitra","dylan.mitra@example.com","Blockchain & Smart Contracts","CyberSec Expo 2026","March 15, 2026","CERT-2026-0188","Excellence","Track Finalist","Apex Digital"
"James Miller","james.miller@example.com","Distributed Systems Engineering","DesignSprint 2026","March 15, 2026","CERT-2026-0189","Merit","Honorary Fellow","Synthetix AI"
"Alexander Mitra","alexander.mitra@example.com","Next.js & React 19 Enterprise Patterns","DevOps Days 2026","March 15, 2026","CERT-2026-0190","High Distinction","Attendee","Starlight Ventures"
"Arthur Gupta","arthur.gupta@example.com","Autonomous Systems & Robotics","Web3 Builders Summit","March 15, 2026","CERT-2026-0191","Distinction","Participant","OmniCorp Research"
"Mila Taylor","mila.taylor@example.com","Applied Quantum Computing","FutureTech Leadership Forum","March 15, 2026","CERT-2026-0192","Honors","Winner - 1st Place","Aether Interactive"
"Hannah Venkatesh","hannah.venkatesh@example.com","Full Stack Web Development","Global Tech Summit 2026","March 15, 2026","CERT-2026-0193","Excellence","Runner Up","Acme Corporation"
"Kai Stewart","kai.stewart@example.com","Data Science & AI Bootcamp","AI Innovators Hackathon","March 15, 2026","CERT-2026-0194","Merit","Speaker","Nexus Labs"
"Olivia Alvarez","olivia.alvarez@example.com","Cloud Architecture Mastery","CloudCon Annual 2026","March 15, 2026","CERT-2026-0195","High Distinction","Track Finalist","Horizon Systems"
"Vikram Reed","vikram.reed@example.com","Cybersecurity Defense Essentials","CyberSec Expo 2026","March 15, 2026","CERT-2026-0196","Distinction","Honorary Fellow","Vanguard Security"
"Abigail Hughes","abigail.hughes@example.com","UI/UX Product Design Masterclass","DesignSprint 2026","March 15, 2026","CERT-2026-0197","Honors","Attendee","PixelCraft Studio"
"Kyle Fernandez","kyle.fernandez@example.com","Machine Learning Ops (MLOps)","DevOps Days 2026","March 15, 2026","CERT-2026-0198","Excellence","Participant","Quantum Dynamics"
"Grace Turner","grace.turner@example.com","Modern DevOps & Kubernetes","Web3 Builders Summit","March 15, 2026","CERT-2026-0199","Merit","Winner - 1st Place","NovaTech Global"
"Jayden Ramachandran","jayden.ramachandran@example.com","Blockchain & Smart Contracts","FutureTech Leadership Forum","March 15, 2026","CERT-2026-0200","High Distinction","Runner Up","Apex Digital"
"Christian Jackson","christian.jackson@example.com","Distributed Systems Engineering","Global Tech Summit 2026","March 15, 2026","CERT-2026-0201","Distinction","Speaker","Synthetix AI"
"Brandon Smith","brandon.smith@example.com","Next.js & React 19 Enterprise Patterns","AI Innovators Hackathon","March 15, 2026","CERT-2026-0202","Honors","Track Finalist","Starlight Ventures"
"Katelyn Kelly","katelyn.kelly@example.com","Autonomous Systems & Robotics","CloudCon Annual 2026","March 15, 2026","CERT-2026-0203","Excellence","Honorary Fellow","OmniCorp Research"
"Zoe Baker","zoe.baker@example.com","Applied Quantum Computing","CyberSec Expo 2026","March 15, 2026","CERT-2026-0204","Merit","Attendee","Aether Interactive"
"Harper Kim","harper.kim@example.com","Full Stack Web Development","DesignSprint 2026","March 15, 2026","CERT-2026-0205","High Distinction","Participant","Acme Corporation"
"Eleanor Rodriguez","eleanor.rodriguez@example.com","Data Science & AI Bootcamp","DevOps Days 2026","March 15, 2026","CERT-2026-0206","Distinction","Winner - 1st Place","Nexus Labs"
"Luke Sanders","luke.sanders@example.com","Cloud Architecture Mastery","Web3 Builders Summit","March 15, 2026","CERT-2026-0207","Honors","Runner Up","Horizon Systems"
"Victoria Sanders","victoria.sanders@example.com","Cybersecurity Defense Essentials","FutureTech Leadership Forum","March 15, 2026","CERT-2026-0208","Excellence","Speaker","Vanguard Security"
"Marcus Vance","marcus.vance@example.com","UI/UX Product Design Masterclass","Global Tech Summit 2026","March 15, 2026","CERT-2026-0209","Merit","Track Finalist","PixelCraft Studio"
"Austin Lopez","austin.lopez@example.com","Machine Learning Ops (MLOps)","AI Innovators Hackathon","March 15, 2026","CERT-2026-0210","High Distinction","Honorary Fellow","Quantum Dynamics"
"Suresh Jones","suresh.jones@example.com","Modern DevOps & Kubernetes","CloudCon Annual 2026","March 15, 2026","CERT-2026-0211","Distinction","Attendee","NovaTech Global"
"Mateo Kumar","mateo.kumar@example.com","Blockchain & Smart Contracts","CyberSec Expo 2026","March 15, 2026","CERT-2026-0212","Honors","Participant","Apex Digital"
"Devon Silva","devon.silva@example.com","Distributed Systems Engineering","DesignSprint 2026","March 15, 2026","CERT-2026-0213","Excellence","Winner - 1st Place","Synthetix AI"
"Daniel Hernandez","daniel.hernandez@example.com","Next.js & React 19 Enterprise Patterns","DevOps Days 2026","March 15, 2026","CERT-2026-0214","Merit","Runner Up","Starlight Ventures"
"Samuel Hernandez","samuel.hernandez@example.com","Autonomous Systems & Robotics","Web3 Builders Summit","March 15, 2026","CERT-2026-0215","High Distinction","Speaker","OmniCorp Research"
"Evan Harris","evan.harris@example.com","Applied Quantum Computing","FutureTech Leadership Forum","March 15, 2026","CERT-2026-0216","Distinction","Track Finalist","Aether Interactive"
"William Diaz","william.diaz@example.com","Full Stack Web Development","Global Tech Summit 2026","March 15, 2026","CERT-2026-0217","Honors","Honorary Fellow","Acme Corporation"
"Aurora Watson","aurora.watson@example.com","Data Science & AI Bootcamp","AI Innovators Hackathon","March 15, 2026","CERT-2026-0218","Excellence","Attendee","Nexus Labs"
"Owen Banerjee","owen.banerjee@example.com","Cloud Architecture Mastery","CloudCon Annual 2026","March 15, 2026","CERT-2026-0219","Merit","Participant","Horizon Systems"
"Lucas Cooper","lucas.cooper@example.com","Cybersecurity Defense Essentials","CyberSec Expo 2026","March 15, 2026","CERT-2026-0220","High Distinction","Winner - 1st Place","Vanguard Security"
"Elena Hernandez","elena.hernandez@example.com","UI/UX Product Design Masterclass","DesignSprint 2026","March 15, 2026","CERT-2026-0221","Distinction","Runner Up","PixelCraft Studio"
"Isaac Ross","isaac.ross@example.com","Machine Learning Ops (MLOps)","DevOps Days 2026","March 15, 2026","CERT-2026-0222","Honors","Speaker","Quantum Dynamics"
"Aditi Bell","aditi.bell@example.com","Modern DevOps & Kubernetes","Web3 Builders Summit","March 15, 2026","CERT-2026-0223","Excellence","Track Finalist","NovaTech Global"
"Vikram Alvarez","vikram.alvarez@example.com","Blockchain & Smart Contracts","FutureTech Leadership Forum","March 15, 2026","CERT-2026-0224","Merit","Honorary Fellow","Apex Digital"
"Vikram Gray","vikram.gray@example.com","Distributed Systems Engineering","Global Tech Summit 2026","March 15, 2026","CERT-2026-0225","High Distinction","Attendee","Synthetix AI"
"Elena Hughes","elena.hughes@example.com","Next.js & React 19 Enterprise Patterns","AI Innovators Hackathon","March 15, 2026","CERT-2026-0226","Distinction","Participant","Starlight Ventures"
"Christian Bennett","christian.bennett@example.com","Autonomous Systems & Robotics","CloudCon Annual 2026","March 15, 2026","CERT-2026-0227","Honors","Winner - 1st Place","OmniCorp Research"
"Grace Chen","grace.chen@example.com","Applied Quantum Computing","CyberSec Expo 2026","March 15, 2026","CERT-2026-0228","Excellence","Runner Up","Aether Interactive"
"Kai Roy","kai.roy@example.com","Full Stack Web Development","DesignSprint 2026","March 15, 2026","CERT-2026-0229","Merit","Speaker","Acme Corporation"
"Ian Powell","ian.powell@example.com","Data Science & AI Bootcamp","DevOps Days 2026","March 15, 2026","CERT-2026-0230","High Distinction","Track Finalist","Nexus Labs"
"Arthur Sanchez","arthur.sanchez@example.com","Cloud Architecture Mastery","Web3 Builders Summit","March 15, 2026","CERT-2026-0231","Distinction","Honorary Fellow","Horizon Systems"
"Dominic Diaz","dominic.diaz@example.com","Cybersecurity Defense Essentials","FutureTech Leadership Forum","March 15, 2026","CERT-2026-0232","Honors","Attendee","Vanguard Security"
"Ava Vance","ava.vance@example.com","UI/UX Product Design Masterclass","Global Tech Summit 2026","March 15, 2026","CERT-2026-0233","Excellence","Participant","PixelCraft Studio"
"Isabella Sharma","isabella.sharma@example.com","Machine Learning Ops (MLOps)","AI Innovators Hackathon","March 15, 2026","CERT-2026-0234","Merit","Winner - 1st Place","Quantum Dynamics"
"Aria Wright","aria.wright@example.com","Modern DevOps & Kubernetes","CloudCon Annual 2026","March 15, 2026","CERT-2026-0235","High Distinction","Runner Up","NovaTech Global"
"David Lee","david.lee@example.com","Blockchain & Smart Contracts","CyberSec Expo 2026","March 15, 2026","CERT-2026-0236","Distinction","Speaker","Apex Digital"
"Sebastian Ortiz","sebastian.ortiz@example.com","Distributed Systems Engineering","DesignSprint 2026","March 15, 2026","CERT-2026-0237","Honors","Track Finalist","Synthetix AI"
"Xavier Ramirez","xavier.ramirez@example.com","Next.js & React 19 Enterprise Patterns","DevOps Days 2026","March 15, 2026","CERT-2026-0238","Excellence","Honorary Fellow","Starlight Ventures"
"Kevin Taylor","kevin.taylor@example.com","Autonomous Systems & Robotics","Web3 Builders Summit","March 15, 2026","CERT-2026-0239","Merit","Attendee","OmniCorp Research"
"Xavier Bhatia","xavier.bhatia@example.com","Applied Quantum Computing","FutureTech Leadership Forum","March 15, 2026","CERT-2026-0240","High Distinction","Participant","Aether Interactive"
"Liam Gomez","liam.gomez@example.com","Full Stack Web Development","Global Tech Summit 2026","March 15, 2026","CERT-2026-0241","Distinction","Winner - 1st Place","Acme Corporation"
"Julia Nair","julia.nair@example.com","Data Science & AI Bootcamp","AI Innovators Hackathon","March 15, 2026","CERT-2026-0242","Honors","Runner Up","Nexus Labs"
"Karan Walker","karan.walker@example.com","Cloud Architecture Mastery","CloudCon Annual 2026","March 15, 2026","CERT-2026-0243","Excellence","Speaker","Horizon Systems"
"Ella Bennett","ella.bennett@example.com","Cybersecurity Defense Essentials","CyberSec Expo 2026","March 15, 2026","CERT-2026-0244","Merit","Track Finalist","Vanguard Security"
"Valerie Thomas","valerie.thomas@example.com","UI/UX Product Design Masterclass","DesignSprint 2026","March 15, 2026","CERT-2026-0245","High Distinction","Honorary Fellow","PixelCraft Studio"
"Madeline Evans","madeline.evans@example.com","Machine Learning Ops (MLOps)","DevOps Days 2026","March 15, 2026","CERT-2026-0246","Distinction","Attendee","Quantum Dynamics"
"Priya Peterson","priya.peterson@example.com","Modern DevOps & Kubernetes","Web3 Builders Summit","March 15, 2026","CERT-2026-0247","Honors","Participant","NovaTech Global"
"Aurora Ward","aurora.ward@example.com","Blockchain & Smart Contracts","FutureTech Leadership Forum","March 15, 2026","CERT-2026-0248","Excellence","Winner - 1st Place","Apex Digital"
"Sebastian Bell","sebastian.bell@example.com","Distributed Systems Engineering","Global Tech Summit 2026","March 15, 2026","CERT-2026-0249","Merit","Runner Up","Synthetix AI"
"Hannah Sanders","hannah.sanders@example.com","Next.js & React 19 Enterprise Patterns","AI Innovators Hackathon","March 15, 2026","CERT-2026-0250","High Distinction","Speaker","Starlight Ventures"
"Claire Sullivan","claire.sullivan@example.com","Autonomous Systems & Robotics","CloudCon Annual 2026","March 15, 2026","CERT-2026-0251","Distinction","Track Finalist","OmniCorp Research"
"Mason Nair","mason.nair@example.com","Applied Quantum Computing","CyberSec Expo 2026","March 15, 2026","CERT-2026-0252","Honors","Honorary Fellow","Aether Interactive"
"Kayla Nguyen","kayla.nguyen@example.com","Full Stack Web Development","DesignSprint 2026","March 15, 2026","CERT-2026-0253","Excellence","Attendee","Acme Corporation"
"Madeline Agarwal","madeline.agarwal@example.com","Data Science & AI Bootcamp","DevOps Days 2026","March 15, 2026","CERT-2026-0254","Merit","Participant","Nexus Labs"
"Angela Nair","angela.nair@example.com","Cloud Architecture Mastery","Web3 Builders Summit","March 15, 2026","CERT-2026-0255","High Distinction","Winner - 1st Place","Horizon Systems"
"Alex Perez","alex.perez@example.com","Cybersecurity Defense Essentials","FutureTech Leadership Forum","March 15, 2026","CERT-2026-0256","Distinction","Runner Up","Vanguard Security"
"Valerie Joshi","valerie.joshi@example.com","UI/UX Product Design Masterclass","Global Tech Summit 2026","March 15, 2026","CERT-2026-0257","Honors","Speaker","PixelCraft Studio"
"Liam Sharma","liam.sharma@example.com","Machine Learning Ops (MLOps)","AI Innovators Hackathon","March 15, 2026","CERT-2026-0258","Excellence","Track Finalist","Quantum Dynamics"
"Mila Gray","mila.gray@example.com","Modern DevOps & Kubernetes","CloudCon Annual 2026","March 15, 2026","CERT-2026-0259","Merit","Honorary Fellow","NovaTech Global"
"Abigail Hill","abigail.hill@example.com","Blockchain & Smart Contracts","CyberSec Expo 2026","March 15, 2026","CERT-2026-0260","High Distinction","Attendee","Apex Digital"
"Arthur Roy","arthur.roy@example.com","Distributed Systems Engineering","DesignSprint 2026","March 15, 2026","CERT-2026-0261","Distinction","Participant","Synthetix AI"
"Sophia Clark","sophia.clark@example.com","Next.js & React 19 Enterprise Patterns","DevOps Days 2026","March 15, 2026","CERT-2026-0262","Honors","Winner - 1st Place","Starlight Ventures"
"Connor Martinez","connor.martinez@example.com","Autonomous Systems & Robotics","Web3 Builders Summit","March 15, 2026","CERT-2026-0263","Excellence","Runner Up","OmniCorp Research"
"Luna Kelly","luna.kelly@example.com","Applied Quantum Computing","FutureTech Leadership Forum","March 15, 2026","CERT-2026-0264","Merit","Speaker","Aether Interactive"
"Kevin Vance","kevin.vance@example.com","Full Stack Web Development","Global Tech Summit 2026","March 15, 2026","CERT-2026-0265","High Distinction","Track Finalist","Acme Corporation"
"Arthur Hayes","arthur.hayes@example.com","Data Science & AI Bootcamp","AI Innovators Hackathon","March 15, 2026","CERT-2026-0266","Distinction","Honorary Fellow","Nexus Labs"
"Priya Hall","priya.hall@example.com","Cloud Architecture Mastery","CloudCon Annual 2026","March 15, 2026","CERT-2026-0267","Honors","Attendee","Horizon Systems"
"Elena Sanchez","elena.sanchez@example.com","Cybersecurity Defense Essentials","CyberSec Expo 2026","March 15, 2026","CERT-2026-0268","Excellence","Participant","Vanguard Security"
"Ian Harris","ian.harris@example.com","UI/UX Product Design Masterclass","DesignSprint 2026","March 15, 2026","CERT-2026-0269","Merit","Winner - 1st Place","PixelCraft Studio"
"Katelyn Nguyen","katelyn.nguyen@example.com","Machine Learning Ops (MLOps)","DevOps Days 2026","March 15, 2026","CERT-2026-0270","High Distinction","Runner Up","Quantum Dynamics"
"Henry James","henry.james@example.com","Modern DevOps & Kubernetes","Web3 Builders Summit","March 15, 2026","CERT-2026-0271","Distinction","Speaker","NovaTech Global"
"Alexander Lewis","alexander.lewis@example.com","Blockchain & Smart Contracts","FutureTech Leadership Forum","March 15, 2026","CERT-2026-0272","Honors","Track Finalist","Apex Digital"
"Mila Walker","mila.walker@example.com","Distributed Systems Engineering","Global Tech Summit 2026","March 15, 2026","CERT-2026-0273","Excellence","Honorary Fellow","Synthetix AI"
"Aidan Lee","aidan.lee@example.com","Next.js & React 19 Enterprise Patterns","AI Innovators Hackathon","March 15, 2026","CERT-2026-0274","Merit","Attendee","Starlight Ventures"
"Sarah Roy","sarah.roy@example.com","Autonomous Systems & Robotics","CloudCon Annual 2026","March 15, 2026","CERT-2026-0275","High Distinction","Participant","OmniCorp Research"
"Daniel Brooks","daniel.brooks@example.com","Applied Quantum Computing","CyberSec Expo 2026","March 15, 2026","CERT-2026-0276","Distinction","Winner - 1st Place","Aether Interactive"
"John O'Connor","john.o.connor@example.com","Full Stack Web Development","DesignSprint 2026","March 15, 2026","CERT-2026-0277","Honors","Runner Up","Acme Corporation"
"Sarah Cooper","sarah.cooper@example.com","Data Science & AI Bootcamp","DevOps Days 2026","March 15, 2026","CERT-2026-0278","Excellence","Speaker","Nexus Labs"
"Oliver Watson","oliver.watson@example.com","Cloud Architecture Mastery","Web3 Builders Summit","March 15, 2026","CERT-2026-0279","Merit","Track Finalist","Horizon Systems"
"Evan Venkatesh","evan.venkatesh@example.com","Cybersecurity Defense Essentials","FutureTech Leadership Forum","March 15, 2026","CERT-2026-0280","High Distinction","Honorary Fellow","Vanguard Security"
"Kai Richardson","kai.richardson@example.com","UI/UX Product Design Masterclass","Global Tech Summit 2026","March 15, 2026","CERT-2026-0281","Distinction","Attendee","PixelCraft Studio"
"Priya Brown","priya.brown@example.com","Machine Learning Ops (MLOps)","AI Innovators Hackathon","March 15, 2026","CERT-2026-0282","Honors","Participant","Quantum Dynamics"
"Kayla Young","kayla.young@example.com","Modern DevOps & Kubernetes","CloudCon Annual 2026","March 15, 2026","CERT-2026-0283","Excellence","Winner - 1st Place","NovaTech Global"
"Austin Bell","austin.bell@example.com","Blockchain & Smart Contracts","CyberSec Expo 2026","March 15, 2026","CERT-2026-0284","Merit","Runner Up","Apex Digital"
"Sophia Foster","sophia.foster@example.com","Distributed Systems Engineering","DesignSprint 2026","March 15, 2026","CERT-2026-0285","High Distinction","Speaker","Synthetix AI"
"Angela Chakraborty","angela.chakraborty@example.com","Next.js & React 19 Enterprise Patterns","DevOps Days 2026","March 15, 2026","CERT-2026-0286","Distinction","Track Finalist","Starlight Ventures"
"Evan Baker","evan.baker@example.com","Autonomous Systems & Robotics","Web3 Builders Summit","March 15, 2026","CERT-2026-0287","Honors","Honorary Fellow","OmniCorp Research"
"Owen Gomez","owen.gomez@example.com","Applied Quantum Computing","FutureTech Leadership Forum","March 15, 2026","CERT-2026-0288","Excellence","Attendee","Aether Interactive"
"Amara Nair","amara.nair@example.com","Full Stack Web Development","Global Tech Summit 2026","March 15, 2026","CERT-2026-0289","Merit","Participant","Acme Corporation"
"Madeline Nair","madeline.nair@example.com","Data Science & AI Bootcamp","AI Innovators Hackathon","March 15, 2026","CERT-2026-0290","High Distinction","Winner - 1st Place","Nexus Labs"
"Ella Gupta","ella.gupta@example.com","Cloud Architecture Mastery","CloudCon Annual 2026","March 15, 2026","CERT-2026-0291","Distinction","Runner Up","Horizon Systems"
"Ryan Miller","ryan.miller@example.com","Cybersecurity Defense Essentials","CyberSec Expo 2026","March 15, 2026","CERT-2026-0292","Honors","Speaker","Vanguard Security"
"Caleb Howard","caleb.howard@example.com","UI/UX Product Design Masterclass","DesignSprint 2026","March 15, 2026","CERT-2026-0293","Excellence","Track Finalist","PixelCraft Studio"
"Benjamin Hall","benjamin.hall@example.com","Machine Learning Ops (MLOps)","DevOps Days 2026","March 15, 2026","CERT-2026-0294","Merit","Honorary Fellow","Quantum Dynamics"
"Alex Russell","alex.russell@example.com","Modern DevOps & Kubernetes","Web3 Builders Summit","March 15, 2026","CERT-2026-0295","High Distinction","Attendee","NovaTech Global"
"Kayla Stewart","kayla.stewart@example.com","Blockchain & Smart Contracts","FutureTech Leadership Forum","March 15, 2026","CERT-2026-0296","Distinction","Participant","Apex Digital"
"Rohan Hall","rohan.hall@example.com","Distributed Systems Engineering","Global Tech Summit 2026","March 15, 2026","CERT-2026-0297","Honors","Winner - 1st Place","Synthetix AI"
"Isabella Anderson","isabella.anderson@example.com","Next.js & React 19 Enterprise Patterns","AI Innovators Hackathon","March 15, 2026","CERT-2026-0298","Excellence","Runner Up","Starlight Ventures"
"Amelia Wood","amelia.wood@example.com","Autonomous Systems & Robotics","CloudCon Annual 2026","March 15, 2026","CERT-2026-0299","Merit","Speaker","OmniCorp Research"
"Ava Smith","ava.smith@example.com","Applied Quantum Computing","CyberSec Expo 2026","March 15, 2026","CERT-2026-0300","High Distinction","Track Finalist","Aether Interactive"
"Eli Rodriguez","eli.rodriguez@example.com","Full Stack Web Development","DesignSprint 2026","March 15, 2026","CERT-2026-0301","Distinction","Honorary Fellow","Acme Corporation"
"Carlos Hall","carlos.hall@example.com","Data Science & AI Bootcamp","DevOps Days 2026","March 15, 2026","CERT-2026-0302","Honors","Attendee","Nexus Labs"
"Jasmine Vance","jasmine.vance@example.com","Cloud Architecture Mastery","Web3 Builders Summit","March 15, 2026","CERT-2026-0303","Excellence","Participant","Horizon Systems"
"Daniel Reed","daniel.reed@example.com","Cybersecurity Defense Essentials","FutureTech Leadership Forum","March 15, 2026","CERT-2026-0304","Merit","Winner - 1st Place","Vanguard Security"
"Layla Vance","layla.vance@example.com","UI/UX Product Design Masterclass","Global Tech Summit 2026","March 15, 2026","CERT-2026-0305","High Distinction","Runner Up","PixelCraft Studio"
"Jacob Thomas","jacob.thomas@example.com","Machine Learning Ops (MLOps)","AI Innovators Hackathon","March 15, 2026","CERT-2026-0306","Distinction","Speaker","Quantum Dynamics"
"Lucas Gray","lucas.gray@example.com","Modern DevOps & Kubernetes","CloudCon Annual 2026","March 15, 2026","CERT-2026-0307","Honors","Track Finalist","NovaTech Global"
"Julia Lewis","julia.lewis@example.com","Blockchain & Smart Contracts","CyberSec Expo 2026","March 15, 2026","CERT-2026-0308","Excellence","Honorary Fellow","Apex Digital"
"Tyler Richardson","tyler.richardson@example.com","Distributed Systems Engineering","DesignSprint 2026","March 15, 2026","CERT-2026-0309","Merit","Attendee","Synthetix AI"
"Liam Joshi","liam.joshi@example.com","Next.js & React 19 Enterprise Patterns","DevOps Days 2026","March 15, 2026","CERT-2026-0310","High Distinction","Participant","Starlight Ventures"
"Claire Joshi","claire.joshi@example.com","Autonomous Systems & Robotics","Web3 Builders Summit","March 15, 2026","CERT-2026-0311","Distinction","Winner - 1st Place","OmniCorp Research"
"Santiago Hall","santiago.hall@example.com","Applied Quantum Computing","FutureTech Leadership Forum","March 15, 2026","CERT-2026-0312","Honors","Runner Up","Aether Interactive"
"Amelia Martinez","amelia.martinez@example.com","Full Stack Web Development","Global Tech Summit 2026","March 15, 2026","CERT-2026-0313","Excellence","Speaker","Acme Corporation"
"Ruby Adams","ruby.adams@example.com","Data Science & AI Bootcamp","AI Innovators Hackathon","March 15, 2026","CERT-2026-0314","Merit","Track Finalist","Nexus Labs"
"Adam Wang","adam.wang@example.com","Cloud Architecture Mastery","CloudCon Annual 2026","March 15, 2026","CERT-2026-0315","High Distinction","Honorary Fellow","Horizon Systems"
"Daniel Turner","daniel.turner@example.com","Cybersecurity Defense Essentials","CyberSec Expo 2026","March 15, 2026","CERT-2026-0316","Distinction","Attendee","Vanguard Security"
"Kyle Ramachandran","kyle.ramachandran@example.com","UI/UX Product Design Masterclass","DesignSprint 2026","March 15, 2026","CERT-2026-0317","Honors","Participant","PixelCraft Studio"
"Austin Campbell","austin.campbell@example.com","Machine Learning Ops (MLOps)","DevOps Days 2026","March 15, 2026","CERT-2026-0318","Excellence","Winner - 1st Place","Quantum Dynamics"
"Karan Reed","karan.reed@example.com","Modern DevOps & Kubernetes","Web3 Builders Summit","March 15, 2026","CERT-2026-0319","Merit","Runner Up","NovaTech Global"
"Suresh Turner","suresh.turner@example.com","Blockchain & Smart Contracts","FutureTech Leadership Forum","March 15, 2026","CERT-2026-0320","High Distinction","Speaker","Apex Digital"
"Nolan Walker","nolan.walker@example.com","Distributed Systems Engineering","Global Tech Summit 2026","March 15, 2026","CERT-2026-0321","Distinction","Track Finalist","Synthetix AI"
"Adam Das","adam.das@example.com","Next.js & React 19 Enterprise Patterns","AI Innovators Hackathon","March 15, 2026","CERT-2026-0322","Honors","Honorary Fellow","Starlight Ventures"
"Michael Gupta","michael.gupta@example.com","Autonomous Systems & Robotics","CloudCon Annual 2026","March 15, 2026","CERT-2026-0323","Excellence","Attendee","OmniCorp Research"
"James Joshi","james.joshi@example.com","Applied Quantum Computing","CyberSec Expo 2026","March 15, 2026","CERT-2026-0324","Merit","Participant","Aether Interactive"
"Rohan James","rohan.james@example.com","Full Stack Web Development","DesignSprint 2026","March 15, 2026","CERT-2026-0325","High Distinction","Winner - 1st Place","Acme Corporation"
"Noah Ortiz","noah.ortiz@example.com","Data Science & AI Bootcamp","DevOps Days 2026","March 15, 2026","CERT-2026-0326","Distinction","Runner Up","Nexus Labs"
"Christian Wright","christian.wright@example.com","Cloud Architecture Mastery","Web3 Builders Summit","March 15, 2026","CERT-2026-0327","Honors","Speaker","Horizon Systems"
"Austin O'Connor","austin.o.connor@example.com","Cybersecurity Defense Essentials","FutureTech Leadership Forum","March 15, 2026","CERT-2026-0328","Excellence","Track Finalist","Vanguard Security"
"Aaron Taylor","aaron.taylor@example.com","UI/UX Product Design Masterclass","Global Tech Summit 2026","March 15, 2026","CERT-2026-0329","Merit","Honorary Fellow","PixelCraft Studio"
"Noah Sanchez","noah.sanchez@example.com","Machine Learning Ops (MLOps)","AI Innovators Hackathon","March 15, 2026","CERT-2026-0330","High Distinction","Attendee","Quantum Dynamics"
"Aidan Alvarez","aidan.alvarez@example.com","Modern DevOps & Kubernetes","CloudCon Annual 2026","March 15, 2026","CERT-2026-0331","Distinction","Participant","NovaTech Global"
"Zachary Evans","zachary.evans@example.com","Blockchain & Smart Contracts","CyberSec Expo 2026","March 15, 2026","CERT-2026-0332","Honors","Winner - 1st Place","Apex Digital"
"Adam Zhang","adam.zhang@example.com","Distributed Systems Engineering","DesignSprint 2026","March 15, 2026","CERT-2026-0333","Excellence","Runner Up","Synthetix AI"
"Nora Baker","nora.baker@example.com","Next.js & React 19 Enterprise Patterns","DevOps Days 2026","March 15, 2026","CERT-2026-0334","Merit","Speaker","Starlight Ventures"
"Evan Johnson","evan.johnson@example.com","Autonomous Systems & Robotics","Web3 Builders Summit","March 15, 2026","CERT-2026-0335","High Distinction","Track Finalist","OmniCorp Research"
"Austin Vance","austin.vance@example.com","Applied Quantum Computing","FutureTech Leadership Forum","March 15, 2026","CERT-2026-0336","Distinction","Honorary Fellow","Aether Interactive"
"Tyler Kim","tyler.kim@example.com","Full Stack Web Development","Global Tech Summit 2026","March 15, 2026","CERT-2026-0337","Honors","Attendee","Acme Corporation"
"Ava Bhatia","ava.bhatia@example.com","Data Science & AI Bootcamp","AI Innovators Hackathon","March 15, 2026","CERT-2026-0338","Excellence","Participant","Nexus Labs"
"Devon O'Connor","devon.o.connor@example.com","Cloud Architecture Mastery","CloudCon Annual 2026","March 15, 2026","CERT-2026-0339","Merit","Winner - 1st Place","Horizon Systems"
"Zoe Hernandez","zoe.hernandez@example.com","Cybersecurity Defense Essentials","CyberSec Expo 2026","March 15, 2026","CERT-2026-0340","High Distinction","Runner Up","Vanguard Security"
"Anthony Nair","anthony.nair@example.com","UI/UX Product Design Masterclass","DesignSprint 2026","March 15, 2026","CERT-2026-0341","Distinction","Speaker","PixelCraft Studio"
"Cameron Murphy","cameron.murphy@example.com","Machine Learning Ops (MLOps)","DevOps Days 2026","March 15, 2026","CERT-2026-0342","Honors","Track Finalist","Quantum Dynamics"
"Henry Miller","henry.miller@example.com","Modern DevOps & Kubernetes","Web3 Builders Summit","March 15, 2026","CERT-2026-0343","Excellence","Honorary Fellow","NovaTech Global"
"Charlotte Sullivan","charlotte.sullivan@example.com","Blockchain & Smart Contracts","FutureTech Leadership Forum","March 15, 2026","CERT-2026-0344","Merit","Attendee","Apex Digital"
"Karan Diaz","karan.diaz@example.com","Distributed Systems Engineering","Global Tech Summit 2026","March 15, 2026","CERT-2026-0345","High Distinction","Participant","Synthetix AI"
"Victor Williams","victor.williams@example.com","Next.js & React 19 Enterprise Patterns","AI Innovators Hackathon","March 15, 2026","CERT-2026-0346","Distinction","Winner - 1st Place","Starlight Ventures"
"Madeline Ramachandran","madeline.ramachandran@example.com","Autonomous Systems & Robotics","CloudCon Annual 2026","March 15, 2026","CERT-2026-0347","Honors","Runner Up","OmniCorp Research"
"Alexander Nair","alexander.nair@example.com","Applied Quantum Computing","CyberSec Expo 2026","March 15, 2026","CERT-2026-0348","Excellence","Speaker","Aether Interactive"
"Aaliyah Banerjee","aaliyah.banerjee@example.com","Full Stack Web Development","DesignSprint 2026","March 15, 2026","CERT-2026-0349","Merit","Track Finalist","Acme Corporation"
"Dominic Martin","dominic.martin@example.com","Data Science & AI Bootcamp","DevOps Days 2026","March 15, 2026","CERT-2026-0350","High Distinction","Honorary Fellow","Nexus Labs"
"Gabriel Rao","gabriel.rao@example.com","Cloud Architecture Mastery","Web3 Builders Summit","March 15, 2026","CERT-2026-0351","Distinction","Attendee","Horizon Systems"
"Rohan Myers","rohan.myers@example.com","Cybersecurity Defense Essentials","FutureTech Leadership Forum","March 15, 2026","CERT-2026-0352","Honors","Participant","Vanguard Security"
"Sam Brooks","sam.brooks@example.com","UI/UX Product Design Masterclass","Global Tech Summit 2026","March 15, 2026","CERT-2026-0353","Excellence","Winner - 1st Place","PixelCraft Studio"
"Alexander Long","alexander.long@example.com","Machine Learning Ops (MLOps)","AI Innovators Hackathon","March 15, 2026","CERT-2026-0354","Merit","Runner Up","Quantum Dynamics"
"Adam Sanchez","adam.sanchez@example.com","Modern DevOps & Kubernetes","CloudCon Annual 2026","March 15, 2026","CERT-2026-0355","High Distinction","Speaker","NovaTech Global"
"Wyatt Adams","wyatt.adams@example.com","Blockchain & Smart Contracts","CyberSec Expo 2026","March 15, 2026","CERT-2026-0356","Distinction","Track Finalist","Apex Digital"
"Elena Lopez","elena.lopez@example.com","Distributed Systems Engineering","DesignSprint 2026","March 15, 2026","CERT-2026-0357","Honors","Honorary Fellow","Synthetix AI"
"Alexander Nelson","alexander.nelson@example.com","Next.js & React 19 Enterprise Patterns","DevOps Days 2026","March 15, 2026","CERT-2026-0358","Excellence","Attendee","Starlight Ventures"
"Hannah Ross","hannah.ross@example.com","Autonomous Systems & Robotics","Web3 Builders Summit","March 15, 2026","CERT-2026-0359","Merit","Participant","OmniCorp Research"
"Aaron Ross","aaron.ross@example.com","Applied Quantum Computing","FutureTech Leadership Forum","March 15, 2026","CERT-2026-0360","High Distinction","Winner - 1st Place","Aether Interactive"
"Isabella Gupta","isabella.gupta@example.com","Full Stack Web Development","Global Tech Summit 2026","March 15, 2026","CERT-2026-0361","Distinction","Runner Up","Acme Corporation"
"Dominic Roberts","dominic.roberts@example.com","Data Science & AI Bootcamp","AI Innovators Hackathon","March 15, 2026","CERT-2026-0362","Honors","Speaker","Nexus Labs"
"Kyle Murphy","kyle.murphy@example.com","Cloud Architecture Mastery","CloudCon Annual 2026","March 15, 2026","CERT-2026-0363","Excellence","Track Finalist","Horizon Systems"
"Carlos Ghosh","carlos.ghosh@example.com","Cybersecurity Defense Essentials","CyberSec Expo 2026","March 15, 2026","CERT-2026-0364","Merit","Honorary Fellow","Vanguard Security"
"Asher Cooper","asher.cooper@example.com","UI/UX Product Design Masterclass","DesignSprint 2026","March 15, 2026","CERT-2026-0365","High Distinction","Attendee","PixelCraft Studio"
"Layla Hernandez","layla.hernandez@example.com","Machine Learning Ops (MLOps)","DevOps Days 2026","March 15, 2026","CERT-2026-0366","Distinction","Participant","Quantum Dynamics"
"Christian Kelly","christian.kelly@example.com","Modern DevOps & Kubernetes","Web3 Builders Summit","March 15, 2026","CERT-2026-0367","Honors","Winner - 1st Place","NovaTech Global"
"Aria Agarwal","aria.agarwal@example.com","Blockchain & Smart Contracts","FutureTech Leadership Forum","March 15, 2026","CERT-2026-0368","Excellence","Runner Up","Apex Digital"
"Aaliyah James","aaliyah.james@example.com","Distributed Systems Engineering","Global Tech Summit 2026","March 15, 2026","CERT-2026-0369","Merit","Speaker","Synthetix AI"
"Logan Chakraborty","logan.chakraborty@example.com","Next.js & React 19 Enterprise Patterns","AI Innovators Hackathon","March 15, 2026","CERT-2026-0370","High Distinction","Track Finalist","Starlight Ventures"
"Kevin James","kevin.james@example.com","Autonomous Systems & Robotics","CloudCon Annual 2026","March 15, 2026","CERT-2026-0371","Distinction","Honorary Fellow","OmniCorp Research"
"Carlos Long","carlos.long@example.com","Applied Quantum Computing","CyberSec Expo 2026","March 15, 2026","CERT-2026-0372","Honors","Attendee","Aether Interactive"
"Jordan Patel","jordan.patel@example.com","Full Stack Web Development","DesignSprint 2026","March 15, 2026","CERT-2026-0373","Excellence","Participant","Acme Corporation"
"Nicholas Mitra","nicholas.mitra@example.com","Data Science & AI Bootcamp","DevOps Days 2026","March 15, 2026","CERT-2026-0374","Merit","Winner - 1st Place","Nexus Labs"
"Isaac Vance","isaac.vance@example.com","Cloud Architecture Mastery","Web3 Builders Summit","March 15, 2026","CERT-2026-0375","High Distinction","Runner Up","Horizon Systems"
"Joseph Hernandez","joseph.hernandez@example.com","Cybersecurity Defense Essentials","FutureTech Leadership Forum","March 15, 2026","CERT-2026-0376","Distinction","Speaker","Vanguard Security"
"Adrian Agarwal","adrian.agarwal@example.com","UI/UX Product Design Masterclass","Global Tech Summit 2026","March 15, 2026","CERT-2026-0377","Honors","Track Finalist","PixelCraft Studio"
"Lucas Russell","lucas.russell@example.com","Machine Learning Ops (MLOps)","AI Innovators Hackathon","March 15, 2026","CERT-2026-0378","Excellence","Honorary Fellow","Quantum Dynamics"
"Dominic Gonzalez","dominic.gonzalez@example.com","Modern DevOps & Kubernetes","CloudCon Annual 2026","March 15, 2026","CERT-2026-0379","Merit","Attendee","NovaTech Global"
"Ruby Phillips","ruby.phillips@example.com","Blockchain & Smart Contracts","CyberSec Expo 2026","March 15, 2026","CERT-2026-0380","High Distinction","Participant","Apex Digital"
"Alex Torres","alex.torres@example.com","Distributed Systems Engineering","DesignSprint 2026","March 15, 2026","CERT-2026-0381","Distinction","Winner - 1st Place","Synthetix AI"
"Claire Reed","claire.reed@example.com","Next.js & React 19 Enterprise Patterns","DevOps Days 2026","March 15, 2026","CERT-2026-0382","Honors","Runner Up","Starlight Ventures"
"Layla Hall","layla.hall@example.com","Autonomous Systems & Robotics","Web3 Builders Summit","March 15, 2026","CERT-2026-0383","Excellence","Speaker","OmniCorp Research"
"Olivia Diaz","olivia.diaz@example.com","Applied Quantum Computing","FutureTech Leadership Forum","March 15, 2026","CERT-2026-0384","Merit","Track Finalist","Aether Interactive"
"Lucas Gonzalez","lucas.gonzalez@example.com","Full Stack Web Development","Global Tech Summit 2026","March 15, 2026","CERT-2026-0385","High Distinction","Honorary Fellow","Acme Corporation"
"Julian Torres","julian.torres@example.com","Data Science & AI Bootcamp","AI Innovators Hackathon","March 15, 2026","CERT-2026-0386","Distinction","Attendee","Nexus Labs"
"Rohan Ramachandran","rohan.ramachandran@example.com","Cloud Architecture Mastery","CloudCon Annual 2026","March 15, 2026","CERT-2026-0387","Honors","Participant","Horizon Systems"
"Kiran Jones","kiran.jones@example.com","Cybersecurity Defense Essentials","CyberSec Expo 2026","March 15, 2026","CERT-2026-0388","Excellence","Winner - 1st Place","Vanguard Security"
"Eleanor Turner","eleanor.turner@example.com","UI/UX Product Design Masterclass","DesignSprint 2026","March 15, 2026","CERT-2026-0389","Merit","Runner Up","PixelCraft Studio"
"Alex Kapoor","alex.kapoor@example.com","Machine Learning Ops (MLOps)","DevOps Days 2026","March 15, 2026","CERT-2026-0390","High Distinction","Speaker","Quantum Dynamics"
"Joshua Harris","joshua.harris@example.com","Modern DevOps & Kubernetes","Web3 Builders Summit","March 15, 2026","CERT-2026-0391","Distinction","Track Finalist","NovaTech Global"
"Aidan Anderson","aidan.anderson@example.com","Blockchain & Smart Contracts","FutureTech Leadership Forum","March 15, 2026","CERT-2026-0392","Honors","Honorary Fellow","Apex Digital"
"Kyle Smith","kyle.smith@example.com","Distributed Systems Engineering","Global Tech Summit 2026","March 15, 2026","CERT-2026-0393","Excellence","Attendee","Synthetix AI"
"Adam Gupta","adam.gupta@example.com","Next.js & React 19 Enterprise Patterns","AI Innovators Hackathon","March 15, 2026","CERT-2026-0394","Merit","Participant","Starlight Ventures"
"Hannah Kelly","hannah.kelly@example.com","Autonomous Systems & Robotics","CloudCon Annual 2026","March 15, 2026","CERT-2026-0395","High Distinction","Winner - 1st Place","OmniCorp Research"
"Katelyn Gomez","katelyn.gomez@example.com","Applied Quantum Computing","CyberSec Expo 2026","March 15, 2026","CERT-2026-0396","Distinction","Runner Up","Aether Interactive"
"Isaac Russell","isaac.russell@example.com","Full Stack Web Development","DesignSprint 2026","March 15, 2026","CERT-2026-0397","Honors","Speaker","Acme Corporation"
"Adrian White","adrian.white@example.com","Data Science & AI Bootcamp","DevOps Days 2026","March 15, 2026","CERT-2026-0398","Excellence","Track Finalist","Nexus Labs"
"Eli Alvarez","eli.alvarez@example.com","Cloud Architecture Mastery","Web3 Builders Summit","March 15, 2026","CERT-2026-0399","Merit","Honorary Fellow","Horizon Systems"
"Nathan Hayes","nathan.hayes@example.com","Cybersecurity Defense Essentials","FutureTech Leadership Forum","March 15, 2026","CERT-2026-0400","High Distinction","Attendee","Vanguard Security"
"Angela Brown","angela.brown@example.com","UI/UX Product Design Masterclass","Global Tech Summit 2026","March 15, 2026","CERT-2026-0401","Distinction","Participant","PixelCraft Studio"
"Cameron Ramirez","cameron.ramirez@example.com","Machine Learning Ops (MLOps)","AI Innovators Hackathon","March 15, 2026","CERT-2026-0402","Honors","Winner - 1st Place","Quantum Dynamics"
"Jordan Hernandez","jordan.hernandez@example.com","Modern DevOps & Kubernetes","CloudCon Annual 2026","March 15, 2026","CERT-2026-0403","Excellence","Runner Up","NovaTech Global"
"Xavier Powell","xavier.powell@example.com","Blockchain & Smart Contracts","CyberSec Expo 2026","March 15, 2026","CERT-2026-0404","Merit","Speaker","Apex Digital"
"Evan Smith","evan.smith@example.com","Distributed Systems Engineering","DesignSprint 2026","March 15, 2026","CERT-2026-0405","High Distinction","Track Finalist","Synthetix AI"
"Henry Russell","henry.russell@example.com","Next.js & React 19 Enterprise Patterns","DevOps Days 2026","March 15, 2026","CERT-2026-0406","Distinction","Honorary Fellow","Starlight Ventures"
"Aditi Park","aditi.park@example.com","Autonomous Systems & Robotics","Web3 Builders Summit","March 15, 2026","CERT-2026-0407","Honors","Attendee","OmniCorp Research"
"Kayla Castillo","kayla.castillo@example.com","Applied Quantum Computing","FutureTech Leadership Forum","March 15, 2026","CERT-2026-0408","Excellence","Participant","Aether Interactive"
"Arthur White","arthur.white@example.com","Full Stack Web Development","Global Tech Summit 2026","March 15, 2026","CERT-2026-0409","Merit","Winner - 1st Place","Acme Corporation"
"Benjamin Howard","benjamin.howard@example.com","Data Science & AI Bootcamp","AI Innovators Hackathon","March 15, 2026","CERT-2026-0410","High Distinction","Runner Up","Nexus Labs"
"Aaliyah Davis","aaliyah.davis@example.com","Cloud Architecture Mastery","CloudCon Annual 2026","March 15, 2026","CERT-2026-0411","Distinction","Speaker","Horizon Systems"
"Leo Gupta","leo.gupta@example.com","Cybersecurity Defense Essentials","CyberSec Expo 2026","March 15, 2026","CERT-2026-0412","Honors","Track Finalist","Vanguard Security"
"Chloe Long","chloe.long@example.com","UI/UX Product Design Masterclass","DesignSprint 2026","March 15, 2026","CERT-2026-0413","Excellence","Honorary Fellow","PixelCraft Studio"
"Jacob Hernandez","jacob.hernandez@example.com","Machine Learning Ops (MLOps)","DevOps Days 2026","March 15, 2026","CERT-2026-0414","Merit","Attendee","Quantum Dynamics"
"Chloe Kelly","chloe.kelly@example.com","Modern DevOps & Kubernetes","Web3 Builders Summit","March 15, 2026","CERT-2026-0415","High Distinction","Participant","NovaTech Global"
"Henry Okafor","henry.okafor@example.com","Blockchain & Smart Contracts","FutureTech Leadership Forum","March 15, 2026","CERT-2026-0416","Distinction","Winner - 1st Place","Apex Digital"
"Mason Kulkarni","mason.kulkarni@example.com","Distributed Systems Engineering","Global Tech Summit 2026","March 15, 2026","CERT-2026-0417","Honors","Runner Up","Synthetix AI"
"Ian Rivera","ian.rivera@example.com","Next.js & React 19 Enterprise Patterns","AI Innovators Hackathon","March 15, 2026","CERT-2026-0418","Excellence","Speaker","Starlight Ventures"
"Emma Martinez","emma.martinez@example.com","Autonomous Systems & Robotics","CloudCon Annual 2026","March 15, 2026","CERT-2026-0419","Merit","Track Finalist","OmniCorp Research"
"Amara James","amara.james@example.com","Applied Quantum Computing","CyberSec Expo 2026","March 15, 2026","CERT-2026-0420","High Distinction","Honorary Fellow","Aether Interactive"
"Harrison Diaz","harrison.diaz@example.com","Full Stack Web Development","DesignSprint 2026","March 15, 2026","CERT-2026-0421","Distinction","Attendee","Acme Corporation"
"Isaac Reed","isaac.reed@example.com","Data Science & AI Bootcamp","DevOps Days 2026","March 15, 2026","CERT-2026-0422","Honors","Participant","Nexus Labs"
"Sophia Kelly","sophia.kelly@example.com","Cloud Architecture Mastery","Web3 Builders Summit","March 15, 2026","CERT-2026-0423","Excellence","Winner - 1st Place","Horizon Systems"
"Valerie Long","valerie.long@example.com","Cybersecurity Defense Essentials","FutureTech Leadership Forum","March 15, 2026","CERT-2026-0424","Merit","Runner Up","Vanguard Security"
"Anthony Lopez","anthony.lopez@example.com","UI/UX Product Design Masterclass","Global Tech Summit 2026","March 15, 2026","CERT-2026-0425","High Distinction","Speaker","PixelCraft Studio"
"Harper Nelson","harper.nelson@example.com","Machine Learning Ops (MLOps)","AI Innovators Hackathon","March 15, 2026","CERT-2026-0426","Distinction","Track Finalist","Quantum Dynamics"
"Adam Edwards","adam.edwards@example.com","Modern DevOps & Kubernetes","CloudCon Annual 2026","March 15, 2026","CERT-2026-0427","Honors","Honorary Fellow","NovaTech Global"
"Benjamin Park","benjamin.park@example.com","Blockchain & Smart Contracts","CyberSec Expo 2026","March 15, 2026","CERT-2026-0428","Excellence","Attendee","Apex Digital"
"Rohan Gomez","rohan.gomez@example.com","Distributed Systems Engineering","DesignSprint 2026","March 15, 2026","CERT-2026-0429","Merit","Participant","Synthetix AI"
"Aurora Brown","aurora.brown@example.com","Next.js & React 19 Enterprise Patterns","DevOps Days 2026","March 15, 2026","CERT-2026-0430","High Distinction","Winner - 1st Place","Starlight Ventures"
"Luna Lopez","luna.lopez@example.com","Autonomous Systems & Robotics","Web3 Builders Summit","March 15, 2026","CERT-2026-0431","Distinction","Runner Up","OmniCorp Research"
"Vikram Baker","vikram.baker@example.com","Applied Quantum Computing","FutureTech Leadership Forum","March 15, 2026","CERT-2026-0432","Honors","Speaker","Aether Interactive"
"Aaliyah Edwards","aaliyah.edwards@example.com","Full Stack Web Development","Global Tech Summit 2026","March 15, 2026","CERT-2026-0433","Excellence","Track Finalist","Acme Corporation"
"William Wright","william.wright@example.com","Data Science & AI Bootcamp","AI Innovators Hackathon","March 15, 2026","CERT-2026-0434","Merit","Honorary Fellow","Nexus Labs"
"Maya Nair","maya.nair@example.com","Cloud Architecture Mastery","CloudCon Annual 2026","March 15, 2026","CERT-2026-0435","High Distinction","Attendee","Horizon Systems"
"Sam Henderson","sam.henderson@example.com","Cybersecurity Defense Essentials","CyberSec Expo 2026","March 15, 2026","CERT-2026-0436","Distinction","Participant","Vanguard Security"
"Carlos Johnson","carlos.johnson@example.com","UI/UX Product Design Masterclass","DesignSprint 2026","March 15, 2026","CERT-2026-0437","Honors","Winner - 1st Place","PixelCraft Studio"
"Alexander Watson","alexander.watson@example.com","Machine Learning Ops (MLOps)","DevOps Days 2026","March 15, 2026","CERT-2026-0438","Excellence","Runner Up","Quantum Dynamics"
"Gabriel Hernandez","gabriel.hernandez@example.com","Modern DevOps & Kubernetes","Web3 Builders Summit","March 15, 2026","CERT-2026-0439","Merit","Speaker","NovaTech Global"
"Kyle Perez","kyle.perez@example.com","Blockchain & Smart Contracts","FutureTech Leadership Forum","March 15, 2026","CERT-2026-0440","High Distinction","Track Finalist","Apex Digital"
"Ruby Ghosh","ruby.ghosh@example.com","Distributed Systems Engineering","Global Tech Summit 2026","March 15, 2026","CERT-2026-0441","Distinction","Honorary Fellow","Synthetix AI"
"Adrian Richardson","adrian.richardson@example.com","Next.js & React 19 Enterprise Patterns","AI Innovators Hackathon","March 15, 2026","CERT-2026-0442","Honors","Attendee","Starlight Ventures"
"Amara Sanders","amara.sanders@example.com","Autonomous Systems & Robotics","CloudCon Annual 2026","March 15, 2026","CERT-2026-0443","Excellence","Participant","OmniCorp Research"
"Mason Turner","mason.turner@example.com","Applied Quantum Computing","CyberSec Expo 2026","March 15, 2026","CERT-2026-0444","Merit","Winner - 1st Place","Aether Interactive"
"Mateo Kulkarni","mateo.kulkarni@example.com","Full Stack Web Development","DesignSprint 2026","March 15, 2026","CERT-2026-0445","High Distinction","Runner Up","Acme Corporation"
"Nolan White","nolan.white@example.com","Data Science & AI Bootcamp","DevOps Days 2026","March 15, 2026","CERT-2026-0446","Distinction","Speaker","Nexus Labs"
"Eleanor Foster","eleanor.foster@example.com","Cloud Architecture Mastery","Web3 Builders Summit","March 15, 2026","CERT-2026-0447","Honors","Track Finalist","Horizon Systems"
"Elijah Roberts","elijah.roberts@example.com","Cybersecurity Defense Essentials","FutureTech Leadership Forum","March 15, 2026","CERT-2026-0448","Excellence","Honorary Fellow","Vanguard Security"
"Sebastian Russell","sebastian.russell@example.com","UI/UX Product Design Masterclass","Global Tech Summit 2026","March 15, 2026","CERT-2026-0449","Merit","Attendee","PixelCraft Studio"
"John Lee","john.lee@example.com","Machine Learning Ops (MLOps)","AI Innovators Hackathon","March 15, 2026","CERT-2026-0450","High Distinction","Participant","Quantum Dynamics"
"Jasmine Wright","jasmine.wright@example.com","Modern DevOps & Kubernetes","CloudCon Annual 2026","March 15, 2026","CERT-2026-0451","Distinction","Winner - 1st Place","NovaTech Global"
"Zoe Fernandez","zoe.fernandez@example.com","Blockchain & Smart Contracts","CyberSec Expo 2026","March 15, 2026","CERT-2026-0452","Honors","Runner Up","Apex Digital"
"Elijah Watson","elijah.watson@example.com","Distributed Systems Engineering","DesignSprint 2026","March 15, 2026","CERT-2026-0453","Excellence","Speaker","Synthetix AI"
"Grace Cox","grace.cox@example.com","Next.js & React 19 Enterprise Patterns","DevOps Days 2026","March 15, 2026","CERT-2026-0454","Merit","Track Finalist","Starlight Ventures"
"Zoe Russell","zoe.russell@example.com","Autonomous Systems & Robotics","Web3 Builders Summit","March 15, 2026","CERT-2026-0455","High Distinction","Honorary Fellow","OmniCorp Research"
"Marcus Wilson","marcus.wilson@example.com","Applied Quantum Computing","FutureTech Leadership Forum","March 15, 2026","CERT-2026-0456","Distinction","Attendee","Aether Interactive"
"Kevin Das","kevin.das@example.com","Full Stack Web Development","Global Tech Summit 2026","March 15, 2026","CERT-2026-0457","Honors","Participant","Acme Corporation"
"Victor Gray","victor.gray@example.com","Data Science & AI Bootcamp","AI Innovators Hackathon","March 15, 2026","CERT-2026-0458","Excellence","Winner - 1st Place","Nexus Labs"
"Maya Patel","maya.patel@example.com","Cloud Architecture Mastery","CloudCon Annual 2026","March 15, 2026","CERT-2026-0459","Merit","Runner Up","Horizon Systems"
"Devon Barnes","devon.barnes@example.com","Cybersecurity Defense Essentials","CyberSec Expo 2026","March 15, 2026","CERT-2026-0460","High Distinction","Speaker","Vanguard Security"
"Madeline Roberts","madeline.roberts@example.com","UI/UX Product Design Masterclass","DesignSprint 2026","March 15, 2026","CERT-2026-0461","Distinction","Track Finalist","PixelCraft Studio"
"Aidan Price","aidan.price@example.com","Machine Learning Ops (MLOps)","DevOps Days 2026","March 15, 2026","CERT-2026-0462","Honors","Honorary Fellow","Quantum Dynamics"
"Jonathan Turner","jonathan.turner@example.com","Modern DevOps & Kubernetes","Web3 Builders Summit","March 15, 2026","CERT-2026-0463","Excellence","Attendee","NovaTech Global"
"Oliver Hall","oliver.hall@example.com","Blockchain & Smart Contracts","FutureTech Leadership Forum","March 15, 2026","CERT-2026-0464","Merit","Participant","Apex Digital"
"Ruby Nair","ruby.nair@example.com","Distributed Systems Engineering","Global Tech Summit 2026","March 15, 2026","CERT-2026-0465","High Distinction","Winner - 1st Place","Synthetix AI"
"Asher Flores","asher.flores@example.com","Next.js & React 19 Enterprise Patterns","AI Innovators Hackathon","March 15, 2026","CERT-2026-0466","Distinction","Runner Up","Starlight Ventures"
"Lucas Silva","lucas.silva@example.com","Autonomous Systems & Robotics","CloudCon Annual 2026","March 15, 2026","CERT-2026-0467","Honors","Speaker","OmniCorp Research"
"Nicholas Ramirez","nicholas.ramirez@example.com","Applied Quantum Computing","CyberSec Expo 2026","March 15, 2026","CERT-2026-0468","Excellence","Track Finalist","Aether Interactive"
"Christian Barnes","christian.barnes@example.com","Full Stack Web Development","DesignSprint 2026","March 15, 2026","CERT-2026-0469","Merit","Honorary Fellow","Acme Corporation"
"Brandon Phillips","brandon.phillips@example.com","Data Science & AI Bootcamp","DevOps Days 2026","March 15, 2026","CERT-2026-0470","High Distinction","Attendee","Nexus Labs"
"Daniel Thomas","daniel.thomas@example.com","Cloud Architecture Mastery","Web3 Builders Summit","March 15, 2026","CERT-2026-0471","Distinction","Participant","Horizon Systems"
"Zoe Young","zoe.young@example.com","Cybersecurity Defense Essentials","FutureTech Leadership Forum","March 15, 2026","CERT-2026-0472","Honors","Winner - 1st Place","Vanguard Security"
"Leo Clark","leo.clark@example.com","UI/UX Product Design Masterclass","Global Tech Summit 2026","March 15, 2026","CERT-2026-0473","Excellence","Runner Up","PixelCraft Studio"
"Eli Lee","eli.lee@example.com","Machine Learning Ops (MLOps)","AI Innovators Hackathon","March 15, 2026","CERT-2026-0474","Merit","Speaker","Quantum Dynamics"
"Caleb Gomez","caleb.gomez@example.com","Modern DevOps & Kubernetes","CloudCon Annual 2026","March 15, 2026","CERT-2026-0475","High Distinction","Track Finalist","NovaTech Global"
"Eleanor Reed","eleanor.reed@example.com","Blockchain & Smart Contracts","CyberSec Expo 2026","March 15, 2026","CERT-2026-0476","Distinction","Honorary Fellow","Apex Digital"
"Kiran Ramirez","kiran.ramirez@example.com","Distributed Systems Engineering","DesignSprint 2026","March 15, 2026","CERT-2026-0477","Honors","Attendee","Synthetix AI"
"Gabriel Gupta","gabriel.gupta@example.com","Next.js & React 19 Enterprise Patterns","DevOps Days 2026","March 15, 2026","CERT-2026-0478","Excellence","Participant","Starlight Ventures"
"Samuel Young","samuel.young@example.com","Autonomous Systems & Robotics","Web3 Builders Summit","March 15, 2026","CERT-2026-0479","Merit","Winner - 1st Place","OmniCorp Research"
"Jack Kim","jack.kim@example.com","Applied Quantum Computing","FutureTech Leadership Forum","March 15, 2026","CERT-2026-0480","High Distinction","Runner Up","Aether Interactive"
"Nicholas Banerjee","nicholas.banerjee@example.com","Full Stack Web Development","Global Tech Summit 2026","March 15, 2026","CERT-2026-0481","Distinction","Speaker","Acme Corporation"
"Andre Clark","andre.clark@example.com","Data Science & AI Bootcamp","AI Innovators Hackathon","March 15, 2026","CERT-2026-0482","Honors","Track Finalist","Nexus Labs"
"Evan Long","evan.long@example.com","Cloud Architecture Mastery","CloudCon Annual 2026","March 15, 2026","CERT-2026-0483","Excellence","Honorary Fellow","Horizon Systems"
"Ruby Stewart","ruby.stewart@example.com","Cybersecurity Defense Essentials","CyberSec Expo 2026","March 15, 2026","CERT-2026-0484","Merit","Attendee","Vanguard Security"
"Owen Evans","owen.evans@example.com","UI/UX Product Design Masterclass","DesignSprint 2026","March 15, 2026","CERT-2026-0485","High Distinction","Participant","PixelCraft Studio"
"David Joshi","david.joshi@example.com","Machine Learning Ops (MLOps)","DevOps Days 2026","March 15, 2026","CERT-2026-0486","Distinction","Winner - 1st Place","Quantum Dynamics"
"Dominic Campbell","dominic.campbell@example.com","Modern DevOps & Kubernetes","Web3 Builders Summit","March 15, 2026","CERT-2026-0487","Honors","Runner Up","NovaTech Global"
"Mateo Torres","mateo.torres@example.com","Blockchain & Smart Contracts","FutureTech Leadership Forum","March 15, 2026","CERT-2026-0488","Excellence","Speaker","Apex Digital"
"Julian Peterson","julian.peterson@example.com","Distributed Systems Engineering","Global Tech Summit 2026","March 15, 2026","CERT-2026-0489","Merit","Track Finalist","Synthetix AI"
"Michael Walker","michael.walker@example.com","Next.js & React 19 Enterprise Patterns","AI Innovators Hackathon","March 15, 2026","CERT-2026-0490","High Distinction","Honorary Fellow","Starlight Ventures"
"Nora Anderson","nora.anderson@example.com","Autonomous Systems & Robotics","CloudCon Annual 2026","March 15, 2026","CERT-2026-0491","Distinction","Attendee","OmniCorp Research"
"Eleanor Bell","eleanor.bell@example.com","Applied Quantum Computing","CyberSec Expo 2026","March 15, 2026","CERT-2026-0492","Honors","Participant","Aether Interactive"
"Harrison Green","harrison.green@example.com","Full Stack Web Development","DesignSprint 2026","March 15, 2026","CERT-2026-0493","Excellence","Winner - 1st Place","Acme Corporation"
"Luke Rao","luke.rao@example.com","Data Science & AI Bootcamp","DevOps Days 2026","March 15, 2026","CERT-2026-0494","Merit","Runner Up","Nexus Labs"
"Ava Wood","ava.wood@example.com","Cloud Architecture Mastery","Web3 Builders Summit","March 15, 2026","CERT-2026-0495","High Distinction","Speaker","Horizon Systems"
"Jordan Gonzalez","jordan.gonzalez@example.com","Cybersecurity Defense Essentials","FutureTech Leadership Forum","March 15, 2026","CERT-2026-0496","Distinction","Track Finalist","Vanguard Security"
"Anthony Kim","anthony.kim@example.com","UI/UX Product Design Masterclass","Global Tech Summit 2026","March 15, 2026","CERT-2026-0497","Honors","Honorary Fellow","PixelCraft Studio"
"William Cox","william.cox@example.com","Machine Learning Ops (MLOps)","AI Innovators Hackathon","March 15, 2026","CERT-2026-0498","Excellence","Attendee","Quantum Dynamics"
"Julia Chakraborty","julia.chakraborty@example.com","Modern DevOps & Kubernetes","CloudCon Annual 2026","March 15, 2026","CERT-2026-0499","Merit","Participant","NovaTech Global"
"Tyler Park","tyler.park@example.com","Blockchain & Smart Contracts","CyberSec Expo 2026","March 15, 2026","CERT-2026-0500","High Distinction","Winner - 1st Place","Apex Digital"
"Aditi Mitra","aditi.mitra@example.com","Distributed Systems Engineering","DesignSprint 2026","March 15, 2026","CERT-2026-0501","Distinction","Runner Up","Synthetix AI"
"Leo Myers","leo.myers@example.com","Next.js & React 19 Enterprise Patterns","DevOps Days 2026","March 15, 2026","CERT-2026-0502","Honors","Speaker","Starlight Ventures"
"Rohan Nelson","rohan.nelson@example.com","Autonomous Systems & Robotics","Web3 Builders Summit","March 15, 2026","CERT-2026-0503","Excellence","Track Finalist","OmniCorp Research"
"Jasmine James","jasmine.james@example.com","Applied Quantum Computing","FutureTech Leadership Forum","March 15, 2026","CERT-2026-0504","Merit","Honorary Fellow","Aether Interactive"
"Anthony Bhatia","anthony.bhatia@example.com","Full Stack Web Development","Global Tech Summit 2026","March 15, 2026","CERT-2026-0505","High Distinction","Attendee","Acme Corporation"
"Priya Goswami","priya.goswami@example.com","Data Science & AI Bootcamp","AI Innovators Hackathon","March 15, 2026","CERT-2026-0506","Distinction","Participant","Nexus Labs"
"Caleb Bell","caleb.bell@example.com","Cloud Architecture Mastery","CloudCon Annual 2026","March 15, 2026","CERT-2026-0507","Honors","Winner - 1st Place","Horizon Systems"
"Luna Harris","luna.harris@example.com","Cybersecurity Defense Essentials","CyberSec Expo 2026","March 15, 2026","CERT-2026-0508","Excellence","Runner Up","Vanguard Security"
"Amara Ward","amara.ward@example.com","UI/UX Product Design Masterclass","DesignSprint 2026","March 15, 2026","CERT-2026-0509","Merit","Speaker","PixelCraft Studio"
"Benjamin Nguyen","benjamin.nguyen@example.com","Machine Learning Ops (MLOps)","DevOps Days 2026","March 15, 2026","CERT-2026-0510","High Distinction","Track Finalist","Quantum Dynamics"
"Mason Smith","mason.smith@example.com","Modern DevOps & Kubernetes","Web3 Builders Summit","March 15, 2026","CERT-2026-0511","Distinction","Honorary Fellow","NovaTech Global"
"Christian Roberts","christian.roberts@example.com","Blockchain & Smart Contracts","FutureTech Leadership Forum","March 15, 2026","CERT-2026-0512","Honors","Attendee","Apex Digital"
"Emma Bennett","emma.bennett@example.com","Distributed Systems Engineering","Global Tech Summit 2026","March 15, 2026","CERT-2026-0513","Excellence","Participant","Synthetix AI"
"Amelia Kumar","amelia.kumar@example.com","Next.js & React 19 Enterprise Patterns","AI Innovators Hackathon","March 15, 2026","CERT-2026-0514","Merit","Winner - 1st Place","Starlight Ventures"
"Arthur Das","arthur.das@example.com","Autonomous Systems & Robotics","CloudCon Annual 2026","March 15, 2026","CERT-2026-0515","High Distinction","Runner Up","OmniCorp Research"
"Ian Morgan","ian.morgan@example.com","Applied Quantum Computing","CyberSec Expo 2026","March 15, 2026","CERT-2026-0516","Distinction","Speaker","Aether Interactive"
"Amelia Green","amelia.green@example.com","Full Stack Web Development","DesignSprint 2026","March 15, 2026","CERT-2026-0517","Honors","Track Finalist","Acme Corporation"
"Victor Adams","victor.adams@example.com","Data Science & AI Bootcamp","DevOps Days 2026","March 15, 2026","CERT-2026-0518","Excellence","Honorary Fellow","Nexus Labs"
"Zoe Rivera","zoe.rivera@example.com","Cloud Architecture Mastery","Web3 Builders Summit","March 15, 2026","CERT-2026-0519","Merit","Attendee","Horizon Systems"
"Mason Alvarez","mason.alvarez@example.com","Cybersecurity Defense Essentials","FutureTech Leadership Forum","March 15, 2026","CERT-2026-0520","High Distinction","Participant","Vanguard Security"
"Andre Mukherjee","andre.mukherjee@example.com","UI/UX Product Design Masterclass","Global Tech Summit 2026","March 15, 2026","CERT-2026-0521","Distinction","Winner - 1st Place","PixelCraft Studio"
"Kiran Ross","kiran.ross@example.com","Machine Learning Ops (MLOps)","AI Innovators Hackathon","March 15, 2026","CERT-2026-0522","Honors","Runner Up","Quantum Dynamics"
"David Walker","david.walker@example.com","Modern DevOps & Kubernetes","CloudCon Annual 2026","March 15, 2026","CERT-2026-0523","Excellence","Speaker","NovaTech Global"
"Jasmine Adams","jasmine.adams@example.com","Blockchain & Smart Contracts","CyberSec Expo 2026","March 15, 2026","CERT-2026-0524","Merit","Track Finalist","Apex Digital"
"Xavier Chakraborty","xavier.chakraborty@example.com","Distributed Systems Engineering","DesignSprint 2026","March 15, 2026","CERT-2026-0525","High Distinction","Honorary Fellow","Synthetix AI"
"Asher Wilson","asher.wilson@example.com","Next.js & React 19 Enterprise Patterns","DevOps Days 2026","March 15, 2026","CERT-2026-0526","Distinction","Attendee","Starlight Ventures"
"Cameron Hughes","cameron.hughes@example.com","Autonomous Systems & Robotics","Web3 Builders Summit","March 15, 2026","CERT-2026-0527","Honors","Participant","OmniCorp Research"
"Elena Mitra","elena.mitra@example.com","Applied Quantum Computing","FutureTech Leadership Forum","March 15, 2026","CERT-2026-0528","Excellence","Winner - 1st Place","Aether Interactive"
"Elizabeth Venkatesh","elizabeth.venkatesh@example.com","Full Stack Web Development","Global Tech Summit 2026","March 15, 2026","CERT-2026-0529","Merit","Runner Up","Acme Corporation"
"Benjamin Russell","benjamin.russell@example.com","Data Science & AI Bootcamp","AI Innovators Hackathon","March 15, 2026","CERT-2026-0530","High Distinction","Speaker","Nexus Labs"
"Eli Sanchez","eli.sanchez@example.com","Cloud Architecture Mastery","CloudCon Annual 2026","March 15, 2026","CERT-2026-0531","Distinction","Track Finalist","Horizon Systems"
"Austin Park","austin.park@example.com","Cybersecurity Defense Essentials","CyberSec Expo 2026","March 15, 2026","CERT-2026-0532","Honors","Honorary Fellow","Vanguard Security"
"Carlos Hughes","carlos.hughes@example.com","UI/UX Product Design Masterclass","DesignSprint 2026","March 15, 2026","CERT-2026-0533","Excellence","Attendee","PixelCraft Studio"
"Joseph Foster","joseph.foster@example.com","Machine Learning Ops (MLOps)","DevOps Days 2026","March 15, 2026","CERT-2026-0534","Merit","Participant","Quantum Dynamics"
"Kai Taylor","kai.taylor@example.com","Modern DevOps & Kubernetes","Web3 Builders Summit","March 15, 2026","CERT-2026-0535","High Distinction","Winner - 1st Place","NovaTech Global"
"Aaliyah Jones","aaliyah.jones@example.com","Blockchain & Smart Contracts","FutureTech Leadership Forum","March 15, 2026","CERT-2026-0536","Distinction","Runner Up","Apex Digital"
"Hannah Ortiz","hannah.ortiz@example.com","Distributed Systems Engineering","Global Tech Summit 2026","March 15, 2026","CERT-2026-0537","Honors","Speaker","Synthetix AI"
"Mila Sharma","mila.sharma@example.com","Next.js & React 19 Enterprise Patterns","AI Innovators Hackathon","March 15, 2026","CERT-2026-0538","Excellence","Track Finalist","Starlight Ventures"
"Katelyn Goswami","katelyn.goswami@example.com","Autonomous Systems & Robotics","CloudCon Annual 2026","March 15, 2026","CERT-2026-0539","Merit","Honorary Fellow","OmniCorp Research"
"Harper Lee","harper.lee@example.com","Applied Quantum Computing","CyberSec Expo 2026","March 15, 2026","CERT-2026-0540","High Distinction","Attendee","Aether Interactive"
"Caleb Park","caleb.park@example.com","Full Stack Web Development","DesignSprint 2026","March 15, 2026","CERT-2026-0541","Distinction","Participant","Acme Corporation"
"Ethan Foster","ethan.foster@example.com","Data Science & AI Bootcamp","DevOps Days 2026","March 15, 2026","CERT-2026-0542","Honors","Winner - 1st Place","Nexus Labs"
"Harrison Wang","harrison.wang@example.com","Cloud Architecture Mastery","Web3 Builders Summit","March 15, 2026","CERT-2026-0543","Excellence","Runner Up","Horizon Systems"
"Aria Foster","aria.foster@example.com","Cybersecurity Defense Essentials","FutureTech Leadership Forum","March 15, 2026","CERT-2026-0544","Merit","Speaker","Vanguard Security"
"Leo Hayes","leo.hayes@example.com","UI/UX Product Design Masterclass","Global Tech Summit 2026","March 15, 2026","CERT-2026-0545","High Distinction","Track Finalist","PixelCraft Studio"
"Luna Ross","luna.ross@example.com","Machine Learning Ops (MLOps)","AI Innovators Hackathon","March 15, 2026","CERT-2026-0546","Distinction","Honorary Fellow","Quantum Dynamics"
"Henry Bennett","henry.bennett@example.com","Modern DevOps & Kubernetes","CloudCon Annual 2026","March 15, 2026","CERT-2026-0547","Honors","Attendee","NovaTech Global"
"William Peterson","william.peterson@example.com","Blockchain & Smart Contracts","CyberSec Expo 2026","March 15, 2026","CERT-2026-0548","Excellence","Participant","Apex Digital"
"Luna Nair","luna.nair@example.com","Distributed Systems Engineering","DesignSprint 2026","March 15, 2026","CERT-2026-0549","Merit","Winner - 1st Place","Synthetix AI"
"Isabella Morgan","isabella.morgan@example.com","Next.js & React 19 Enterprise Patterns","DevOps Days 2026","March 15, 2026","CERT-2026-0550","High Distinction","Runner Up","Starlight Ventures"
"Sebastian Murphy","sebastian.murphy@example.com","Autonomous Systems & Robotics","Web3 Builders Summit","March 15, 2026","CERT-2026-0551","Distinction","Speaker","OmniCorp Research"
"Marcus Patel","marcus.patel@example.com","Applied Quantum Computing","FutureTech Leadership Forum","March 15, 2026","CERT-2026-0552","Honors","Track Finalist","Aether Interactive"
"Sebastian Sharma","sebastian.sharma@example.com","Full Stack Web Development","Global Tech Summit 2026","March 15, 2026","CERT-2026-0553","Excellence","Honorary Fellow","Acme Corporation"
"Dylan Wright","dylan.wright@example.com","Data Science & AI Bootcamp","AI Innovators Hackathon","March 15, 2026","CERT-2026-0554","Merit","Attendee","Nexus Labs"
"Asher Okafor","asher.okafor@example.com","Cloud Architecture Mastery","CloudCon Annual 2026","March 15, 2026","CERT-2026-0555","High Distinction","Participant","Horizon Systems"
"Gabriel Perez","gabriel.perez@example.com","Cybersecurity Defense Essentials","CyberSec Expo 2026","March 15, 2026","CERT-2026-0556","Distinction","Winner - 1st Place","Vanguard Security"
"Brianna Bennett","brianna.bennett@example.com","UI/UX Product Design Masterclass","DesignSprint 2026","March 15, 2026","CERT-2026-0557","Honors","Runner Up","PixelCraft Studio"
"Aditi Kulkarni","aditi.kulkarni@example.com","Machine Learning Ops (MLOps)","DevOps Days 2026","March 15, 2026","CERT-2026-0558","Excellence","Speaker","Quantum Dynamics"
"Elijah Jones","elijah.jones@example.com","Modern DevOps & Kubernetes","Web3 Builders Summit","March 15, 2026","CERT-2026-0559","Merit","Track Finalist","NovaTech Global"
"Luna Clark","luna.clark@example.com","Blockchain & Smart Contracts","FutureTech Leadership Forum","March 15, 2026","CERT-2026-0560","High Distinction","Honorary Fellow","Apex Digital"
"Evan Myers","evan.myers@example.com","Distributed Systems Engineering","Global Tech Summit 2026","March 15, 2026","CERT-2026-0561","Distinction","Attendee","Synthetix AI"
"Abigail Rivera","abigail.rivera@example.com","Next.js & React 19 Enterprise Patterns","AI Innovators Hackathon","March 15, 2026","CERT-2026-0562","Honors","Participant","Starlight Ventures"
"Anthony Rao","anthony.rao@example.com","Autonomous Systems & Robotics","CloudCon Annual 2026","March 15, 2026","CERT-2026-0563","Excellence","Winner - 1st Place","OmniCorp Research"
"Andre O'Connor","andre.o.connor@example.com","Applied Quantum Computing","CyberSec Expo 2026","March 15, 2026","CERT-2026-0564","Merit","Runner Up","Aether Interactive"
"Claire Flores","claire.flores@example.com","Full Stack Web Development","DesignSprint 2026","March 15, 2026","CERT-2026-0565","High Distinction","Speaker","Acme Corporation"
"Aditi Rodriguez","aditi.rodriguez@example.com","Data Science & AI Bootcamp","DevOps Days 2026","March 15, 2026","CERT-2026-0566","Distinction","Track Finalist","Nexus Labs"
"Brandon Lee","brandon.lee@example.com","Cloud Architecture Mastery","Web3 Builders Summit","March 15, 2026","CERT-2026-0567","Honors","Honorary Fellow","Horizon Systems"
"Victor Iyer","victor.iyer@example.com","Cybersecurity Defense Essentials","FutureTech Leadership Forum","March 15, 2026","CERT-2026-0568","Excellence","Attendee","Vanguard Security"
"Anthony Ross","anthony.ross@example.com","UI/UX Product Design Masterclass","Global Tech Summit 2026","March 15, 2026","CERT-2026-0569","Merit","Participant","PixelCraft Studio"
"Claire Kumar","claire.kumar@example.com","Machine Learning Ops (MLOps)","AI Innovators Hackathon","March 15, 2026","CERT-2026-0570","High Distinction","Winner - 1st Place","Quantum Dynamics"
"Abigail Hernandez","abigail.hernandez@example.com","Modern DevOps & Kubernetes","CloudCon Annual 2026","March 15, 2026","CERT-2026-0571","Distinction","Runner Up","NovaTech Global"
"Wyatt Ramachandran","wyatt.ramachandran@example.com","Blockchain & Smart Contracts","CyberSec Expo 2026","March 15, 2026","CERT-2026-0572","Honors","Speaker","Apex Digital"
"Ruby Sharma","ruby.sharma@example.com","Distributed Systems Engineering","DesignSprint 2026","March 15, 2026","CERT-2026-0573","Excellence","Track Finalist","Synthetix AI"
"Logan Joshi","logan.joshi@example.com","Next.js & React 19 Enterprise Patterns","DevOps Days 2026","March 15, 2026","CERT-2026-0574","Merit","Honorary Fellow","Starlight Ventures"
"Joshua Roy","joshua.roy@example.com","Autonomous Systems & Robotics","Web3 Builders Summit","March 15, 2026","CERT-2026-0575","High Distinction","Attendee","OmniCorp Research"
"Amelia Barnes","amelia.barnes@example.com","Applied Quantum Computing","FutureTech Leadership Forum","March 15, 2026","CERT-2026-0576","Distinction","Participant","Aether Interactive"
"Katelyn Long","katelyn.long@example.com","Full Stack Web Development","Global Tech Summit 2026","March 15, 2026","CERT-2026-0577","Honors","Winner - 1st Place","Acme Corporation"
"Layla Venkatesh","layla.venkatesh@example.com","Data Science & AI Bootcamp","AI Innovators Hackathon","March 15, 2026","CERT-2026-0578","Excellence","Runner Up","Nexus Labs"
"Arthur Brown","arthur.brown@example.com","Cloud Architecture Mastery","CloudCon Annual 2026","March 15, 2026","CERT-2026-0579","Merit","Speaker","Horizon Systems"
"Carlos Garcia","carlos.garcia@example.com","Cybersecurity Defense Essentials","CyberSec Expo 2026","March 15, 2026","CERT-2026-0580","High Distinction","Track Finalist","Vanguard Security"
"Anthony Murphy","anthony.murphy@example.com","UI/UX Product Design Masterclass","DesignSprint 2026","March 15, 2026","CERT-2026-0581","Distinction","Honorary Fellow","PixelCraft Studio"
"Kai Foster","kai.foster@example.com","Machine Learning Ops (MLOps)","DevOps Days 2026","March 15, 2026","CERT-2026-0582","Honors","Attendee","Quantum Dynamics"
"Rohan Lopez","rohan.lopez@example.com","Modern DevOps & Kubernetes","Web3 Builders Summit","March 15, 2026","CERT-2026-0583","Excellence","Participant","NovaTech Global"
"Austin Morgan","austin.morgan@example.com","Blockchain & Smart Contracts","FutureTech Leadership Forum","March 15, 2026","CERT-2026-0584","Merit","Winner - 1st Place","Apex Digital"
"Eli Mukherjee","eli.mukherjee@example.com","Distributed Systems Engineering","Global Tech Summit 2026","March 15, 2026","CERT-2026-0585","High Distinction","Runner Up","Synthetix AI"
"Zachary Garcia","zachary.garcia@example.com","Next.js & React 19 Enterprise Patterns","AI Innovators Hackathon","March 15, 2026","CERT-2026-0586","Distinction","Speaker","Starlight Ventures"
"Mateo Martin","mateo.martin@example.com","Autonomous Systems & Robotics","CloudCon Annual 2026","March 15, 2026","CERT-2026-0587","Honors","Track Finalist","OmniCorp Research"
"Charlotte King","charlotte.king@example.com","Applied Quantum Computing","CyberSec Expo 2026","March 15, 2026","CERT-2026-0588","Excellence","Honorary Fellow","Aether Interactive"
"Mateo Hernandez","mateo.hernandez@example.com","Full Stack Web Development","DesignSprint 2026","March 15, 2026","CERT-2026-0589","Merit","Attendee","Acme Corporation"
"Priya Edwards","priya.edwards@example.com","Data Science & AI Bootcamp","DevOps Days 2026","March 15, 2026","CERT-2026-0590","High Distinction","Participant","Nexus Labs"
"Julian Sengupta","julian.sengupta@example.com","Cloud Architecture Mastery","Web3 Builders Summit","March 15, 2026","CERT-2026-0591","Distinction","Winner - 1st Place","Horizon Systems"
"Claire Watson","claire.watson@example.com","Cybersecurity Defense Essentials","FutureTech Leadership Forum","March 15, 2026","CERT-2026-0592","Honors","Runner Up","Vanguard Security"
"Benjamin King","benjamin.king@example.com","UI/UX Product Design Masterclass","Global Tech Summit 2026","March 15, 2026","CERT-2026-0593","Excellence","Speaker","PixelCraft Studio"
"Sarah Hayes","sarah.hayes@example.com","Machine Learning Ops (MLOps)","AI Innovators Hackathon","March 15, 2026","CERT-2026-0594","Merit","Track Finalist","Quantum Dynamics"
"Owen Hughes","owen.hughes@example.com","Modern DevOps & Kubernetes","CloudCon Annual 2026","March 15, 2026","CERT-2026-0595","High Distinction","Honorary Fellow","NovaTech Global"
"Carlos Murphy","carlos.murphy@example.com","Blockchain & Smart Contracts","CyberSec Expo 2026","March 15, 2026","CERT-2026-0596","Distinction","Attendee","Apex Digital"
"Ian Banerjee","ian.banerjee@example.com","Distributed Systems Engineering","DesignSprint 2026","March 15, 2026","CERT-2026-0597","Honors","Participant","Synthetix AI"
"Ella Perez","ella.perez@example.com","Next.js & React 19 Enterprise Patterns","DevOps Days 2026","March 15, 2026","CERT-2026-0598","Excellence","Winner - 1st Place","Starlight Ventures"
"Priya Adams","priya.adams@example.com","Autonomous Systems & Robotics","Web3 Builders Summit","March 15, 2026","CERT-2026-0599","Merit","Runner Up","OmniCorp Research"
"Liam Martin","liam.martin@example.com","Applied Quantum Computing","FutureTech Leadership Forum","March 15, 2026","CERT-2026-0600","High Distinction","Speaker","Aether Interactive"
"Arjun Venkatesh","arjun.venkatesh@example.com","Full Stack Web Development","Global Tech Summit 2026","March 15, 2026","CERT-2026-0601","Distinction","Track Finalist","Acme Corporation"
"Mila Edwards","mila.edwards@example.com","Data Science & AI Bootcamp","AI Innovators Hackathon","March 15, 2026","CERT-2026-0602","Honors","Honorary Fellow","Nexus Labs"
"Owen Collins","owen.collins@example.com","Cloud Architecture Mastery","CloudCon Annual 2026","March 15, 2026","CERT-2026-0603","Excellence","Attendee","Horizon Systems"
"Harper Chen","harper.chen@example.com","Cybersecurity Defense Essentials","CyberSec Expo 2026","March 15, 2026","CERT-2026-0604","Merit","Participant","Vanguard Security"
"Karan Henderson","karan.henderson@example.com","UI/UX Product Design Masterclass","DesignSprint 2026","March 15, 2026","CERT-2026-0605","High Distinction","Winner - 1st Place","PixelCraft Studio"
"Marcus Bhatia","marcus.bhatia@example.com","Machine Learning Ops (MLOps)","DevOps Days 2026","March 15, 2026","CERT-2026-0606","Distinction","Runner Up","Quantum Dynamics"
"Emily Sharma","emily.sharma@example.com","Modern DevOps & Kubernetes","Web3 Builders Summit","March 15, 2026","CERT-2026-0607","Honors","Speaker","NovaTech Global"
"Tyler Campbell","tyler.campbell@example.com","Blockchain & Smart Contracts","FutureTech Leadership Forum","March 15, 2026","CERT-2026-0608","Excellence","Track Finalist","Apex Digital"
"Andre Reed","andre.reed@example.com","Distributed Systems Engineering","Global Tech Summit 2026","March 15, 2026","CERT-2026-0609","Merit","Honorary Fellow","Synthetix AI"
"Ruby White","ruby.white@example.com","Next.js & React 19 Enterprise Patterns","AI Innovators Hackathon","March 15, 2026","CERT-2026-0610","High Distinction","Attendee","Starlight Ventures"
"Aidan Powell","aidan.powell@example.com","Autonomous Systems & Robotics","CloudCon Annual 2026","March 15, 2026","CERT-2026-0611","Distinction","Participant","OmniCorp Research"
"Jayden Sanders","jayden.sanders@example.com","Applied Quantum Computing","CyberSec Expo 2026","March 15, 2026","CERT-2026-0612","Honors","Winner - 1st Place","Aether Interactive"
"Carlos Martin","carlos.martin@example.com","Full Stack Web Development","DesignSprint 2026","March 15, 2026","CERT-2026-0613","Excellence","Runner Up","Acme Corporation"
"Austin Hayes","austin.hayes@example.com","Data Science & AI Bootcamp","DevOps Days 2026","March 15, 2026","CERT-2026-0614","Merit","Speaker","Nexus Labs"
"Madeline Goswami","madeline.goswami@example.com","Cloud Architecture Mastery","Web3 Builders Summit","March 15, 2026","CERT-2026-0615","High Distinction","Track Finalist","Horizon Systems"
"Vikram Coleman","vikram.coleman@example.com","Cybersecurity Defense Essentials","FutureTech Leadership Forum","March 15, 2026","CERT-2026-0616","Distinction","Honorary Fellow","Vanguard Security"
"Kayla Coleman","kayla.coleman@example.com","UI/UX Product Design Masterclass","Global Tech Summit 2026","March 15, 2026","CERT-2026-0617","Honors","Attendee","PixelCraft Studio"
"Ella Walker","ella.walker@example.com","Machine Learning Ops (MLOps)","AI Innovators Hackathon","March 15, 2026","CERT-2026-0618","Excellence","Participant","Quantum Dynamics"
"Luna Rodriguez","luna.rodriguez@example.com","Modern DevOps & Kubernetes","CloudCon Annual 2026","March 15, 2026","CERT-2026-0619","Merit","Winner - 1st Place","NovaTech Global"
"Kiran Gray","kiran.gray@example.com","Blockchain & Smart Contracts","CyberSec Expo 2026","March 15, 2026","CERT-2026-0620","High Distinction","Runner Up","Apex Digital"
"Evan Edwards","evan.edwards@example.com","Distributed Systems Engineering","DesignSprint 2026","March 15, 2026","CERT-2026-0621","Distinction","Speaker","Synthetix AI"
"Harrison White","harrison.white@example.com","Next.js & React 19 Enterprise Patterns","DevOps Days 2026","March 15, 2026","CERT-2026-0622","Honors","Track Finalist","Starlight Ventures"
"Amara Jones","amara.jones@example.com","Autonomous Systems & Robotics","Web3 Builders Summit","March 15, 2026","CERT-2026-0623","Excellence","Honorary Fellow","OmniCorp Research"
"Zachary Sullivan","zachary.sullivan@example.com","Applied Quantum Computing","FutureTech Leadership Forum","March 15, 2026","CERT-2026-0624","Merit","Attendee","Aether Interactive"
"Aurora Lopez","aurora.lopez@example.com","Full Stack Web Development","Global Tech Summit 2026","March 15, 2026","CERT-2026-0625","High Distinction","Participant","Acme Corporation"
"Nicholas Ortiz","nicholas.ortiz@example.com","Data Science & AI Bootcamp","AI Innovators Hackathon","March 15, 2026","CERT-2026-0626","Distinction","Winner - 1st Place","Nexus Labs"
"Liam Park","liam.park@example.com","Cloud Architecture Mastery","CloudCon Annual 2026","March 15, 2026","CERT-2026-0627","Honors","Runner Up","Horizon Systems"
"Mateo Hayes","mateo.hayes@example.com","Cybersecurity Defense Essentials","CyberSec Expo 2026","March 15, 2026","CERT-2026-0628","Excellence","Speaker","Vanguard Security"
"Amara Nelson","amara.nelson@example.com","UI/UX Product Design Masterclass","DesignSprint 2026","March 15, 2026","CERT-2026-0629","Merit","Track Finalist","PixelCraft Studio"
"Eleanor Evans","eleanor.evans@example.com","Machine Learning Ops (MLOps)","DevOps Days 2026","March 15, 2026","CERT-2026-0630","High Distinction","Honorary Fellow","Quantum Dynamics"
"Elijah Richardson","elijah.richardson@example.com","Modern DevOps & Kubernetes","Web3 Builders Summit","March 15, 2026","CERT-2026-0631","Distinction","Attendee","NovaTech Global"
"Julia Clark","julia.clark@example.com","Blockchain & Smart Contracts","FutureTech Leadership Forum","March 15, 2026","CERT-2026-0632","Honors","Participant","Apex Digital"
"Derek Adams","derek.adams@example.com","Distributed Systems Engineering","Global Tech Summit 2026","March 15, 2026","CERT-2026-0633","Excellence","Winner - 1st Place","Synthetix AI"
"Carlos Martinez","carlos.martinez@example.com","Next.js & React 19 Enterprise Patterns","AI Innovators Hackathon","March 15, 2026","CERT-2026-0634","Merit","Runner Up","Starlight Ventures"
"David Harris","david.harris@example.com","Autonomous Systems & Robotics","CloudCon Annual 2026","March 15, 2026","CERT-2026-0635","High Distinction","Speaker","OmniCorp Research"
"Suresh Evans","suresh.evans@example.com","Applied Quantum Computing","CyberSec Expo 2026","March 15, 2026","CERT-2026-0636","Distinction","Track Finalist","Aether Interactive"
"Henry Richardson","henry.richardson@example.com","Full Stack Web Development","DesignSprint 2026","March 15, 2026","CERT-2026-0637","Honors","Honorary Fellow","Acme Corporation"
"Victor Walker","victor.walker@example.com","Data Science & AI Bootcamp","DevOps Days 2026","March 15, 2026","CERT-2026-0638","Excellence","Attendee","Nexus Labs"
"Adrian Martinez","adrian.martinez@example.com","Cloud Architecture Mastery","Web3 Builders Summit","March 15, 2026","CERT-2026-0639","Merit","Participant","Horizon Systems"
"Adam Davis","adam.davis@example.com","Cybersecurity Defense Essentials","FutureTech Leadership Forum","March 15, 2026","CERT-2026-0640","High Distinction","Winner - 1st Place","Vanguard Security"
"Cameron Nelson","cameron.nelson@example.com","UI/UX Product Design Masterclass","Global Tech Summit 2026","March 15, 2026","CERT-2026-0641","Distinction","Runner Up","PixelCraft Studio"
"Asher Walker","asher.walker@example.com","Machine Learning Ops (MLOps)","AI Innovators Hackathon","March 15, 2026","CERT-2026-0642","Honors","Speaker","Quantum Dynamics"
"Nathan Kelly","nathan.kelly@example.com","Modern DevOps & Kubernetes","CloudCon Annual 2026","March 15, 2026","CERT-2026-0643","Excellence","Track Finalist","NovaTech Global"
"Ruby Mitra","ruby.mitra@example.com","Blockchain & Smart Contracts","CyberSec Expo 2026","March 15, 2026","CERT-2026-0644","Merit","Honorary Fellow","Apex Digital"
"Marcus Roy","marcus.roy@example.com","Distributed Systems Engineering","DesignSprint 2026","March 15, 2026","CERT-2026-0645","High Distinction","Attendee","Synthetix AI"
"David Sharma","david.sharma@example.com","Next.js & React 19 Enterprise Patterns","DevOps Days 2026","March 15, 2026","CERT-2026-0646","Distinction","Participant","Starlight Ventures"
"Arjun Ortiz","arjun.ortiz@example.com","Autonomous Systems & Robotics","Web3 Builders Summit","March 15, 2026","CERT-2026-0647","Honors","Winner - 1st Place","OmniCorp Research"
"Katelyn Stewart","katelyn.stewart@example.com","Applied Quantum Computing","FutureTech Leadership Forum","March 15, 2026","CERT-2026-0648","Excellence","Runner Up","Aether Interactive"
"Jonathan Murphy","jonathan.murphy@example.com","Full Stack Web Development","Global Tech Summit 2026","March 15, 2026","CERT-2026-0649","Merit","Speaker","Acme Corporation"
"Harper Ramachandran","harper.ramachandran@example.com","Data Science & AI Bootcamp","AI Innovators Hackathon","March 15, 2026","CERT-2026-0650","High Distinction","Track Finalist","Nexus Labs"
"Brianna Morales","brianna.morales@example.com","Cloud Architecture Mastery","CloudCon Annual 2026","March 15, 2026","CERT-2026-0651","Distinction","Honorary Fellow","Horizon Systems"
"Ella Flores","ella.flores@example.com","Cybersecurity Defense Essentials","CyberSec Expo 2026","March 15, 2026","CERT-2026-0652","Honors","Attendee","Vanguard Security"
"Michael Richardson","michael.richardson@example.com","UI/UX Product Design Masterclass","DesignSprint 2026","March 15, 2026","CERT-2026-0653","Excellence","Participant","PixelCraft Studio"
"Joshua Campbell","joshua.campbell@example.com","Machine Learning Ops (MLOps)","DevOps Days 2026","March 15, 2026","CERT-2026-0654","Merit","Winner - 1st Place","Quantum Dynamics"
"Austin Foster","austin.foster@example.com","Modern DevOps & Kubernetes","Web3 Builders Summit","March 15, 2026","CERT-2026-0655","High Distinction","Runner Up","NovaTech Global"
"Kyle Garcia","kyle.garcia@example.com","Blockchain & Smart Contracts","FutureTech Leadership Forum","March 15, 2026","CERT-2026-0656","Distinction","Speaker","Apex Digital"
"Mateo Davis","mateo.davis@example.com","Distributed Systems Engineering","Global Tech Summit 2026","March 15, 2026","CERT-2026-0657","Honors","Track Finalist","Synthetix AI"
"Marcus Das","marcus.das@example.com","Next.js & React 19 Enterprise Patterns","AI Innovators Hackathon","March 15, 2026","CERT-2026-0658","Excellence","Honorary Fellow","Starlight Ventures"
"Ava Iyer","ava.iyer@example.com","Autonomous Systems & Robotics","CloudCon Annual 2026","March 15, 2026","CERT-2026-0659","Merit","Attendee","OmniCorp Research"
"Zoe Okafor","zoe.okafor@example.com","Applied Quantum Computing","CyberSec Expo 2026","March 15, 2026","CERT-2026-0660","High Distinction","Participant","Aether Interactive"
"Suresh Kumar","suresh.kumar@example.com","Full Stack Web Development","DesignSprint 2026","March 15, 2026","CERT-2026-0661","Distinction","Winner - 1st Place","Acme Corporation"
"Suresh Barnes","suresh.barnes@example.com","Data Science & AI Bootcamp","DevOps Days 2026","March 15, 2026","CERT-2026-0662","Honors","Runner Up","Nexus Labs"
"Angela Price","angela.price@example.com","Cloud Architecture Mastery","Web3 Builders Summit","March 15, 2026","CERT-2026-0663","Excellence","Speaker","Horizon Systems"
"Oliver Bennett","oliver.bennett@example.com","Cybersecurity Defense Essentials","FutureTech Leadership Forum","March 15, 2026","CERT-2026-0664","Merit","Track Finalist","Vanguard Security"
"Luna Russell","luna.russell@example.com","UI/UX Product Design Masterclass","Global Tech Summit 2026","March 15, 2026","CERT-2026-0665","High Distinction","Honorary Fellow","PixelCraft Studio"
"Santiago Martin","santiago.martin@example.com","Machine Learning Ops (MLOps)","AI Innovators Hackathon","March 15, 2026","CERT-2026-0666","Distinction","Attendee","Quantum Dynamics"
"Carlos Vance","carlos.vance@example.com","Modern DevOps & Kubernetes","CloudCon Annual 2026","March 15, 2026","CERT-2026-0667","Honors","Participant","NovaTech Global"
"Samuel Wang","samuel.wang@example.com","Blockchain & Smart Contracts","CyberSec Expo 2026","March 15, 2026","CERT-2026-0668","Excellence","Winner - 1st Place","Apex Digital"
"Nolan Murphy","nolan.murphy@example.com","Distributed Systems Engineering","DesignSprint 2026","March 15, 2026","CERT-2026-0669","Merit","Runner Up","Synthetix AI"
"Aurora Verma","aurora.verma@example.com","Next.js & React 19 Enterprise Patterns","DevOps Days 2026","March 15, 2026","CERT-2026-0670","High Distinction","Speaker","Starlight Ventures"
"Daniel Williams","daniel.williams@example.com","Autonomous Systems & Robotics","Web3 Builders Summit","March 15, 2026","CERT-2026-0671","Distinction","Track Finalist","OmniCorp Research"
"Benjamin Brooks","benjamin.brooks@example.com","Applied Quantum Computing","FutureTech Leadership Forum","March 15, 2026","CERT-2026-0672","Honors","Honorary Fellow","Aether Interactive"
"Layla Iyer","layla.iyer@example.com","Full Stack Web Development","Global Tech Summit 2026","March 15, 2026","CERT-2026-0673","Excellence","Attendee","Acme Corporation"
"Marcus Mukherjee","marcus.mukherjee@example.com","Data Science & AI Bootcamp","AI Innovators Hackathon","March 15, 2026","CERT-2026-0674","Merit","Participant","Nexus Labs"
"Julian Turner","julian.turner@example.com","Cloud Architecture Mastery","CloudCon Annual 2026","March 15, 2026","CERT-2026-0675","High Distinction","Winner - 1st Place","Horizon Systems"
"Aria Howard","aria.howard@example.com","Cybersecurity Defense Essentials","CyberSec Expo 2026","March 15, 2026","CERT-2026-0676","Distinction","Runner Up","Vanguard Security"
"Emily Walker","emily.walker@example.com","UI/UX Product Design Masterclass","DesignSprint 2026","March 15, 2026","CERT-2026-0677","Honors","Speaker","PixelCraft Studio"
"Liam Roy","liam.roy@example.com","Machine Learning Ops (MLOps)","DevOps Days 2026","March 15, 2026","CERT-2026-0678","Excellence","Track Finalist","Quantum Dynamics"
"Sam Diaz","sam.diaz@example.com","Modern DevOps & Kubernetes","Web3 Builders Summit","March 15, 2026","CERT-2026-0679","Merit","Honorary Fellow","NovaTech Global"
"Alex Jones","alex.jones@example.com","Blockchain & Smart Contracts","FutureTech Leadership Forum","March 15, 2026","CERT-2026-0680","High Distinction","Attendee","Apex Digital"
"Jordan Watson","jordan.watson@example.com","Distributed Systems Engineering","Global Tech Summit 2026","March 15, 2026","CERT-2026-0681","Distinction","Participant","Synthetix AI"
"Chloe Sullivan","chloe.sullivan@example.com","Next.js & React 19 Enterprise Patterns","AI Innovators Hackathon","March 15, 2026","CERT-2026-0682","Honors","Winner - 1st Place","Starlight Ventures"
"Priya Cox","priya.cox@example.com","Autonomous Systems & Robotics","CloudCon Annual 2026","March 15, 2026","CERT-2026-0683","Excellence","Runner Up","OmniCorp Research"
"Sebastian Turner","sebastian.turner@example.com","Applied Quantum Computing","CyberSec Expo 2026","March 15, 2026","CERT-2026-0684","Merit","Speaker","Aether Interactive"
"Noah Ramirez","noah.ramirez@example.com","Full Stack Web Development","DesignSprint 2026","March 15, 2026","CERT-2026-0685","High Distinction","Track Finalist","Acme Corporation"
"Hannah Richardson","hannah.richardson@example.com","Data Science & AI Bootcamp","DevOps Days 2026","March 15, 2026","CERT-2026-0686","Distinction","Honorary Fellow","Nexus Labs"
"Samuel Ramirez","samuel.ramirez@example.com","Cloud Architecture Mastery","Web3 Builders Summit","March 15, 2026","CERT-2026-0687","Honors","Attendee","Horizon Systems"
"Emily King","emily.king@example.com","Cybersecurity Defense Essentials","FutureTech Leadership Forum","March 15, 2026","CERT-2026-0688","Excellence","Participant","Vanguard Security"
"Mateo Brown","mateo.brown@example.com","UI/UX Product Design Masterclass","Global Tech Summit 2026","March 15, 2026","CERT-2026-0689","Merit","Winner - 1st Place","PixelCraft Studio"
"Ryan Vance","ryan.vance@example.com","Machine Learning Ops (MLOps)","AI Innovators Hackathon","March 15, 2026","CERT-2026-0690","High Distinction","Runner Up","Quantum Dynamics"
"Jack Russell","jack.russell@example.com","Modern DevOps & Kubernetes","CloudCon Annual 2026","March 15, 2026","CERT-2026-0691","Distinction","Speaker","NovaTech Global"
"Aidan Lopez","aidan.lopez@example.com","Blockchain & Smart Contracts","CyberSec Expo 2026","March 15, 2026","CERT-2026-0692","Honors","Track Finalist","Apex Digital"
"Amara Agarwal","amara.agarwal@example.com","Distributed Systems Engineering","DesignSprint 2026","March 15, 2026","CERT-2026-0693","Excellence","Honorary Fellow","Synthetix AI"
"Alexander Harris","alexander.harris@example.com","Next.js & React 19 Enterprise Patterns","DevOps Days 2026","March 15, 2026","CERT-2026-0694","Merit","Attendee","Starlight Ventures"
"Aditi Baker","aditi.baker@example.com","Autonomous Systems & Robotics","Web3 Builders Summit","March 15, 2026","CERT-2026-0695","High Distinction","Participant","OmniCorp Research"
"Derek Johnson","derek.johnson@example.com","Applied Quantum Computing","FutureTech Leadership Forum","March 15, 2026","CERT-2026-0696","Distinction","Winner - 1st Place","Aether Interactive"
"Gabriel Cox","gabriel.cox@example.com","Full Stack Web Development","Global Tech Summit 2026","March 15, 2026","CERT-2026-0697","Honors","Runner Up","Acme Corporation"
"Noah Roberts","noah.roberts@example.com","Data Science & AI Bootcamp","AI Innovators Hackathon","March 15, 2026","CERT-2026-0698","Excellence","Speaker","Nexus Labs"
"Jonathan Hayes","jonathan.hayes@example.com","Cloud Architecture Mastery","CloudCon Annual 2026","March 15, 2026","CERT-2026-0699","Merit","Track Finalist","Horizon Systems"
"Ethan Sengupta","ethan.sengupta@example.com","Cybersecurity Defense Essentials","CyberSec Expo 2026","March 15, 2026","CERT-2026-0700","High Distinction","Honorary Fellow","Vanguard Security"
"Aria Cox","aria.cox@example.com","UI/UX Product Design Masterclass","DesignSprint 2026","March 15, 2026","CERT-2026-0701","Distinction","Attendee","PixelCraft Studio"
"Mila Ramachandran","mila.ramachandran@example.com","Machine Learning Ops (MLOps)","DevOps Days 2026","March 15, 2026","CERT-2026-0702","Honors","Participant","Quantum Dynamics"
"Priya Kumar","priya.kumar@example.com","Modern DevOps & Kubernetes","Web3 Builders Summit","March 15, 2026","CERT-2026-0703","Excellence","Winner - 1st Place","NovaTech Global"
"Layla Wang","layla.wang@example.com","Blockchain & Smart Contracts","FutureTech Leadership Forum","March 15, 2026","CERT-2026-0704","Merit","Runner Up","Apex Digital"
"Mila Richardson","mila.richardson@example.com","Distributed Systems Engineering","Global Tech Summit 2026","March 15, 2026","CERT-2026-0705","High Distinction","Speaker","Synthetix AI"
"John Reed","john.reed@example.com","Next.js & React 19 Enterprise Patterns","AI Innovators Hackathon","March 15, 2026","CERT-2026-0706","Distinction","Track Finalist","Starlight Ventures"
"Benjamin Torres","benjamin.torres@example.com","Autonomous Systems & Robotics","CloudCon Annual 2026","March 15, 2026","CERT-2026-0707","Honors","Honorary Fellow","OmniCorp Research"
"Dominic Powell","dominic.powell@example.com","Applied Quantum Computing","CyberSec Expo 2026","March 15, 2026","CERT-2026-0708","Excellence","Attendee","Aether Interactive"
"Claire Williams","claire.williams@example.com","Full Stack Web Development","DesignSprint 2026","March 15, 2026","CERT-2026-0709","Merit","Participant","Acme Corporation"
"Leo Williams","leo.williams@example.com","Data Science & AI Bootcamp","DevOps Days 2026","March 15, 2026","CERT-2026-0710","High Distinction","Winner - 1st Place","Nexus Labs"
"Priya Ross","priya.ross@example.com","Cloud Architecture Mastery","Web3 Builders Summit","March 15, 2026","CERT-2026-0711","Distinction","Runner Up","Horizon Systems"
"Isaac Evans","isaac.evans@example.com","Cybersecurity Defense Essentials","FutureTech Leadership Forum","March 15, 2026","CERT-2026-0712","Honors","Speaker","Vanguard Security"
"William Bell","william.bell@example.com","UI/UX Product Design Masterclass","Global Tech Summit 2026","March 15, 2026","CERT-2026-0713","Excellence","Track Finalist","PixelCraft Studio"
"Mila Cooper","mila.cooper@example.com","Machine Learning Ops (MLOps)","AI Innovators Hackathon","March 15, 2026","CERT-2026-0714","Merit","Honorary Fellow","Quantum Dynamics"
"Grace Hall","grace.hall@example.com","Modern DevOps & Kubernetes","CloudCon Annual 2026","March 15, 2026","CERT-2026-0715","High Distinction","Attendee","NovaTech Global"
"Ruby Cox","ruby.cox@example.com","Blockchain & Smart Contracts","CyberSec Expo 2026","March 15, 2026","CERT-2026-0716","Distinction","Participant","Apex Digital"
"Harrison Ghosh","harrison.ghosh@example.com","Distributed Systems Engineering","DesignSprint 2026","March 15, 2026","CERT-2026-0717","Honors","Winner - 1st Place","Synthetix AI"
"Adam Kim","adam.kim@example.com","Next.js & React 19 Enterprise Patterns","DevOps Days 2026","March 15, 2026","CERT-2026-0718","Excellence","Runner Up","Starlight Ventures"
"Eleanor Adams","eleanor.adams@example.com","Autonomous Systems & Robotics","Web3 Builders Summit","March 15, 2026","CERT-2026-0719","Merit","Speaker","OmniCorp Research"
"Aria Gomez","aria.gomez@example.com","Applied Quantum Computing","FutureTech Leadership Forum","March 15, 2026","CERT-2026-0720","High Distinction","Track Finalist","Aether Interactive"
"Caleb Young","caleb.young@example.com","Full Stack Web Development","Global Tech Summit 2026","March 15, 2026","CERT-2026-0721","Distinction","Honorary Fellow","Acme Corporation"
"Valerie Jackson","valerie.jackson@example.com","Data Science & AI Bootcamp","AI Innovators Hackathon","March 15, 2026","CERT-2026-0722","Honors","Attendee","Nexus Labs"
"Aurora Baker","aurora.baker@example.com","Cloud Architecture Mastery","CloudCon Annual 2026","March 15, 2026","CERT-2026-0723","Excellence","Participant","Horizon Systems"
"Hannah Roberts","hannah.roberts@example.com","Cybersecurity Defense Essentials","CyberSec Expo 2026","March 15, 2026","CERT-2026-0724","Merit","Winner - 1st Place","Vanguard Security"
"John Turner","john.turner@example.com","UI/UX Product Design Masterclass","DesignSprint 2026","March 15, 2026","CERT-2026-0725","High Distinction","Runner Up","PixelCraft Studio"
"Christian Ward","christian.ward@example.com","Machine Learning Ops (MLOps)","DevOps Days 2026","March 15, 2026","CERT-2026-0726","Distinction","Speaker","Quantum Dynamics"
"Benjamin Turner","benjamin.turner@example.com","Modern DevOps & Kubernetes","Web3 Builders Summit","March 15, 2026","CERT-2026-0727","Honors","Track Finalist","NovaTech Global"
"Gabriel Reed","gabriel.reed@example.com","Blockchain & Smart Contracts","FutureTech Leadership Forum","March 15, 2026","CERT-2026-0728","Excellence","Honorary Fellow","Apex Digital"
"Jack Bhatia","jack.bhatia@example.com","Distributed Systems Engineering","Global Tech Summit 2026","March 15, 2026","CERT-2026-0729","Merit","Attendee","Synthetix AI"
"Ava Johnson","ava.johnson@example.com","Next.js & React 19 Enterprise Patterns","AI Innovators Hackathon","March 15, 2026","CERT-2026-0730","High Distinction","Participant","Starlight Ventures"
"Aaron Ramachandran","aaron.ramachandran@example.com","Autonomous Systems & Robotics","CloudCon Annual 2026","March 15, 2026","CERT-2026-0731","Distinction","Winner - 1st Place","OmniCorp Research"
"Zachary Collins","zachary.collins@example.com","Applied Quantum Computing","CyberSec Expo 2026","March 15, 2026","CERT-2026-0732","Honors","Runner Up","Aether Interactive"
"Nolan Jenkins","nolan.jenkins@example.com","Full Stack Web Development","DesignSprint 2026","March 15, 2026","CERT-2026-0733","Excellence","Speaker","Acme Corporation"
"Alex Garcia","alex.garcia@example.com","Data Science & AI Bootcamp","DevOps Days 2026","March 15, 2026","CERT-2026-0734","Merit","Track Finalist","Nexus Labs"
"Noah Nguyen","noah.nguyen@example.com","Cloud Architecture Mastery","Web3 Builders Summit","March 15, 2026","CERT-2026-0735","High Distinction","Honorary Fellow","Horizon Systems"
"Lucas Hall","lucas.hall@example.com","Cybersecurity Defense Essentials","FutureTech Leadership Forum","March 15, 2026","CERT-2026-0736","Distinction","Attendee","Vanguard Security"
"Aidan Nelson","aidan.nelson@example.com","UI/UX Product Design Masterclass","Global Tech Summit 2026","March 15, 2026","CERT-2026-0737","Honors","Participant","PixelCraft Studio"
"Leo Lee","leo.lee@example.com","Machine Learning Ops (MLOps)","AI Innovators Hackathon","March 15, 2026","CERT-2026-0738","Excellence","Winner - 1st Place","Quantum Dynamics"
"Luke Evans","luke.evans@example.com","Modern DevOps & Kubernetes","CloudCon Annual 2026","March 15, 2026","CERT-2026-0739","Merit","Runner Up","NovaTech Global"
"Chloe Hughes","chloe.hughes@example.com","Blockchain & Smart Contracts","CyberSec Expo 2026","March 15, 2026","CERT-2026-0740","High Distinction","Speaker","Apex Digital"
"Arjun Wood","arjun.wood@example.com","Distributed Systems Engineering","DesignSprint 2026","March 15, 2026","CERT-2026-0741","Distinction","Track Finalist","Synthetix AI"
"Nora Williams","nora.williams@example.com","Next.js & React 19 Enterprise Patterns","DevOps Days 2026","March 15, 2026","CERT-2026-0742","Honors","Honorary Fellow","Starlight Ventures"
"Mateo Nguyen","mateo.nguyen@example.com","Autonomous Systems & Robotics","Web3 Builders Summit","March 15, 2026","CERT-2026-0743","Excellence","Attendee","OmniCorp Research"
"Layla Lewis","layla.lewis@example.com","Applied Quantum Computing","FutureTech Leadership Forum","March 15, 2026","CERT-2026-0744","Merit","Participant","Aether Interactive"
"Asher Clark","asher.clark@example.com","Full Stack Web Development","Global Tech Summit 2026","March 15, 2026","CERT-2026-0745","High Distinction","Winner - 1st Place","Acme Corporation"
"Eli Venkatesh","eli.venkatesh@example.com","Data Science & AI Bootcamp","AI Innovators Hackathon","March 15, 2026","CERT-2026-0746","Distinction","Runner Up","Nexus Labs"
"Isaac Kumar","isaac.kumar@example.com","Cloud Architecture Mastery","CloudCon Annual 2026","March 15, 2026","CERT-2026-0747","Honors","Speaker","Horizon Systems"
"Anthony Silva","anthony.silva@example.com","Cybersecurity Defense Essentials","CyberSec Expo 2026","March 15, 2026","CERT-2026-0748","Excellence","Track Finalist","Vanguard Security"
"Evan Roberts","evan.roberts@example.com","UI/UX Product Design Masterclass","DesignSprint 2026","March 15, 2026","CERT-2026-0749","Merit","Honorary Fellow","PixelCraft Studio"
"Elena Rivera","elena.rivera@example.com","Machine Learning Ops (MLOps)","DevOps Days 2026","March 15, 2026","CERT-2026-0750","High Distinction","Attendee","Quantum Dynamics"
"Evan Ramachandran","evan.ramachandran@example.com","Modern DevOps & Kubernetes","Web3 Builders Summit","March 15, 2026","CERT-2026-0751","Distinction","Participant","NovaTech Global"
"Owen Castillo","owen.castillo@example.com","Blockchain & Smart Contracts","FutureTech Leadership Forum","March 15, 2026","CERT-2026-0752","Honors","Winner - 1st Place","Apex Digital"
"Jordan Alvarez","jordan.alvarez@example.com","Distributed Systems Engineering","Global Tech Summit 2026","March 15, 2026","CERT-2026-0753","Excellence","Runner Up","Synthetix AI"
"Victor Patel","victor.patel@example.com","Next.js & React 19 Enterprise Patterns","AI Innovators Hackathon","March 15, 2026","CERT-2026-0754","Merit","Speaker","Starlight Ventures"
"Sebastian Kapoor","sebastian.kapoor@example.com","Autonomous Systems & Robotics","CloudCon Annual 2026","March 15, 2026","CERT-2026-0755","High Distinction","Track Finalist","OmniCorp Research"
"Harper James","harper.james@example.com","Applied Quantum Computing","CyberSec Expo 2026","March 15, 2026","CERT-2026-0756","Distinction","Honorary Fellow","Aether Interactive"
"Alexander Evans","alexander.evans@example.com","Full Stack Web Development","DesignSprint 2026","March 15, 2026","CERT-2026-0757","Honors","Attendee","Acme Corporation"
"Joseph Peterson","joseph.peterson@example.com","Data Science & AI Bootcamp","DevOps Days 2026","March 15, 2026","CERT-2026-0758","Excellence","Participant","Nexus Labs"
"Alex Green","alex.green@example.com","Cloud Architecture Mastery","Web3 Builders Summit","March 15, 2026","CERT-2026-0759","Merit","Winner - 1st Place","Horizon Systems"
"Maya Kulkarni","maya.kulkarni@example.com","Cybersecurity Defense Essentials","FutureTech Leadership Forum","March 15, 2026","CERT-2026-0760","High Distinction","Runner Up","Vanguard Security"
"Noah Park","noah.park@example.com","UI/UX Product Design Masterclass","Global Tech Summit 2026","March 15, 2026","CERT-2026-0761","Distinction","Speaker","PixelCraft Studio"
"Xavier Kumar","xavier.kumar@example.com","Machine Learning Ops (MLOps)","AI Innovators Hackathon","March 15, 2026","CERT-2026-0762","Honors","Track Finalist","Quantum Dynamics"
"Mason Roy","mason.roy@example.com","Modern DevOps & Kubernetes","CloudCon Annual 2026","March 15, 2026","CERT-2026-0763","Excellence","Honorary Fellow","NovaTech Global"
"Rohan Jackson","rohan.jackson@example.com","Blockchain & Smart Contracts","CyberSec Expo 2026","March 15, 2026","CERT-2026-0764","Merit","Attendee","Apex Digital"
"Brianna Ortiz","brianna.ortiz@example.com","Distributed Systems Engineering","DesignSprint 2026","March 15, 2026","CERT-2026-0765","High Distinction","Participant","Synthetix AI"
"Jack Brooks","jack.brooks@example.com","Next.js & React 19 Enterprise Patterns","DevOps Days 2026","March 15, 2026","CERT-2026-0766","Distinction","Winner - 1st Place","Starlight Ventures"
"Madeline Park","madeline.park@example.com","Autonomous Systems & Robotics","Web3 Builders Summit","March 15, 2026","CERT-2026-0767","Honors","Runner Up","OmniCorp Research"
"Emily Diaz","emily.diaz@example.com","Applied Quantum Computing","FutureTech Leadership Forum","March 15, 2026","CERT-2026-0768","Excellence","Speaker","Aether Interactive"
"Nora Howard","nora.howard@example.com","Full Stack Web Development","Global Tech Summit 2026","March 15, 2026","CERT-2026-0769","Merit","Track Finalist","Acme Corporation"
"Chloe Baker","chloe.baker@example.com","Data Science & AI Bootcamp","AI Innovators Hackathon","March 15, 2026","CERT-2026-0770","High Distinction","Honorary Fellow","Nexus Labs"
"Noah Hill","noah.hill@example.com","Cloud Architecture Mastery","CloudCon Annual 2026","March 15, 2026","CERT-2026-0771","Distinction","Attendee","Horizon Systems"
"Andre Peterson","andre.peterson@example.com","Cybersecurity Defense Essentials","CyberSec Expo 2026","March 15, 2026","CERT-2026-0772","Honors","Participant","Vanguard Security"
"Caleb Vance","caleb.vance@example.com","UI/UX Product Design Masterclass","DesignSprint 2026","March 15, 2026","CERT-2026-0773","Excellence","Winner - 1st Place","PixelCraft Studio"
"Hannah Thomas","hannah.thomas@example.com","Machine Learning Ops (MLOps)","DevOps Days 2026","March 15, 2026","CERT-2026-0774","Merit","Runner Up","Quantum Dynamics"
"Andre Foster","andre.foster@example.com","Modern DevOps & Kubernetes","Web3 Builders Summit","March 15, 2026","CERT-2026-0775","High Distinction","Speaker","NovaTech Global"
"Aaron Silva","aaron.silva@example.com","Blockchain & Smart Contracts","FutureTech Leadership Forum","March 15, 2026","CERT-2026-0776","Distinction","Track Finalist","Apex Digital"
"Abigail Diaz","abigail.diaz@example.com","Distributed Systems Engineering","Global Tech Summit 2026","March 15, 2026","CERT-2026-0777","Honors","Honorary Fellow","Synthetix AI"
"Priya Baker","priya.baker@example.com","Next.js & React 19 Enterprise Patterns","AI Innovators Hackathon","March 15, 2026","CERT-2026-0778","Excellence","Attendee","Starlight Ventures"
"Asher Mitra","asher.mitra@example.com","Autonomous Systems & Robotics","CloudCon Annual 2026","March 15, 2026","CERT-2026-0779","Merit","Participant","OmniCorp Research"
"Connor Park","connor.park@example.com","Applied Quantum Computing","CyberSec Expo 2026","March 15, 2026","CERT-2026-0780","High Distinction","Winner - 1st Place","Aether Interactive"
"Angela Perez","angela.perez@example.com","Full Stack Web Development","DesignSprint 2026","March 15, 2026","CERT-2026-0781","Distinction","Runner Up","Acme Corporation"
"Christian Sanders","christian.sanders@example.com","Data Science & AI Bootcamp","DevOps Days 2026","March 15, 2026","CERT-2026-0782","Honors","Speaker","Nexus Labs"
"Marcus Williams","marcus.williams@example.com","Cloud Architecture Mastery","Web3 Builders Summit","March 15, 2026","CERT-2026-0783","Excellence","Track Finalist","Horizon Systems"
"Sophia Rodriguez","sophia.rodriguez@example.com","Cybersecurity Defense Essentials","FutureTech Leadership Forum","March 15, 2026","CERT-2026-0784","Merit","Honorary Fellow","Vanguard Security"
"Evan Ward","evan.ward@example.com","UI/UX Product Design Masterclass","Global Tech Summit 2026","March 15, 2026","CERT-2026-0785","High Distinction","Attendee","PixelCraft Studio"
"Vikram Barnes","vikram.barnes@example.com","Machine Learning Ops (MLOps)","AI Innovators Hackathon","March 15, 2026","CERT-2026-0786","Distinction","Participant","Quantum Dynamics"
"Ella Morgan","ella.morgan@example.com","Modern DevOps & Kubernetes","CloudCon Annual 2026","March 15, 2026","CERT-2026-0787","Honors","Winner - 1st Place","NovaTech Global"
"Marcus Lopez","marcus.lopez@example.com","Blockchain & Smart Contracts","CyberSec Expo 2026","March 15, 2026","CERT-2026-0788","Excellence","Runner Up","Apex Digital"
"Aditi O'Connor","aditi.o.connor@example.com","Distributed Systems Engineering","DesignSprint 2026","March 15, 2026","CERT-2026-0789","Merit","Speaker","Synthetix AI"
"Elena Foster","elena.foster@example.com","Next.js & React 19 Enterprise Patterns","DevOps Days 2026","March 15, 2026","CERT-2026-0790","High Distinction","Track Finalist","Starlight Ventures"
"Karan Watson","karan.watson@example.com","Autonomous Systems & Robotics","Web3 Builders Summit","March 15, 2026","CERT-2026-0791","Distinction","Honorary Fellow","OmniCorp Research"
"Ella Coleman","ella.coleman@example.com","Applied Quantum Computing","FutureTech Leadership Forum","March 15, 2026","CERT-2026-0792","Honors","Attendee","Aether Interactive"
"Kyle Kulkarni","kyle.kulkarni@example.com","Full Stack Web Development","Global Tech Summit 2026","March 15, 2026","CERT-2026-0793","Excellence","Participant","Acme Corporation"
"Alexander Brown","alexander.brown@example.com","Data Science & AI Bootcamp","AI Innovators Hackathon","March 15, 2026","CERT-2026-0794","Merit","Winner - 1st Place","Nexus Labs"
"Grace Vance","grace.vance@example.com","Cloud Architecture Mastery","CloudCon Annual 2026","March 15, 2026","CERT-2026-0795","High Distinction","Runner Up","Horizon Systems"
"Nicholas Alvarez","nicholas.alvarez@example.com","Cybersecurity Defense Essentials","CyberSec Expo 2026","March 15, 2026","CERT-2026-0796","Distinction","Speaker","Vanguard Security"
"Sebastian Ward","sebastian.ward@example.com","UI/UX Product Design Masterclass","DesignSprint 2026","March 15, 2026","CERT-2026-0797","Honors","Track Finalist","PixelCraft Studio"
"Sam Sanders","sam.sanders@example.com","Machine Learning Ops (MLOps)","DevOps Days 2026","March 15, 2026","CERT-2026-0798","Excellence","Honorary Fellow","Quantum Dynamics"
"Connor Wang","connor.wang@example.com","Modern DevOps & Kubernetes","Web3 Builders Summit","March 15, 2026","CERT-2026-0799","Merit","Attendee","NovaTech Global"
"Nicholas Myers","nicholas.myers@example.com","Blockchain & Smart Contracts","FutureTech Leadership Forum","March 15, 2026","CERT-2026-0800","High Distinction","Participant","Apex Digital"
"Sarah Baker","sarah.baker@example.com","Distributed Systems Engineering","Global Tech Summit 2026","March 15, 2026","CERT-2026-0801","Distinction","Winner - 1st Place","Synthetix AI"
"Ella O'Connor","ella.o.connor@example.com","Next.js & React 19 Enterprise Patterns","AI Innovators Hackathon","March 15, 2026","CERT-2026-0802","Honors","Runner Up","Starlight Ventures"
"Lucas Morales","lucas.morales@example.com","Autonomous Systems & Robotics","CloudCon Annual 2026","March 15, 2026","CERT-2026-0803","Excellence","Speaker","OmniCorp Research"
"Mila Hughes","mila.hughes@example.com","Applied Quantum Computing","CyberSec Expo 2026","March 15, 2026","CERT-2026-0804","Merit","Track Finalist","Aether Interactive"
"Priya Lewis","priya.lewis@example.com","Full Stack Web Development","DesignSprint 2026","March 15, 2026","CERT-2026-0805","High Distinction","Honorary Fellow","Acme Corporation"
"Joseph Brown","joseph.brown@example.com","Data Science & AI Bootcamp","DevOps Days 2026","March 15, 2026","CERT-2026-0806","Distinction","Attendee","Nexus Labs"
"Ella Campbell","ella.campbell@example.com","Cloud Architecture Mastery","Web3 Builders Summit","March 15, 2026","CERT-2026-0807","Honors","Participant","Horizon Systems"
"Henry Das","henry.das@example.com","Cybersecurity Defense Essentials","FutureTech Leadership Forum","March 15, 2026","CERT-2026-0808","Excellence","Winner - 1st Place","Vanguard Security"
"Arthur Sharma","arthur.sharma@example.com","UI/UX Product Design Masterclass","Global Tech Summit 2026","March 15, 2026","CERT-2026-0809","Merit","Runner Up","PixelCraft Studio"
"Dominic Barnes","dominic.barnes@example.com","Machine Learning Ops (MLOps)","AI Innovators Hackathon","March 15, 2026","CERT-2026-0810","High Distinction","Speaker","Quantum Dynamics"
"Brianna Silva","brianna.silva@example.com","Modern DevOps & Kubernetes","CloudCon Annual 2026","March 15, 2026","CERT-2026-0811","Distinction","Track Finalist","NovaTech Global"
"Henry Lopez","henry.lopez@example.com","Blockchain & Smart Contracts","CyberSec Expo 2026","March 15, 2026","CERT-2026-0812","Honors","Honorary Fellow","Apex Digital"
"Gabriel Agarwal","gabriel.agarwal@example.com","Distributed Systems Engineering","DesignSprint 2026","March 15, 2026","CERT-2026-0813","Excellence","Attendee","Synthetix AI"
"Sebastian Kim","sebastian.kim@example.com","Next.js & React 19 Enterprise Patterns","DevOps Days 2026","March 15, 2026","CERT-2026-0814","Merit","Participant","Starlight Ventures"
"Claire Stewart","claire.stewart@example.com","Autonomous Systems & Robotics","Web3 Builders Summit","March 15, 2026","CERT-2026-0815","High Distinction","Winner - 1st Place","OmniCorp Research"
"William Kim","william.kim@example.com","Applied Quantum Computing","FutureTech Leadership Forum","March 15, 2026","CERT-2026-0816","Distinction","Runner Up","Aether Interactive"
"Andre Taylor","andre.taylor@example.com","Full Stack Web Development","Global Tech Summit 2026","March 15, 2026","CERT-2026-0817","Honors","Speaker","Acme Corporation"
"Chloe James","chloe.james@example.com","Data Science & AI Bootcamp","AI Innovators Hackathon","March 15, 2026","CERT-2026-0818","Excellence","Track Finalist","Nexus Labs"
"Jack Evans","jack.evans@example.com","Cloud Architecture Mastery","CloudCon Annual 2026","March 15, 2026","CERT-2026-0819","Merit","Honorary Fellow","Horizon Systems"
"Gabriel Kim","gabriel.kim@example.com","Cybersecurity Defense Essentials","CyberSec Expo 2026","March 15, 2026","CERT-2026-0820","High Distinction","Attendee","Vanguard Security"
"Kyle Lee","kyle.lee@example.com","UI/UX Product Design Masterclass","DesignSprint 2026","March 15, 2026","CERT-2026-0821","Distinction","Participant","PixelCraft Studio"
"Nathan Nguyen","nathan.nguyen@example.com","Machine Learning Ops (MLOps)","DevOps Days 2026","March 15, 2026","CERT-2026-0822","Honors","Winner - 1st Place","Quantum Dynamics"
"Devon Cooper","devon.cooper@example.com","Modern DevOps & Kubernetes","Web3 Builders Summit","March 15, 2026","CERT-2026-0823","Excellence","Runner Up","NovaTech Global"
"Kyle Baker","kyle.baker@example.com","Blockchain & Smart Contracts","FutureTech Leadership Forum","March 15, 2026","CERT-2026-0824","Merit","Speaker","Apex Digital"
"Sophia Flores","sophia.flores@example.com","Distributed Systems Engineering","Global Tech Summit 2026","March 15, 2026","CERT-2026-0825","High Distinction","Track Finalist","Synthetix AI"
"Logan Cooper","logan.cooper@example.com","Next.js & React 19 Enterprise Patterns","AI Innovators Hackathon","March 15, 2026","CERT-2026-0826","Distinction","Honorary Fellow","Starlight Ventures"
"Leo Taylor","leo.taylor@example.com","Autonomous Systems & Robotics","CloudCon Annual 2026","March 15, 2026","CERT-2026-0827","Honors","Attendee","OmniCorp Research"
"Kevin Kulkarni","kevin.kulkarni@example.com","Applied Quantum Computing","CyberSec Expo 2026","March 15, 2026","CERT-2026-0828","Excellence","Participant","Aether Interactive"
"Olivia Green","olivia.green@example.com","Full Stack Web Development","DesignSprint 2026","March 15, 2026","CERT-2026-0829","Merit","Winner - 1st Place","Acme Corporation"
"Amelia Rao","amelia.rao@example.com","Data Science & AI Bootcamp","DevOps Days 2026","March 15, 2026","CERT-2026-0830","High Distinction","Runner Up","Nexus Labs"
"Nora Wright","nora.wright@example.com","Cloud Architecture Mastery","Web3 Builders Summit","March 15, 2026","CERT-2026-0831","Distinction","Speaker","Horizon Systems"
"Ruby Roy","ruby.roy@example.com","Cybersecurity Defense Essentials","FutureTech Leadership Forum","March 15, 2026","CERT-2026-0832","Honors","Track Finalist","Vanguard Security"
"Claire Silva","claire.silva@example.com","UI/UX Product Design Masterclass","Global Tech Summit 2026","March 15, 2026","CERT-2026-0833","Excellence","Honorary Fellow","PixelCraft Studio"
"Karan Venkatesh","karan.venkatesh@example.com","Machine Learning Ops (MLOps)","AI Innovators Hackathon","March 15, 2026","CERT-2026-0834","Merit","Attendee","Quantum Dynamics"
"Xavier Jenkins","xavier.jenkins@example.com","Modern DevOps & Kubernetes","CloudCon Annual 2026","March 15, 2026","CERT-2026-0835","High Distinction","Participant","NovaTech Global"
"Rafael Sengupta","rafael.sengupta@example.com","Blockchain & Smart Contracts","CyberSec Expo 2026","March 15, 2026","CERT-2026-0836","Distinction","Winner - 1st Place","Apex Digital"
"Luna Kim","luna.kim@example.com","Distributed Systems Engineering","DesignSprint 2026","March 15, 2026","CERT-2026-0837","Honors","Runner Up","Synthetix AI"
"Derek Iyer","derek.iyer@example.com","Next.js & React 19 Enterprise Patterns","DevOps Days 2026","March 15, 2026","CERT-2026-0838","Excellence","Speaker","Starlight Ventures"
"Priya Watson","priya.watson@example.com","Autonomous Systems & Robotics","Web3 Builders Summit","March 15, 2026","CERT-2026-0839","Merit","Track Finalist","OmniCorp Research"
"Derek Verma","derek.verma@example.com","Applied Quantum Computing","FutureTech Leadership Forum","March 15, 2026","CERT-2026-0840","High Distinction","Honorary Fellow","Aether Interactive"
"Elizabeth Williams","elizabeth.williams@example.com","Full Stack Web Development","Global Tech Summit 2026","March 15, 2026","CERT-2026-0841","Distinction","Attendee","Acme Corporation"
"Madeline Banerjee","madeline.banerjee@example.com","Data Science & AI Bootcamp","AI Innovators Hackathon","March 15, 2026","CERT-2026-0842","Honors","Participant","Nexus Labs"
"Christian Sengupta","christian.sengupta@example.com","Cloud Architecture Mastery","CloudCon Annual 2026","March 15, 2026","CERT-2026-0843","Excellence","Winner - 1st Place","Horizon Systems"
"Zoe Iyer","zoe.iyer@example.com","Cybersecurity Defense Essentials","CyberSec Expo 2026","March 15, 2026","CERT-2026-0844","Merit","Runner Up","Vanguard Security"
"Liam Cox","liam.cox@example.com","UI/UX Product Design Masterclass","DesignSprint 2026","March 15, 2026","CERT-2026-0845","High Distinction","Speaker","PixelCraft Studio"
"Layla Okafor","layla.okafor@example.com","Machine Learning Ops (MLOps)","DevOps Days 2026","March 15, 2026","CERT-2026-0846","Distinction","Track Finalist","Quantum Dynamics"
"Leo Hill","leo.hill@example.com","Modern DevOps & Kubernetes","Web3 Builders Summit","March 15, 2026","CERT-2026-0847","Honors","Honorary Fellow","NovaTech Global"
"Logan Banerjee","logan.banerjee@example.com","Blockchain & Smart Contracts","FutureTech Leadership Forum","March 15, 2026","CERT-2026-0848","Excellence","Attendee","Apex Digital"
"Leo Johnson","leo.johnson@example.com","Distributed Systems Engineering","Global Tech Summit 2026","March 15, 2026","CERT-2026-0849","Merit","Participant","Synthetix AI"
"Katelyn Jones","katelyn.jones@example.com","Next.js & React 19 Enterprise Patterns","AI Innovators Hackathon","March 15, 2026","CERT-2026-0850","High Distinction","Winner - 1st Place","Starlight Ventures"
"Rohan Sengupta","rohan.sengupta@example.com","Autonomous Systems & Robotics","CloudCon Annual 2026","March 15, 2026","CERT-2026-0851","Distinction","Runner Up","OmniCorp Research"
"Connor Turner","connor.turner@example.com","Applied Quantum Computing","CyberSec Expo 2026","March 15, 2026","CERT-2026-0852","Honors","Speaker","Aether Interactive"
"Kiran Iyer","kiran.iyer@example.com","Full Stack Web Development","DesignSprint 2026","March 15, 2026","CERT-2026-0853","Excellence","Track Finalist","Acme Corporation"
"Valerie Venkatesh","valerie.venkatesh@example.com","Data Science & AI Bootcamp","DevOps Days 2026","March 15, 2026","CERT-2026-0854","Merit","Honorary Fellow","Nexus Labs"
"Eli Ortiz","eli.ortiz@example.com","Cloud Architecture Mastery","Web3 Builders Summit","March 15, 2026","CERT-2026-0855","High Distinction","Attendee","Horizon Systems"
"Ruby Ross","ruby.ross@example.com","Cybersecurity Defense Essentials","FutureTech Leadership Forum","March 15, 2026","CERT-2026-0856","Distinction","Participant","Vanguard Security"
"Eleanor Powell","eleanor.powell@example.com","UI/UX Product Design Masterclass","Global Tech Summit 2026","March 15, 2026","CERT-2026-0857","Honors","Winner - 1st Place","PixelCraft Studio"
"Karan Ramirez","karan.ramirez@example.com","Machine Learning Ops (MLOps)","AI Innovators Hackathon","March 15, 2026","CERT-2026-0858","Excellence","Runner Up","Quantum Dynamics"
"Alexander Patel","alexander.patel@example.com","Modern DevOps & Kubernetes","CloudCon Annual 2026","March 15, 2026","CERT-2026-0859","Merit","Speaker","NovaTech Global"
"Cameron Jones","cameron.jones@example.com","Blockchain & Smart Contracts","CyberSec Expo 2026","March 15, 2026","CERT-2026-0860","High Distinction","Track Finalist","Apex Digital"
"Gabriel Roy","gabriel.roy@example.com","Distributed Systems Engineering","DesignSprint 2026","March 15, 2026","CERT-2026-0861","Distinction","Honorary Fellow","Synthetix AI"
"Michael Peterson","michael.peterson@example.com","Next.js & React 19 Enterprise Patterns","DevOps Days 2026","March 15, 2026","CERT-2026-0862","Honors","Attendee","Starlight Ventures"
"Elena Murphy","elena.murphy@example.com","Autonomous Systems & Robotics","Web3 Builders Summit","March 15, 2026","CERT-2026-0863","Excellence","Participant","OmniCorp Research"
"Chloe Zhang","chloe.zhang@example.com","Applied Quantum Computing","FutureTech Leadership Forum","March 15, 2026","CERT-2026-0864","Merit","Winner - 1st Place","Aether Interactive"
"Austin King","austin.king@example.com","Full Stack Web Development","Global Tech Summit 2026","March 15, 2026","CERT-2026-0865","High Distinction","Runner Up","Acme Corporation"
"Suresh Joshi","suresh.joshi@example.com","Data Science & AI Bootcamp","AI Innovators Hackathon","March 15, 2026","CERT-2026-0866","Distinction","Speaker","Nexus Labs"
"Tyler Patel","tyler.patel@example.com","Cloud Architecture Mastery","CloudCon Annual 2026","March 15, 2026","CERT-2026-0867","Honors","Track Finalist","Horizon Systems"
"Nolan Goswami","nolan.goswami@example.com","Cybersecurity Defense Essentials","CyberSec Expo 2026","March 15, 2026","CERT-2026-0868","Excellence","Honorary Fellow","Vanguard Security"
"Cameron Rao","cameron.rao@example.com","UI/UX Product Design Masterclass","DesignSprint 2026","March 15, 2026","CERT-2026-0869","Merit","Attendee","PixelCraft Studio"
"David Martin","david.martin@example.com","Machine Learning Ops (MLOps)","DevOps Days 2026","March 15, 2026","CERT-2026-0870","High Distinction","Participant","Quantum Dynamics"
"Adam Park","adam.park@example.com","Modern DevOps & Kubernetes","Web3 Builders Summit","March 15, 2026","CERT-2026-0871","Distinction","Winner - 1st Place","NovaTech Global"
"Hannah Lewis","hannah.lewis@example.com","Blockchain & Smart Contracts","FutureTech Leadership Forum","March 15, 2026","CERT-2026-0872","Honors","Runner Up","Apex Digital"
"Andre Rodriguez","andre.rodriguez@example.com","Distributed Systems Engineering","Global Tech Summit 2026","March 15, 2026","CERT-2026-0873","Excellence","Speaker","Synthetix AI"
"Anthony Hayes","anthony.hayes@example.com","Next.js & React 19 Enterprise Patterns","AI Innovators Hackathon","March 15, 2026","CERT-2026-0874","Merit","Track Finalist","Starlight Ventures"
"Isaac Goswami","isaac.goswami@example.com","Autonomous Systems & Robotics","CloudCon Annual 2026","March 15, 2026","CERT-2026-0875","High Distinction","Honorary Fellow","OmniCorp Research"
"Daniel Joshi","daniel.joshi@example.com","Applied Quantum Computing","CyberSec Expo 2026","March 15, 2026","CERT-2026-0876","Distinction","Attendee","Aether Interactive"
"Elijah Anderson","elijah.anderson@example.com","Full Stack Web Development","DesignSprint 2026","March 15, 2026","CERT-2026-0877","Honors","Participant","Acme Corporation"
"Ruby James","ruby.james@example.com","Data Science & AI Bootcamp","DevOps Days 2026","March 15, 2026","CERT-2026-0878","Excellence","Winner - 1st Place","Nexus Labs"
"Cameron Moore","cameron.moore@example.com","Cloud Architecture Mastery","Web3 Builders Summit","March 15, 2026","CERT-2026-0879","Merit","Runner Up","Horizon Systems"
"Kiran Kim","kiran.kim@example.com","Cybersecurity Defense Essentials","FutureTech Leadership Forum","March 15, 2026","CERT-2026-0880","High Distinction","Speaker","Vanguard Security"
"Kiran Ramachandran","kiran.ramachandran@example.com","UI/UX Product Design Masterclass","Global Tech Summit 2026","March 15, 2026","CERT-2026-0881","Distinction","Track Finalist","PixelCraft Studio"
"Angela Bhatia","angela.bhatia@example.com","Machine Learning Ops (MLOps)","AI Innovators Hackathon","March 15, 2026","CERT-2026-0882","Honors","Honorary Fellow","Quantum Dynamics"
"Mila Roy","mila.roy@example.com","Modern DevOps & Kubernetes","CloudCon Annual 2026","March 15, 2026","CERT-2026-0883","Excellence","Attendee","NovaTech Global"
"Isabella Castillo","isabella.castillo@example.com","Blockchain & Smart Contracts","CyberSec Expo 2026","March 15, 2026","CERT-2026-0884","Merit","Participant","Apex Digital"
"Rafael Young","rafael.young@example.com","Distributed Systems Engineering","DesignSprint 2026","March 15, 2026","CERT-2026-0885","High Distinction","Winner - 1st Place","Synthetix AI"
"Devon Morales","devon.morales@example.com","Next.js & React 19 Enterprise Patterns","DevOps Days 2026","March 15, 2026","CERT-2026-0886","Distinction","Runner Up","Starlight Ventures"
"Aria Richardson","aria.richardson@example.com","Autonomous Systems & Robotics","Web3 Builders Summit","March 15, 2026","CERT-2026-0887","Honors","Speaker","OmniCorp Research"
"Arjun Baker","arjun.baker@example.com","Applied Quantum Computing","FutureTech Leadership Forum","March 15, 2026","CERT-2026-0888","Excellence","Track Finalist","Aether Interactive"
"Ian Gupta","ian.gupta@example.com","Full Stack Web Development","Global Tech Summit 2026","March 15, 2026","CERT-2026-0889","Merit","Honorary Fellow","Acme Corporation"
"Ryan Rivera","ryan.rivera@example.com","Data Science & AI Bootcamp","AI Innovators Hackathon","March 15, 2026","CERT-2026-0890","High Distinction","Attendee","Nexus Labs"
"Angela Smith","angela.smith@example.com","Cloud Architecture Mastery","CloudCon Annual 2026","March 15, 2026","CERT-2026-0891","Distinction","Participant","Horizon Systems"
"Daniel Kulkarni","daniel.kulkarni@example.com","Cybersecurity Defense Essentials","CyberSec Expo 2026","March 15, 2026","CERT-2026-0892","Honors","Winner - 1st Place","Vanguard Security"
"Luna Diaz","luna.diaz@example.com","UI/UX Product Design Masterclass","DesignSprint 2026","March 15, 2026","CERT-2026-0893","Excellence","Runner Up","PixelCraft Studio"
"Devon Alvarez","devon.alvarez@example.com","Machine Learning Ops (MLOps)","DevOps Days 2026","March 15, 2026","CERT-2026-0894","Merit","Speaker","Quantum Dynamics"
"Evan Martin","evan.martin@example.com","Modern DevOps & Kubernetes","Web3 Builders Summit","March 15, 2026","CERT-2026-0895","High Distinction","Track Finalist","NovaTech Global"
"Kayla Reed","kayla.reed@example.com","Blockchain & Smart Contracts","FutureTech Leadership Forum","March 15, 2026","CERT-2026-0896","Distinction","Honorary Fellow","Apex Digital"
"Ethan Kumar","ethan.kumar@example.com","Distributed Systems Engineering","Global Tech Summit 2026","March 15, 2026","CERT-2026-0897","Honors","Attendee","Synthetix AI"
"Abigail Cox","abigail.cox@example.com","Next.js & React 19 Enterprise Patterns","AI Innovators Hackathon","March 15, 2026","CERT-2026-0898","Excellence","Participant","Starlight Ventures"
"Michael Kelly","michael.kelly@example.com","Autonomous Systems & Robotics","CloudCon Annual 2026","March 15, 2026","CERT-2026-0899","Merit","Winner - 1st Place","OmniCorp Research"
"Ruby Miller","ruby.miller@example.com","Applied Quantum Computing","CyberSec Expo 2026","March 15, 2026","CERT-2026-0900","High Distinction","Runner Up","Aether Interactive"
"Rohan Powell","rohan.powell@example.com","Full Stack Web Development","DesignSprint 2026","March 15, 2026","CERT-2026-0901","Distinction","Speaker","Acme Corporation"
"Marcus Lee","marcus.lee@example.com","Data Science & AI Bootcamp","DevOps Days 2026","March 15, 2026","CERT-2026-0902","Honors","Track Finalist","Nexus Labs"
"Aaron Chen","aaron.chen@example.com","Cloud Architecture Mastery","Web3 Builders Summit","March 15, 2026","CERT-2026-0903","Excellence","Honorary Fellow","Horizon Systems"
"Aditi Gupta","aditi.gupta@example.com","Cybersecurity Defense Essentials","FutureTech Leadership Forum","March 15, 2026","CERT-2026-0904","Merit","Attendee","Vanguard Security"
"Leo Baker","leo.baker@example.com","UI/UX Product Design Masterclass","Global Tech Summit 2026","March 15, 2026","CERT-2026-0905","High Distinction","Participant","PixelCraft Studio"
"Kyle Morgan","kyle.morgan@example.com","Machine Learning Ops (MLOps)","AI Innovators Hackathon","March 15, 2026","CERT-2026-0906","Distinction","Winner - 1st Place","Quantum Dynamics"
"Emma Gomez","emma.gomez@example.com","Modern DevOps & Kubernetes","CloudCon Annual 2026","March 15, 2026","CERT-2026-0907","Honors","Runner Up","NovaTech Global"
"Ryan Sengupta","ryan.sengupta@example.com","Blockchain & Smart Contracts","CyberSec Expo 2026","March 15, 2026","CERT-2026-0908","Excellence","Speaker","Apex Digital"
"Aaron Hall","aaron.hall@example.com","Distributed Systems Engineering","DesignSprint 2026","March 15, 2026","CERT-2026-0909","Merit","Track Finalist","Synthetix AI"
"Nora Kumar","nora.kumar@example.com","Next.js & React 19 Enterprise Patterns","DevOps Days 2026","March 15, 2026","CERT-2026-0910","High Distinction","Honorary Fellow","Starlight Ventures"
"Elizabeth Roberts","elizabeth.roberts@example.com","Autonomous Systems & Robotics","Web3 Builders Summit","March 15, 2026","CERT-2026-0911","Distinction","Attendee","OmniCorp Research"
"Arjun Torres","arjun.torres@example.com","Applied Quantum Computing","FutureTech Leadership Forum","March 15, 2026","CERT-2026-0912","Honors","Participant","Aether Interactive"
"Amara Watson","amara.watson@example.com","Full Stack Web Development","Global Tech Summit 2026","March 15, 2026","CERT-2026-0913","Excellence","Winner - 1st Place","Acme Corporation"
"Evan Miller","evan.miller@example.com","Data Science & AI Bootcamp","AI Innovators Hackathon","March 15, 2026","CERT-2026-0914","Merit","Runner Up","Nexus Labs"
"Aditi Gray","aditi.gray@example.com","Cloud Architecture Mastery","CloudCon Annual 2026","March 15, 2026","CERT-2026-0915","High Distinction","Speaker","Horizon Systems"
"Victor Hernandez","victor.hernandez@example.com","Cybersecurity Defense Essentials","CyberSec Expo 2026","March 15, 2026","CERT-2026-0916","Distinction","Track Finalist","Vanguard Security"
"Chloe Barnes","chloe.barnes@example.com","UI/UX Product Design Masterclass","DesignSprint 2026","March 15, 2026","CERT-2026-0917","Honors","Honorary Fellow","PixelCraft Studio"
"Adrian Martin","adrian.martin@example.com","Machine Learning Ops (MLOps)","DevOps Days 2026","March 15, 2026","CERT-2026-0918","Excellence","Attendee","Quantum Dynamics"
"Aaron Kim","aaron.kim@example.com","Modern DevOps & Kubernetes","Web3 Builders Summit","March 15, 2026","CERT-2026-0919","Merit","Participant","NovaTech Global"
"Jayden James","jayden.james@example.com","Blockchain & Smart Contracts","FutureTech Leadership Forum","March 15, 2026","CERT-2026-0920","High Distinction","Winner - 1st Place","Apex Digital"
"Leo Turner","leo.turner@example.com","Distributed Systems Engineering","Global Tech Summit 2026","March 15, 2026","CERT-2026-0921","Distinction","Runner Up","Synthetix AI"
"Dominic Agarwal","dominic.agarwal@example.com","Next.js & React 19 Enterprise Patterns","AI Innovators Hackathon","March 15, 2026","CERT-2026-0922","Honors","Speaker","Starlight Ventures"
"Derek Chen","derek.chen@example.com","Autonomous Systems & Robotics","CloudCon Annual 2026","March 15, 2026","CERT-2026-0923","Excellence","Track Finalist","OmniCorp Research"
"Andre Thomas","andre.thomas@example.com","Applied Quantum Computing","CyberSec Expo 2026","March 15, 2026","CERT-2026-0924","Merit","Honorary Fellow","Aether Interactive"
"Alexander Williams","alexander.williams@example.com","Full Stack Web Development","DesignSprint 2026","March 15, 2026","CERT-2026-0925","High Distinction","Attendee","Acme Corporation"
"Sarah Campbell","sarah.campbell@example.com","Data Science & AI Bootcamp","DevOps Days 2026","March 15, 2026","CERT-2026-0926","Distinction","Participant","Nexus Labs"
"Liam Alvarez","liam.alvarez@example.com","Cloud Architecture Mastery","Web3 Builders Summit","March 15, 2026","CERT-2026-0927","Honors","Winner - 1st Place","Horizon Systems"
"Julia Roberts","julia.roberts@example.com","Cybersecurity Defense Essentials","FutureTech Leadership Forum","March 15, 2026","CERT-2026-0928","Excellence","Runner Up","Vanguard Security"
"Aditi Gomez","aditi.gomez@example.com","UI/UX Product Design Masterclass","Global Tech Summit 2026","March 15, 2026","CERT-2026-0929","Merit","Speaker","PixelCraft Studio"
"Austin Mukherjee","austin.mukherjee@example.com","Machine Learning Ops (MLOps)","AI Innovators Hackathon","March 15, 2026","CERT-2026-0930","High Distinction","Track Finalist","Quantum Dynamics"
"Brandon Taylor","brandon.taylor@example.com","Modern DevOps & Kubernetes","CloudCon Annual 2026","March 15, 2026","CERT-2026-0931","Distinction","Honorary Fellow","NovaTech Global"
"Rafael Bhatia","rafael.bhatia@example.com","Blockchain & Smart Contracts","CyberSec Expo 2026","March 15, 2026","CERT-2026-0932","Honors","Attendee","Apex Digital"
"Ryan Watson","ryan.watson@example.com","Distributed Systems Engineering","DesignSprint 2026","March 15, 2026","CERT-2026-0933","Excellence","Participant","Synthetix AI"
"Kiran Nguyen","kiran.nguyen@example.com","Next.js & React 19 Enterprise Patterns","DevOps Days 2026","March 15, 2026","CERT-2026-0934","Merit","Winner - 1st Place","Starlight Ventures"
"Julia Richardson","julia.richardson@example.com","Autonomous Systems & Robotics","Web3 Builders Summit","March 15, 2026","CERT-2026-0935","High Distinction","Runner Up","OmniCorp Research"
"Eli Chen","eli.chen@example.com","Applied Quantum Computing","FutureTech Leadership Forum","March 15, 2026","CERT-2026-0936","Distinction","Speaker","Aether Interactive"
"Nolan Rao","nolan.rao@example.com","Full Stack Web Development","Global Tech Summit 2026","March 15, 2026","CERT-2026-0937","Honors","Track Finalist","Acme Corporation"
"Alexander Morgan","alexander.morgan@example.com","Data Science & AI Bootcamp","AI Innovators Hackathon","March 15, 2026","CERT-2026-0938","Excellence","Honorary Fellow","Nexus Labs"
"Marcus Kapoor","marcus.kapoor@example.com","Cloud Architecture Mastery","CloudCon Annual 2026","March 15, 2026","CERT-2026-0939","Merit","Attendee","Horizon Systems"
"Ryan Russell","ryan.russell@example.com","Cybersecurity Defense Essentials","CyberSec Expo 2026","March 15, 2026","CERT-2026-0940","High Distinction","Participant","Vanguard Security"
"Kyle Young","kyle.young@example.com","UI/UX Product Design Masterclass","DesignSprint 2026","March 15, 2026","CERT-2026-0941","Distinction","Winner - 1st Place","PixelCraft Studio"
"Devon Russell","devon.russell@example.com","Machine Learning Ops (MLOps)","DevOps Days 2026","March 15, 2026","CERT-2026-0942","Honors","Runner Up","Quantum Dynamics"
"Nathan Reed","nathan.reed@example.com","Modern DevOps & Kubernetes","Web3 Builders Summit","March 15, 2026","CERT-2026-0943","Excellence","Speaker","NovaTech Global"
"Charlotte Nair","charlotte.nair@example.com","Blockchain & Smart Contracts","FutureTech Leadership Forum","March 15, 2026","CERT-2026-0944","Merit","Track Finalist","Apex Digital"
"Joshua Phillips","joshua.phillips@example.com","Distributed Systems Engineering","Global Tech Summit 2026","March 15, 2026","CERT-2026-0945","High Distinction","Honorary Fellow","Synthetix AI"
"Santiago Baker","santiago.baker@example.com","Next.js & React 19 Enterprise Patterns","AI Innovators Hackathon","March 15, 2026","CERT-2026-0946","Distinction","Attendee","Starlight Ventures"
"Joseph Walker","joseph.walker@example.com","Autonomous Systems & Robotics","CloudCon Annual 2026","March 15, 2026","CERT-2026-0947","Honors","Participant","OmniCorp Research"
"Ava Ross","ava.ross@example.com","Applied Quantum Computing","CyberSec Expo 2026","March 15, 2026","CERT-2026-0948","Excellence","Winner - 1st Place","Aether Interactive"
"Mason Martin","mason.martin@example.com","Full Stack Web Development","DesignSprint 2026","March 15, 2026","CERT-2026-0949","Merit","Runner Up","Acme Corporation"
"Kayla Martin","kayla.martin@example.com","Data Science & AI Bootcamp","DevOps Days 2026","March 15, 2026","CERT-2026-0950","High Distinction","Speaker","Nexus Labs"
"William Rao","william.rao@example.com","Cloud Architecture Mastery","Web3 Builders Summit","March 15, 2026","CERT-2026-0951","Distinction","Track Finalist","Horizon Systems"
"Adam Chakraborty","adam.chakraborty@example.com","Cybersecurity Defense Essentials","FutureTech Leadership Forum","March 15, 2026","CERT-2026-0952","Honors","Honorary Fellow","Vanguard Security"
"Jacob Martinez","jacob.martinez@example.com","UI/UX Product Design Masterclass","Global Tech Summit 2026","March 15, 2026","CERT-2026-0953","Excellence","Attendee","PixelCraft Studio"
"John Goswami","john.goswami@example.com","Machine Learning Ops (MLOps)","AI Innovators Hackathon","March 15, 2026","CERT-2026-0954","Merit","Participant","Quantum Dynamics"
"Andre Sanchez","andre.sanchez@example.com","Modern DevOps & Kubernetes","CloudCon Annual 2026","March 15, 2026","CERT-2026-0955","High Distinction","Winner - 1st Place","NovaTech Global"
"Xavier Nelson","xavier.nelson@example.com","Blockchain & Smart Contracts","CyberSec Expo 2026","March 15, 2026","CERT-2026-0956","Distinction","Runner Up","Apex Digital"
"Ethan Agarwal","ethan.agarwal@example.com","Distributed Systems Engineering","DesignSprint 2026","March 15, 2026","CERT-2026-0957","Honors","Speaker","Synthetix AI"
"Jack Chen","jack.chen@example.com","Next.js & React 19 Enterprise Patterns","DevOps Days 2026","March 15, 2026","CERT-2026-0958","Excellence","Track Finalist","Starlight Ventures"
"Sarah Iyer","sarah.iyer@example.com","Autonomous Systems & Robotics","Web3 Builders Summit","March 15, 2026","CERT-2026-0959","Merit","Honorary Fellow","OmniCorp Research"
"Tyler Cooper","tyler.cooper@example.com","Applied Quantum Computing","FutureTech Leadership Forum","March 15, 2026","CERT-2026-0960","High Distinction","Attendee","Aether Interactive"
"Olivia Venkatesh","olivia.venkatesh@example.com","Full Stack Web Development","Global Tech Summit 2026","March 15, 2026","CERT-2026-0961","Distinction","Participant","Acme Corporation"
"Julia Smith","julia.smith@example.com","Data Science & AI Bootcamp","AI Innovators Hackathon","March 15, 2026","CERT-2026-0962","Honors","Winner - 1st Place","Nexus Labs"
"Harrison Williams","harrison.williams@example.com","Cloud Architecture Mastery","CloudCon Annual 2026","March 15, 2026","CERT-2026-0963","Excellence","Runner Up","Horizon Systems"
"Devon James","devon.james@example.com","Cybersecurity Defense Essentials","CyberSec Expo 2026","March 15, 2026","CERT-2026-0964","Merit","Speaker","Vanguard Security"
"Elizabeth Rodriguez","elizabeth.rodriguez@example.com","UI/UX Product Design Masterclass","DesignSprint 2026","March 15, 2026","CERT-2026-0965","High Distinction","Track Finalist","PixelCraft Studio"
"Valerie Mitra","valerie.mitra@example.com","Machine Learning Ops (MLOps)","DevOps Days 2026","March 15, 2026","CERT-2026-0966","Distinction","Honorary Fellow","Quantum Dynamics"
"Julian Rivera","julian.rivera@example.com","Modern DevOps & Kubernetes","Web3 Builders Summit","March 15, 2026","CERT-2026-0967","Honors","Attendee","NovaTech Global"
"Julia Bhatia","julia.bhatia@example.com","Blockchain & Smart Contracts","FutureTech Leadership Forum","March 15, 2026","CERT-2026-0968","Excellence","Participant","Apex Digital"
"Eleanor Henderson","eleanor.henderson@example.com","Distributed Systems Engineering","Global Tech Summit 2026","March 15, 2026","CERT-2026-0969","Merit","Winner - 1st Place","Synthetix AI"
"Marcus Young","marcus.young@example.com","Next.js & React 19 Enterprise Patterns","AI Innovators Hackathon","March 15, 2026","CERT-2026-0970","High Distinction","Runner Up","Starlight Ventures"
"Lucas Chen","lucas.chen@example.com","Autonomous Systems & Robotics","CloudCon Annual 2026","March 15, 2026","CERT-2026-0971","Distinction","Speaker","OmniCorp Research"
"Isabella Zhang","isabella.zhang@example.com","Applied Quantum Computing","CyberSec Expo 2026","March 15, 2026","CERT-2026-0972","Honors","Track Finalist","Aether Interactive"
"Kayla Jones","kayla.jones@example.com","Full Stack Web Development","DesignSprint 2026","March 15, 2026","CERT-2026-0973","Excellence","Honorary Fellow","Acme Corporation"
"Angela King","angela.king@example.com","Data Science & AI Bootcamp","DevOps Days 2026","March 15, 2026","CERT-2026-0974","Merit","Attendee","Nexus Labs"
"Mila Johnson","mila.johnson@example.com","Cloud Architecture Mastery","Web3 Builders Summit","March 15, 2026","CERT-2026-0975","High Distinction","Participant","Horizon Systems"
"Elena Turner","elena.turner@example.com","Cybersecurity Defense Essentials","FutureTech Leadership Forum","March 15, 2026","CERT-2026-0976","Distinction","Winner - 1st Place","Vanguard Security"
"Elijah Mitra","elijah.mitra@example.com","UI/UX Product Design Masterclass","Global Tech Summit 2026","March 15, 2026","CERT-2026-0977","Honors","Runner Up","PixelCraft Studio"
"Sam Johnson","sam.johnson@example.com","Machine Learning Ops (MLOps)","AI Innovators Hackathon","March 15, 2026","CERT-2026-0978","Excellence","Speaker","Quantum Dynamics"
"Mateo Henderson","mateo.henderson@example.com","Modern DevOps & Kubernetes","CloudCon Annual 2026","March 15, 2026","CERT-2026-0979","Merit","Track Finalist","NovaTech Global"
"Arjun Ramachandran","arjun.ramachandran@example.com","Blockchain & Smart Contracts","CyberSec Expo 2026","March 15, 2026","CERT-2026-0980","High Distinction","Honorary Fellow","Apex Digital"
"Sarah Ramirez","sarah.ramirez@example.com","Distributed Systems Engineering","DesignSprint 2026","March 15, 2026","CERT-2026-0981","Distinction","Attendee","Synthetix AI"
"Aidan Patel","aidan.patel@example.com","Next.js & React 19 Enterprise Patterns","DevOps Days 2026","March 15, 2026","CERT-2026-0982","Honors","Participant","Starlight Ventures"
"Angela Okafor","angela.okafor@example.com","Autonomous Systems & Robotics","Web3 Builders Summit","March 15, 2026","CERT-2026-0983","Excellence","Winner - 1st Place","OmniCorp Research"
"Elijah Kulkarni","elijah.kulkarni@example.com","Applied Quantum Computing","FutureTech Leadership Forum","March 15, 2026","CERT-2026-0984","Merit","Runner Up","Aether Interactive"
"Harper Bell","harper.bell@example.com","Full Stack Web Development","Global Tech Summit 2026","March 15, 2026","CERT-2026-0985","High Distinction","Speaker","Acme Corporation"
"James Adams","james.adams@example.com","Data Science & AI Bootcamp","AI Innovators Hackathon","March 15, 2026","CERT-2026-0986","Distinction","Track Finalist","Nexus Labs"
"Grace Anderson","grace.anderson@example.com","Cloud Architecture Mastery","CloudCon Annual 2026","March 15, 2026","CERT-2026-0987","Honors","Honorary Fellow","Horizon Systems"
"Arthur Campbell","arthur.campbell@example.com","Cybersecurity Defense Essentials","CyberSec Expo 2026","March 15, 2026","CERT-2026-0988","Excellence","Attendee","Vanguard Security"
"Nicholas Martin","nicholas.martin@example.com","UI/UX Product Design Masterclass","DesignSprint 2026","March 15, 2026","CERT-2026-0989","Merit","Participant","PixelCraft Studio"
"Karan Russell","karan.russell@example.com","Machine Learning Ops (MLOps)","DevOps Days 2026","March 15, 2026","CERT-2026-0990","High Distinction","Winner - 1st Place","Quantum Dynamics"
"Joshua Ross","joshua.ross@example.com","Modern DevOps & Kubernetes","Web3 Builders Summit","March 15, 2026","CERT-2026-0991","Distinction","Runner Up","NovaTech Global"
"Mila Reed","mila.reed@example.com","Blockchain & Smart Contracts","FutureTech Leadership Forum","March 15, 2026","CERT-2026-0992","Honors","Speaker","Apex Digital"
"Liam Wilson","liam.wilson@example.com","Distributed Systems Engineering","Global Tech Summit 2026","March 15, 2026","CERT-2026-0993","Excellence","Track Finalist","Synthetix AI"
"Sebastian Walker","sebastian.walker@example.com","Next.js & React 19 Enterprise Patterns","AI Innovators Hackathon","March 15, 2026","CERT-2026-0994","Merit","Honorary Fellow","Starlight Ventures"
"Andre Ortiz","andre.ortiz@example.com","Autonomous Systems & Robotics","CloudCon Annual 2026","March 15, 2026","CERT-2026-0995","High Distinction","Attendee","OmniCorp Research"
"Harper Castillo","harper.castillo@example.com","Applied Quantum Computing","CyberSec Expo 2026","March 15, 2026","CERT-2026-0996","Distinction","Participant","Aether Interactive"
"Benjamin Martin","benjamin.martin@example.com","Full Stack Web Development","DesignSprint 2026","March 15, 2026","CERT-2026-0997","Honors","Winner - 1st Place","Acme Corporation"
"Ruby Howard","ruby.howard@example.com","Data Science & AI Bootcamp","DevOps Days 2026","March 15, 2026","CERT-2026-0998","Excellence","Runner Up","Nexus Labs"
"Emily Myers","emily.myers@example.com","Cloud Architecture Mastery","Web3 Builders Summit","March 15, 2026","CERT-2026-0999","Merit","Speaker","Horizon Systems"
"Aaliyah Lopez","aaliyah.lopez@example.com","Cybersecurity Defense Essentials","FutureTech Leadership Forum","March 15, 2026","CERT-2026-1000","High Distinction","Track Finalist","Vanguard Security"
"Ethan Turner","ethan.turner@example.com","UI/UX Product Design Masterclass","Global Tech Summit 2026","March 15, 2026","CERT-2026-1001","Distinction","Honorary Fellow","PixelCraft Studio"
"Nolan Cooper","nolan.cooper@example.com","Machine Learning Ops (MLOps)","AI Innovators Hackathon","March 15, 2026","CERT-2026-1002","Honors","Attendee","Quantum Dynamics"
"Devon Mukherjee","devon.mukherjee@example.com","Modern DevOps & Kubernetes","CloudCon Annual 2026","March 15, 2026","CERT-2026-1003","Excellence","Participant","NovaTech Global"
"Vikram Murphy","vikram.murphy@example.com","Blockchain & Smart Contracts","CyberSec Expo 2026","March 15, 2026","CERT-2026-1004","Merit","Winner - 1st Place","Apex Digital"
"Joseph Park","joseph.park@example.com","Distributed Systems Engineering","DesignSprint 2026","March 15, 2026","CERT-2026-1005","High Distinction","Runner Up","Synthetix AI"
"Derek Diaz","derek.diaz@example.com","Next.js & React 19 Enterprise Patterns","DevOps Days 2026","March 15, 2026","CERT-2026-1006","Distinction","Speaker","Starlight Ventures"
"Isaac Agarwal","isaac.agarwal@example.com","Autonomous Systems & Robotics","Web3 Builders Summit","March 15, 2026","CERT-2026-1007","Honors","Track Finalist","OmniCorp Research"
"Derek Collins","derek.collins@example.com","Applied Quantum Computing","FutureTech Leadership Forum","March 15, 2026","CERT-2026-1008","Excellence","Honorary Fellow","Aether Interactive"
"Olivia Gupta","olivia.gupta@example.com","Full Stack Web Development","Global Tech Summit 2026","March 15, 2026","CERT-2026-1009","Merit","Attendee","Acme Corporation"
"Carlos Sengupta","carlos.sengupta@example.com","Data Science & AI Bootcamp","AI Innovators Hackathon","March 15, 2026","CERT-2026-1010","High Distinction","Participant","Nexus Labs"
"Zachary Torres","zachary.torres@example.com","Cloud Architecture Mastery","CloudCon Annual 2026","March 15, 2026","CERT-2026-1011","Distinction","Winner - 1st Place","Horizon Systems"
"Elena Young","elena.young@example.com","Cybersecurity Defense Essentials","CyberSec Expo 2026","March 15, 2026","CERT-2026-1012","Honors","Runner Up","Vanguard Security"
"Daniel Moore","daniel.moore@example.com","UI/UX Product Design Masterclass","DesignSprint 2026","March 15, 2026","CERT-2026-1013","Excellence","Speaker","PixelCraft Studio"
"Anthony Wright","anthony.wright@example.com","Machine Learning Ops (MLOps)","DevOps Days 2026","March 15, 2026","CERT-2026-1014","Merit","Track Finalist","Quantum Dynamics"
"Ella Williams","ella.williams@example.com","Modern DevOps & Kubernetes","Web3 Builders Summit","March 15, 2026","CERT-2026-1015","High Distinction","Honorary Fellow","NovaTech Global"
"Andre Richardson","andre.richardson@example.com","Blockchain & Smart Contracts","FutureTech Leadership Forum","March 15, 2026","CERT-2026-1016","Distinction","Attendee","Apex Digital"
"Alex Kulkarni","alex.kulkarni@example.com","Distributed Systems Engineering","Global Tech Summit 2026","March 15, 2026","CERT-2026-1017","Honors","Participant","Synthetix AI"
"Noah Jenkins","noah.jenkins@example.com","Next.js & React 19 Enterprise Patterns","AI Innovators Hackathon","March 15, 2026","CERT-2026-1018","Excellence","Winner - 1st Place","Starlight Ventures"
"Julian Kulkarni","julian.kulkarni@example.com","Autonomous Systems & Robotics","CloudCon Annual 2026","March 15, 2026","CERT-2026-1019","Merit","Runner Up","OmniCorp Research"
"Jack James","jack.james@example.com","Applied Quantum Computing","CyberSec Expo 2026","March 15, 2026","CERT-2026-1020","High Distinction","Speaker","Aether Interactive"
"Jonathan Anderson","jonathan.anderson@example.com","Full Stack Web Development","DesignSprint 2026","March 15, 2026","CERT-2026-1021","Distinction","Track Finalist","Acme Corporation"
"Lucas Martinez","lucas.martinez@example.com","Data Science & AI Bootcamp","DevOps Days 2026","March 15, 2026","CERT-2026-1022","Honors","Honorary Fellow","Nexus Labs"
"Eleanor Kim","eleanor.kim@example.com","Cloud Architecture Mastery","Web3 Builders Summit","March 15, 2026","CERT-2026-1023","Excellence","Attendee","Horizon Systems"
"Marcus Goswami","marcus.goswami@example.com","Cybersecurity Defense Essentials","FutureTech Leadership Forum","March 15, 2026","CERT-2026-1024","Merit","Participant","Vanguard Security"
"Aidan Mitra","aidan.mitra@example.com","UI/UX Product Design Masterclass","Global Tech Summit 2026","March 15, 2026","CERT-2026-1025","High Distinction","Winner - 1st Place","PixelCraft Studio"
"Amelia Watson","amelia.watson@example.com","Machine Learning Ops (MLOps)","AI Innovators Hackathon","March 15, 2026","CERT-2026-1026","Distinction","Runner Up","Quantum Dynamics"
"Victor Wilson","victor.wilson@example.com","Modern DevOps & Kubernetes","CloudCon Annual 2026","March 15, 2026","CERT-2026-1027","Honors","Speaker","NovaTech Global"
"Sam Sullivan","sam.sullivan@example.com","Blockchain & Smart Contracts","CyberSec Expo 2026","March 15, 2026","CERT-2026-1028","Excellence","Track Finalist","Apex Digital"
"Owen Ortiz","owen.ortiz@example.com","Distributed Systems Engineering","DesignSprint 2026","March 15, 2026","CERT-2026-1029","Merit","Honorary Fellow","Synthetix AI"
"Kyle Barnes","kyle.barnes@example.com","Next.js & React 19 Enterprise Patterns","DevOps Days 2026","March 15, 2026","CERT-2026-1030","High Distinction","Attendee","Starlight Ventures"
"Grace Venkatesh","grace.venkatesh@example.com","Autonomous Systems & Robotics","Web3 Builders Summit","March 15, 2026","CERT-2026-1031","Distinction","Participant","OmniCorp Research"
"Layla Nair","layla.nair@example.com","Applied Quantum Computing","FutureTech Leadership Forum","March 15, 2026","CERT-2026-1032","Honors","Winner - 1st Place","Aether Interactive"
"Aurora Gonzalez","aurora.gonzalez@example.com","Full Stack Web Development","Global Tech Summit 2026","March 15, 2026","CERT-2026-1033","Excellence","Runner Up","Acme Corporation"
"Jacob Ward","jacob.ward@example.com","Data Science & AI Bootcamp","AI Innovators Hackathon","March 15, 2026","CERT-2026-1034","Merit","Speaker","Nexus Labs"
"Derek Flores","derek.flores@example.com","Cloud Architecture Mastery","CloudCon Annual 2026","March 15, 2026","CERT-2026-1035","High Distinction","Track Finalist","Horizon Systems"
"Mason Agarwal","mason.agarwal@example.com","Cybersecurity Defense Essentials","CyberSec Expo 2026","March 15, 2026","CERT-2026-1036","Distinction","Honorary Fellow","Vanguard Security"
"Gabriel Collins","gabriel.collins@example.com","UI/UX Product Design Masterclass","DesignSprint 2026","March 15, 2026","CERT-2026-1037","Honors","Attendee","PixelCraft Studio"
"Cameron Zhang","cameron.zhang@example.com","Machine Learning Ops (MLOps)","DevOps Days 2026","March 15, 2026","CERT-2026-1038","Excellence","Participant","Quantum Dynamics"
"Ryan Jones","ryan.jones@example.com","Modern DevOps & Kubernetes","Web3 Builders Summit","March 15, 2026","CERT-2026-1039","Merit","Winner - 1st Place","NovaTech Global"
"Layla Ramachandran","layla.ramachandran@example.com","Blockchain & Smart Contracts","FutureTech Leadership Forum","March 15, 2026","CERT-2026-1040","High Distinction","Runner Up","Apex Digital"
"Eleanor Walker","eleanor.walker@example.com","Distributed Systems Engineering","Global Tech Summit 2026","March 15, 2026","CERT-2026-1041","Distinction","Speaker","Synthetix AI"
"Vikram Howard","vikram.howard@example.com","Next.js & React 19 Enterprise Patterns","AI Innovators Hackathon","March 15, 2026","CERT-2026-1042","Honors","Track Finalist","Starlight Ventures"
"Oliver Das","oliver.das@example.com","Autonomous Systems & Robotics","CloudCon Annual 2026","March 15, 2026","CERT-2026-1043","Excellence","Honorary Fellow","OmniCorp Research"
"Ella Ortiz","ella.ortiz@example.com","Applied Quantum Computing","CyberSec Expo 2026","March 15, 2026","CERT-2026-1044","Merit","Attendee","Aether Interactive"
"Adrian Murphy","adrian.murphy@example.com","Full Stack Web Development","DesignSprint 2026","March 15, 2026","CERT-2026-1045","High Distinction","Participant","Acme Corporation"
"Austin Lewis","austin.lewis@example.com","Data Science & AI Bootcamp","DevOps Days 2026","March 15, 2026","CERT-2026-1046","Distinction","Winner - 1st Place","Nexus Labs"
"Daniel Walker","daniel.walker@example.com","Cloud Architecture Mastery","Web3 Builders Summit","March 15, 2026","CERT-2026-1047","Honors","Runner Up","Horizon Systems"
"Jayden Anderson","jayden.anderson@example.com","Cybersecurity Defense Essentials","FutureTech Leadership Forum","March 15, 2026","CERT-2026-1048","Excellence","Speaker","Vanguard Security"
"Daniel Rivera","daniel.rivera@example.com","UI/UX Product Design Masterclass","Global Tech Summit 2026","March 15, 2026","CERT-2026-1049","Merit","Track Finalist","PixelCraft Studio"
"Elizabeth Young","elizabeth.young@example.com","Machine Learning Ops (MLOps)","AI Innovators Hackathon","March 15, 2026","CERT-2026-1050","High Distinction","Honorary Fellow","Quantum Dynamics"
"Caleb Miller","caleb.miller@example.com","Modern DevOps & Kubernetes","CloudCon Annual 2026","March 15, 2026","CERT-2026-1051","Distinction","Attendee","NovaTech Global"
"Austin Murphy","austin.murphy@example.com","Blockchain & Smart Contracts","CyberSec Expo 2026","March 15, 2026","CERT-2026-1052","Honors","Participant","Apex Digital"
"Grace Das","grace.das@example.com","Distributed Systems Engineering","DesignSprint 2026","March 15, 2026","CERT-2026-1053","Excellence","Winner - 1st Place","Synthetix AI"
"Sarah Perez","sarah.perez@example.com","Next.js & React 19 Enterprise Patterns","DevOps Days 2026","March 15, 2026","CERT-2026-1054","Merit","Runner Up","Starlight Ventures"
"Austin Iyer","austin.iyer@example.com","Autonomous Systems & Robotics","Web3 Builders Summit","March 15, 2026","CERT-2026-1055","High Distinction","Speaker","OmniCorp Research"
"Olivia Reed","olivia.reed@example.com","Applied Quantum Computing","FutureTech Leadership Forum","March 15, 2026","CERT-2026-1056","Distinction","Track Finalist","Aether Interactive"
"Dominic Harris","dominic.harris@example.com","Full Stack Web Development","Global Tech Summit 2026","March 15, 2026","CERT-2026-1057","Honors","Honorary Fellow","Acme Corporation"
"Madeline Gonzalez","madeline.gonzalez@example.com","Data Science & AI Bootcamp","AI Innovators Hackathon","March 15, 2026","CERT-2026-1058","Excellence","Attendee","Nexus Labs"
"Aaliyah Morales","aaliyah.morales@example.com","Cloud Architecture Mastery","CloudCon Annual 2026","March 15, 2026","CERT-2026-1059","Merit","Participant","Horizon Systems"
"Kayla Long","kayla.long@example.com","Cybersecurity Defense Essentials","CyberSec Expo 2026","March 15, 2026","CERT-2026-1060","High Distinction","Winner - 1st Place","Vanguard Security"
"Christian Coleman","christian.coleman@example.com","UI/UX Product Design Masterclass","DesignSprint 2026","March 15, 2026","CERT-2026-1061","Distinction","Runner Up","PixelCraft Studio"
"Elizabeth Kulkarni","elizabeth.kulkarni@example.com","Machine Learning Ops (MLOps)","DevOps Days 2026","March 15, 2026","CERT-2026-1062","Honors","Speaker","Quantum Dynamics"
"Evan Nelson","evan.nelson@example.com","Modern DevOps & Kubernetes","Web3 Builders Summit","March 15, 2026","CERT-2026-1063","Excellence","Track Finalist","NovaTech Global"
"Sam Coleman","sam.coleman@example.com","Blockchain & Smart Contracts","FutureTech Leadership Forum","March 15, 2026","CERT-2026-1064","Merit","Honorary Fellow","Apex Digital"
"Emily Price","emily.price@example.com","Distributed Systems Engineering","Global Tech Summit 2026","March 15, 2026","CERT-2026-1065","High Distinction","Attendee","Synthetix AI"
"Caleb Joshi","caleb.joshi@example.com","Next.js & React 19 Enterprise Patterns","AI Innovators Hackathon","March 15, 2026","CERT-2026-1066","Distinction","Participant","Starlight Ventures"
"Charlotte Morgan","charlotte.morgan@example.com","Autonomous Systems & Robotics","CloudCon Annual 2026","March 15, 2026","CERT-2026-1067","Honors","Winner - 1st Place","OmniCorp Research"
"Austin Morales","austin.morales@example.com","Applied Quantum Computing","CyberSec Expo 2026","March 15, 2026","CERT-2026-1068","Excellence","Runner Up","Aether Interactive"
"Sarah Lee","sarah.lee@example.com","Full Stack Web Development","DesignSprint 2026","March 15, 2026","CERT-2026-1069","Merit","Speaker","Acme Corporation"
"Eli Kulkarni","eli.kulkarni@example.com","Data Science & AI Bootcamp","DevOps Days 2026","March 15, 2026","CERT-2026-1070","High Distinction","Track Finalist","Nexus Labs"
"Evan Young","evan.young@example.com","Cloud Architecture Mastery","Web3 Builders Summit","March 15, 2026","CERT-2026-1071","Distinction","Honorary Fellow","Horizon Systems"
"Isaac Ramachandran","isaac.ramachandran@example.com","Cybersecurity Defense Essentials","FutureTech Leadership Forum","March 15, 2026","CERT-2026-1072","Honors","Attendee","Vanguard Security"
"Alexander Gomez","alexander.gomez@example.com","UI/UX Product Design Masterclass","Global Tech Summit 2026","March 15, 2026","CERT-2026-1073","Excellence","Participant","PixelCraft Studio"
"Logan White","logan.white@example.com","Machine Learning Ops (MLOps)","AI Innovators Hackathon","March 15, 2026","CERT-2026-1074","Merit","Winner - 1st Place","Quantum Dynamics"
"Ruby Richardson","ruby.richardson@example.com","Modern DevOps & Kubernetes","CloudCon Annual 2026","March 15, 2026","CERT-2026-1075","High Distinction","Runner Up","NovaTech Global"
"Elizabeth Long","elizabeth.long@example.com","Blockchain & Smart Contracts","CyberSec Expo 2026","March 15, 2026","CERT-2026-1076","Distinction","Speaker","Apex Digital"
"Jasmine Brooks","jasmine.brooks@example.com","Distributed Systems Engineering","DesignSprint 2026","March 15, 2026","CERT-2026-1077","Honors","Track Finalist","Synthetix AI"
"Isaac Ramirez","isaac.ramirez@example.com","Next.js & React 19 Enterprise Patterns","DevOps Days 2026","March 15, 2026","CERT-2026-1078","Excellence","Honorary Fellow","Starlight Ventures"
"Santiago Gray","santiago.gray@example.com","Autonomous Systems & Robotics","Web3 Builders Summit","March 15, 2026","CERT-2026-1079","Merit","Attendee","OmniCorp Research"
"Leo Ramachandran","leo.ramachandran@example.com","Applied Quantum Computing","FutureTech Leadership Forum","March 15, 2026","CERT-2026-1080","High Distinction","Participant","Aether Interactive"
"Luke Ward","luke.ward@example.com","Full Stack Web Development","Global Tech Summit 2026","March 15, 2026","CERT-2026-1081","Distinction","Winner - 1st Place","Acme Corporation"
"Jordan Baker","jordan.baker@example.com","Data Science & AI Bootcamp","AI Innovators Hackathon","March 15, 2026","CERT-2026-1082","Honors","Runner Up","Nexus Labs"
"Eli Gonzalez","eli.gonzalez@example.com","Cloud Architecture Mastery","CloudCon Annual 2026","March 15, 2026","CERT-2026-1083","Excellence","Speaker","Horizon Systems"
"Julia Banerjee","julia.banerjee@example.com","Cybersecurity Defense Essentials","CyberSec Expo 2026","March 15, 2026","CERT-2026-1084","Merit","Track Finalist","Vanguard Security"
"Andre Ward","andre.ward@example.com","UI/UX Product Design Masterclass","DesignSprint 2026","March 15, 2026","CERT-2026-1085","High Distinction","Honorary Fellow","PixelCraft Studio"
"Elizabeth Evans","elizabeth.evans@example.com","Machine Learning Ops (MLOps)","DevOps Days 2026","March 15, 2026","CERT-2026-1086","Distinction","Attendee","Quantum Dynamics"
"Sarah Torres","sarah.torres@example.com","Modern DevOps & Kubernetes","Web3 Builders Summit","March 15, 2026","CERT-2026-1087","Honors","Participant","NovaTech Global"
"Joseph Richardson","joseph.richardson@example.com","Blockchain & Smart Contracts","FutureTech Leadership Forum","March 15, 2026","CERT-2026-1088","Excellence","Winner - 1st Place","Apex Digital"
"Julian Gupta","julian.gupta@example.com","Distributed Systems Engineering","Global Tech Summit 2026","March 15, 2026","CERT-2026-1089","Merit","Runner Up","Synthetix AI"
"Harrison Wright","harrison.wright@example.com","Next.js & React 19 Enterprise Patterns","AI Innovators Hackathon","March 15, 2026","CERT-2026-1090","High Distinction","Speaker","Starlight Ventures"
"Henry Sanchez","henry.sanchez@example.com","Autonomous Systems & Robotics","CloudCon Annual 2026","March 15, 2026","CERT-2026-1091","Distinction","Track Finalist","OmniCorp Research"
"William Smith","william.smith@example.com","Applied Quantum Computing","CyberSec Expo 2026","March 15, 2026","CERT-2026-1092","Honors","Honorary Fellow","Aether Interactive"
"James Campbell","james.campbell@example.com","Full Stack Web Development","DesignSprint 2026","March 15, 2026","CERT-2026-1093","Excellence","Attendee","Acme Corporation"
"Mason Reed","mason.reed@example.com","Data Science & AI Bootcamp","DevOps Days 2026","March 15, 2026","CERT-2026-1094","Merit","Participant","Nexus Labs"
"Jasmine Anderson","jasmine.anderson@example.com","Cloud Architecture Mastery","Web3 Builders Summit","March 15, 2026","CERT-2026-1095","High Distinction","Winner - 1st Place","Horizon Systems"
"Kyle Long","kyle.long@example.com","Cybersecurity Defense Essentials","FutureTech Leadership Forum","March 15, 2026","CERT-2026-1096","Distinction","Runner Up","Vanguard Security"
"Dominic Sharma","dominic.sharma@example.com","UI/UX Product Design Masterclass","Global Tech Summit 2026","March 15, 2026","CERT-2026-1097","Honors","Speaker","PixelCraft Studio"
"Ryan Phillips","ryan.phillips@example.com","Machine Learning Ops (MLOps)","AI Innovators Hackathon","March 15, 2026","CERT-2026-1098","Excellence","Track Finalist","Quantum Dynamics"
"Rafael Brooks","rafael.brooks@example.com","Modern DevOps & Kubernetes","CloudCon Annual 2026","March 15, 2026","CERT-2026-1099","Merit","Honorary Fellow","NovaTech Global"
"Kiran Long","kiran.long@example.com","Blockchain & Smart Contracts","CyberSec Expo 2026","March 15, 2026","CERT-2026-1100","High Distinction","Attendee","Apex Digital"
"Luke Vance","luke.vance@example.com","Distributed Systems Engineering","DesignSprint 2026","March 15, 2026","CERT-2026-1101","Distinction","Participant","Synthetix AI"
"Kevin Green","kevin.green@example.com","Next.js & React 19 Enterprise Patterns","DevOps Days 2026","March 15, 2026","CERT-2026-1102","Honors","Winner - 1st Place","Starlight Ventures"
"Adrian Verma","adrian.verma@example.com","Autonomous Systems & Robotics","Web3 Builders Summit","March 15, 2026","CERT-2026-1103","Excellence","Runner Up","OmniCorp Research"
"Kiran Castillo","kiran.castillo@example.com","Applied Quantum Computing","FutureTech Leadership Forum","March 15, 2026","CERT-2026-1104","Merit","Speaker","Aether Interactive"
"Dylan Garcia","dylan.garcia@example.com","Full Stack Web Development","Global Tech Summit 2026","March 15, 2026","CERT-2026-1105","High Distinction","Track Finalist","Acme Corporation"
"Wyatt Barnes","wyatt.barnes@example.com","Data Science & AI Bootcamp","AI Innovators Hackathon","March 15, 2026","CERT-2026-1106","Distinction","Honorary Fellow","Nexus Labs"
"Sarah Diaz","sarah.diaz@example.com","Cloud Architecture Mastery","CloudCon Annual 2026","March 15, 2026","CERT-2026-1107","Honors","Attendee","Horizon Systems"
"Kayla Morales","kayla.morales@example.com","Cybersecurity Defense Essentials","CyberSec Expo 2026","March 15, 2026","CERT-2026-1108","Excellence","Participant","Vanguard Security"
"Jordan Lopez","jordan.lopez@example.com","UI/UX Product Design Masterclass","DesignSprint 2026","March 15, 2026","CERT-2026-1109","Merit","Winner - 1st Place","PixelCraft Studio"
"Jayden Morales","jayden.morales@example.com","Machine Learning Ops (MLOps)","DevOps Days 2026","March 15, 2026","CERT-2026-1110","High Distinction","Runner Up","Quantum Dynamics"
"Austin Wilson","austin.wilson@example.com","Modern DevOps & Kubernetes","Web3 Builders Summit","March 15, 2026","CERT-2026-1111","Distinction","Speaker","NovaTech Global"
"Evan Lopez","evan.lopez@example.com","Blockchain & Smart Contracts","FutureTech Leadership Forum","March 15, 2026","CERT-2026-1112","Honors","Track Finalist","Apex Digital"
"Nicholas Roberts","nicholas.roberts@example.com","Distributed Systems Engineering","Global Tech Summit 2026","March 15, 2026","CERT-2026-1113","Excellence","Honorary Fellow","Synthetix AI"
"Zachary Harris","zachary.harris@example.com","Next.js & React 19 Enterprise Patterns","AI Innovators Hackathon","March 15, 2026","CERT-2026-1114","Merit","Attendee","Starlight Ventures"
"Brianna Hughes","brianna.hughes@example.com","Autonomous Systems & Robotics","CloudCon Annual 2026","March 15, 2026","CERT-2026-1115","High Distinction","Participant","OmniCorp Research"
"Wyatt Kumar","wyatt.kumar@example.com","Applied Quantum Computing","CyberSec Expo 2026","March 15, 2026","CERT-2026-1116","Distinction","Winner - 1st Place","Aether Interactive"
"Nora King","nora.king@example.com","Full Stack Web Development","DesignSprint 2026","March 15, 2026","CERT-2026-1117","Honors","Runner Up","Acme Corporation"
"Jonathan Perez","jonathan.perez@example.com","Data Science & AI Bootcamp","DevOps Days 2026","March 15, 2026","CERT-2026-1118","Excellence","Speaker","Nexus Labs"
"Devon Fernandez","devon.fernandez@example.com","Cloud Architecture Mastery","Web3 Builders Summit","March 15, 2026","CERT-2026-1119","Merit","Track Finalist","Horizon Systems"
"Adrian Howard","adrian.howard@example.com","Cybersecurity Defense Essentials","FutureTech Leadership Forum","March 15, 2026","CERT-2026-1120","High Distinction","Honorary Fellow","Vanguard Security"
"Dominic Watson","dominic.watson@example.com","UI/UX Product Design Masterclass","Global Tech Summit 2026","March 15, 2026","CERT-2026-1121","Distinction","Attendee","PixelCraft Studio"
"Jonathan Kim","jonathan.kim@example.com","Machine Learning Ops (MLOps)","AI Innovators Hackathon","March 15, 2026","CERT-2026-1122","Honors","Participant","Quantum Dynamics"
"Arjun Walker","arjun.walker@example.com","Modern DevOps & Kubernetes","CloudCon Annual 2026","March 15, 2026","CERT-2026-1123","Excellence","Winner - 1st Place","NovaTech Global"
"Luna Myers","luna.myers@example.com","Blockchain & Smart Contracts","CyberSec Expo 2026","March 15, 2026","CERT-2026-1124","Merit","Runner Up","Apex Digital"
"Nathan Adams","nathan.adams@example.com","Distributed Systems Engineering","DesignSprint 2026","March 15, 2026","CERT-2026-1125","High Distinction","Speaker","Synthetix AI"
"Olivia Murphy","olivia.murphy@example.com","Next.js & React 19 Enterprise Patterns","DevOps Days 2026","March 15, 2026","CERT-2026-1126","Distinction","Track Finalist","Starlight Ventures"
"Marcus Lewis","marcus.lewis@example.com","Autonomous Systems & Robotics","Web3 Builders Summit","March 15, 2026","CERT-2026-1127","Honors","Honorary Fellow","OmniCorp Research"
"Kayla Gomez","kayla.gomez@example.com","Applied Quantum Computing","FutureTech Leadership Forum","March 15, 2026","CERT-2026-1128","Excellence","Attendee","Aether Interactive"
"Eleanor Phillips","eleanor.phillips@example.com","Full Stack Web Development","Global Tech Summit 2026","March 15, 2026","CERT-2026-1129","Merit","Participant","Acme Corporation"
"Isabella Sanders","isabella.sanders@example.com","Data Science & AI Bootcamp","AI Innovators Hackathon","March 15, 2026","CERT-2026-1130","High Distinction","Winner - 1st Place","Nexus Labs"
"Grace Ghosh","grace.ghosh@example.com","Cloud Architecture Mastery","CloudCon Annual 2026","March 15, 2026","CERT-2026-1131","Distinction","Runner Up","Horizon Systems"
"Charlotte Ghosh","charlotte.ghosh@example.com","Cybersecurity Defense Essentials","CyberSec Expo 2026","March 15, 2026","CERT-2026-1132","Honors","Speaker","Vanguard Security"
"Priya Venkatesh","priya.venkatesh@example.com","UI/UX Product Design Masterclass","DesignSprint 2026","March 15, 2026","CERT-2026-1133","Excellence","Track Finalist","PixelCraft Studio"
"Alex Das","alex.das@example.com","Machine Learning Ops (MLOps)","DevOps Days 2026","March 15, 2026","CERT-2026-1134","Merit","Honorary Fellow","Quantum Dynamics"
"Nolan Turner","nolan.turner@example.com","Modern DevOps & Kubernetes","Web3 Builders Summit","March 15, 2026","CERT-2026-1135","High Distinction","Attendee","NovaTech Global"
"Elizabeth Richardson","elizabeth.richardson@example.com","Blockchain & Smart Contracts","FutureTech Leadership Forum","March 15, 2026","CERT-2026-1136","Distinction","Participant","Apex Digital"
"Layla Roy","layla.roy@example.com","Distributed Systems Engineering","Global Tech Summit 2026","March 15, 2026","CERT-2026-1137","Honors","Winner - 1st Place","Synthetix AI"
"Elizabeth Myers","elizabeth.myers@example.com","Next.js & React 19 Enterprise Patterns","AI Innovators Hackathon","March 15, 2026","CERT-2026-1138","Excellence","Runner Up","Starlight Ventures"
"Adrian Gupta","adrian.gupta@example.com","Autonomous Systems & Robotics","CloudCon Annual 2026","March 15, 2026","CERT-2026-1139","Merit","Speaker","OmniCorp Research"
"Aurora Long","aurora.long@example.com","Applied Quantum Computing","CyberSec Expo 2026","March 15, 2026","CERT-2026-1140","High Distinction","Track Finalist","Aether Interactive"
"Valerie Banerjee","valerie.banerjee@example.com","Full Stack Web Development","DesignSprint 2026","March 15, 2026","CERT-2026-1141","Distinction","Honorary Fellow","Acme Corporation"
"James Patel","james.patel@example.com","Data Science & AI Bootcamp","DevOps Days 2026","March 15, 2026","CERT-2026-1142","Honors","Attendee","Nexus Labs"
"Abigail Reed","abigail.reed@example.com","Cloud Architecture Mastery","Web3 Builders Summit","March 15, 2026","CERT-2026-1143","Excellence","Participant","Horizon Systems"
"Maya Silva","maya.silva@example.com","Cybersecurity Defense Essentials","FutureTech Leadership Forum","March 15, 2026","CERT-2026-1144","Merit","Winner - 1st Place","Vanguard Security"
"Santiago Wood","santiago.wood@example.com","UI/UX Product Design Masterclass","Global Tech Summit 2026","March 15, 2026","CERT-2026-1145","High Distinction","Runner Up","PixelCraft Studio"
"Nora Bennett","nora.bennett@example.com","Machine Learning Ops (MLOps)","AI Innovators Hackathon","March 15, 2026","CERT-2026-1146","Distinction","Speaker","Quantum Dynamics"
"Victor Silva","victor.silva@example.com","Modern DevOps & Kubernetes","CloudCon Annual 2026","March 15, 2026","CERT-2026-1147","Honors","Track Finalist","NovaTech Global"
"Anthony Wang","anthony.wang@example.com","Blockchain & Smart Contracts","CyberSec Expo 2026","March 15, 2026","CERT-2026-1148","Excellence","Honorary Fellow","Apex Digital"
"Valerie Sharma","valerie.sharma@example.com","Distributed Systems Engineering","DesignSprint 2026","March 15, 2026","CERT-2026-1149","Merit","Attendee","Synthetix AI"
"Benjamin Rivera","benjamin.rivera@example.com","Next.js & React 19 Enterprise Patterns","DevOps Days 2026","March 15, 2026","CERT-2026-1150","High Distinction","Participant","Starlight Ventures"
"Mateo Jenkins","mateo.jenkins@example.com","Autonomous Systems & Robotics","Web3 Builders Summit","March 15, 2026","CERT-2026-1151","Distinction","Winner - 1st Place","OmniCorp Research"
"Mateo Wright","mateo.wright@example.com","Applied Quantum Computing","FutureTech Leadership Forum","March 15, 2026","CERT-2026-1152","Honors","Runner Up","Aether Interactive"
"Michael Nair","michael.nair@example.com","Full Stack Web Development","Global Tech Summit 2026","March 15, 2026","CERT-2026-1153","Excellence","Speaker","Acme Corporation"
"Adam Verma","adam.verma@example.com","Data Science & AI Bootcamp","AI Innovators Hackathon","March 15, 2026","CERT-2026-1154","Merit","Track Finalist","Nexus Labs"
"Sam Ghosh","sam.ghosh@example.com","Cloud Architecture Mastery","CloudCon Annual 2026","March 15, 2026","CERT-2026-1155","High Distinction","Honorary Fellow","Horizon Systems"
"Kyle Silva","kyle.silva@example.com","Cybersecurity Defense Essentials","CyberSec Expo 2026","March 15, 2026","CERT-2026-1156","Distinction","Attendee","Vanguard Security"
"Mason Bell","mason.bell@example.com","UI/UX Product Design Masterclass","DesignSprint 2026","March 15, 2026","CERT-2026-1157","Honors","Participant","PixelCraft Studio"
"Chloe Jackson","chloe.jackson@example.com","Machine Learning Ops (MLOps)","DevOps Days 2026","March 15, 2026","CERT-2026-1158","Excellence","Winner - 1st Place","Quantum Dynamics"
"Madeline Torres","madeline.torres@example.com","Modern DevOps & Kubernetes","Web3 Builders Summit","March 15, 2026","CERT-2026-1159","Merit","Runner Up","NovaTech Global"
"Caleb Anderson","caleb.anderson@example.com","Blockchain & Smart Contracts","FutureTech Leadership Forum","March 15, 2026","CERT-2026-1160","High Distinction","Speaker","Apex Digital"
"Kiran Reed","kiran.reed@example.com","Distributed Systems Engineering","Global Tech Summit 2026","March 15, 2026","CERT-2026-1161","Distinction","Track Finalist","Synthetix AI"
"Marcus Gomez","marcus.gomez@example.com","Next.js & React 19 Enterprise Patterns","AI Innovators Hackathon","March 15, 2026","CERT-2026-1162","Honors","Honorary Fellow","Starlight Ventures"
"Julian Chen","julian.chen@example.com","Autonomous Systems & Robotics","CloudCon Annual 2026","March 15, 2026","CERT-2026-1163","Excellence","Attendee","OmniCorp Research"
"Eli Martinez","eli.martinez@example.com","Applied Quantum Computing","CyberSec Expo 2026","March 15, 2026","CERT-2026-1164","Merit","Participant","Aether Interactive"
"Andre Turner","andre.turner@example.com","Full Stack Web Development","DesignSprint 2026","March 15, 2026","CERT-2026-1165","High Distinction","Winner - 1st Place","Acme Corporation"
"Jasmine Joshi","jasmine.joshi@example.com","Data Science & AI Bootcamp","DevOps Days 2026","March 15, 2026","CERT-2026-1166","Distinction","Runner Up","Nexus Labs"
"Kai Johnson","kai.johnson@example.com","Cloud Architecture Mastery","Web3 Builders Summit","March 15, 2026","CERT-2026-1167","Honors","Speaker","Horizon Systems"
"Nolan Agarwal","nolan.agarwal@example.com","Cybersecurity Defense Essentials","FutureTech Leadership Forum","March 15, 2026","CERT-2026-1168","Excellence","Track Finalist","Vanguard Security"
"Nathan Hall","nathan.hall@example.com","UI/UX Product Design Masterclass","Global Tech Summit 2026","March 15, 2026","CERT-2026-1169","Merit","Honorary Fellow","PixelCraft Studio"
"Sebastian Wood","sebastian.wood@example.com","Machine Learning Ops (MLOps)","AI Innovators Hackathon","March 15, 2026","CERT-2026-1170","High Distinction","Attendee","Quantum Dynamics"
"Nora Moore","nora.moore@example.com","Modern DevOps & Kubernetes","CloudCon Annual 2026","March 15, 2026","CERT-2026-1171","Distinction","Participant","NovaTech Global"
"Michael Miller","michael.miller@example.com","Blockchain & Smart Contracts","CyberSec Expo 2026","March 15, 2026","CERT-2026-1172","Honors","Winner - 1st Place","Apex Digital"
"Carlos Kulkarni","carlos.kulkarni@example.com","Distributed Systems Engineering","DesignSprint 2026","March 15, 2026","CERT-2026-1173","Excellence","Runner Up","Synthetix AI"
"Jayden Hill","jayden.hill@example.com","Next.js & React 19 Enterprise Patterns","DevOps Days 2026","March 15, 2026","CERT-2026-1174","Merit","Speaker","Starlight Ventures"
"Karan Torres","karan.torres@example.com","Autonomous Systems & Robotics","Web3 Builders Summit","March 15, 2026","CERT-2026-1175","High Distinction","Track Finalist","OmniCorp Research"
"Arthur Zhang","arthur.zhang@example.com","Applied Quantum Computing","FutureTech Leadership Forum","March 15, 2026","CERT-2026-1176","Distinction","Honorary Fellow","Aether Interactive"
"Olivia Hill","olivia.hill@example.com","Full Stack Web Development","Global Tech Summit 2026","March 15, 2026","CERT-2026-1177","Honors","Attendee","Acme Corporation"
"Eli Hayes","eli.hayes@example.com","Data Science & AI Bootcamp","AI Innovators Hackathon","March 15, 2026","CERT-2026-1178","Excellence","Participant","Nexus Labs"
"Austin Hernandez","austin.hernandez@example.com","Cloud Architecture Mastery","CloudCon Annual 2026","March 15, 2026","CERT-2026-1179","Merit","Winner - 1st Place","Horizon Systems"
"Grace Moore","grace.moore@example.com","Cybersecurity Defense Essentials","CyberSec Expo 2026","March 15, 2026","CERT-2026-1180","High Distinction","Runner Up","Vanguard Security"
"Julia Baker","julia.baker@example.com","UI/UX Product Design Masterclass","DesignSprint 2026","March 15, 2026","CERT-2026-1181","Distinction","Speaker","PixelCraft Studio"
"Elijah Martinez","elijah.martinez@example.com","Machine Learning Ops (MLOps)","DevOps Days 2026","March 15, 2026","CERT-2026-1182","Honors","Track Finalist","Quantum Dynamics"
"Kevin Jones","kevin.jones@example.com","Modern DevOps & Kubernetes","Web3 Builders Summit","March 15, 2026","CERT-2026-1183","Excellence","Honorary Fellow","NovaTech Global"
"Brianna Mukherjee","brianna.mukherjee@example.com","Blockchain & Smart Contracts","FutureTech Leadership Forum","March 15, 2026","CERT-2026-1184","Merit","Attendee","Apex Digital"
"Cameron Thomas","cameron.thomas@example.com","Distributed Systems Engineering","Global Tech Summit 2026","March 15, 2026","CERT-2026-1185","High Distinction","Participant","Synthetix AI"
"Victor Young","victor.young@example.com","Next.js & React 19 Enterprise Patterns","AI Innovators Hackathon","March 15, 2026","CERT-2026-1186","Distinction","Winner - 1st Place","Starlight Ventures"
"Olivia Harris","olivia.harris@example.com","Autonomous Systems & Robotics","CloudCon Annual 2026","March 15, 2026","CERT-2026-1187","Honors","Runner Up","OmniCorp Research"
"Daniel Das","daniel.das@example.com","Applied Quantum Computing","CyberSec Expo 2026","March 15, 2026","CERT-2026-1188","Excellence","Speaker","Aether Interactive"
"Layla Hill","layla.hill@example.com","Full Stack Web Development","DesignSprint 2026","March 15, 2026","CERT-2026-1189","Merit","Track Finalist","Acme Corporation"
"Ryan Kulkarni","ryan.kulkarni@example.com","Data Science & AI Bootcamp","DevOps Days 2026","March 15, 2026","CERT-2026-1190","High Distinction","Honorary Fellow","Nexus Labs"
"Christian Sullivan","christian.sullivan@example.com","Cloud Architecture Mastery","Web3 Builders Summit","March 15, 2026","CERT-2026-1191","Distinction","Attendee","Horizon Systems"
"Ella Chakraborty","ella.chakraborty@example.com","Cybersecurity Defense Essentials","FutureTech Leadership Forum","March 15, 2026","CERT-2026-1192","Honors","Participant","Vanguard Security"
"Victor Watson","victor.watson@example.com","UI/UX Product Design Masterclass","Global Tech Summit 2026","March 15, 2026","CERT-2026-1193","Excellence","Winner - 1st Place","PixelCraft Studio"
"Amara Wood","amara.wood@example.com","Machine Learning Ops (MLOps)","AI Innovators Hackathon","March 15, 2026","CERT-2026-1194","Merit","Runner Up","Quantum Dynamics"
"Aditi Ramachandran","aditi.ramachandran@example.com","Modern DevOps & Kubernetes","CloudCon Annual 2026","March 15, 2026","CERT-2026-1195","High Distinction","Speaker","NovaTech Global"
"Ethan Diaz","ethan.diaz@example.com","Blockchain & Smart Contracts","CyberSec Expo 2026","March 15, 2026","CERT-2026-1196","Distinction","Track Finalist","Apex Digital"
"Anthony Vance","anthony.vance@example.com","Distributed Systems Engineering","DesignSprint 2026","March 15, 2026","CERT-2026-1197","Honors","Honorary Fellow","Synthetix AI"
"Valerie Cooper","valerie.cooper@example.com","Next.js & React 19 Enterprise Patterns","DevOps Days 2026","March 15, 2026","CERT-2026-1198","Excellence","Attendee","Starlight Ventures"
"Jonathan Hughes","jonathan.hughes@example.com","Autonomous Systems & Robotics","Web3 Builders Summit","March 15, 2026","CERT-2026-1199","Merit","Participant","OmniCorp Research"
"Kevin Flores","kevin.flores@example.com","Applied Quantum Computing","FutureTech Leadership Forum","March 15, 2026","CERT-2026-1200","High Distinction","Winner - 1st Place","Aether Interactive"
"Eli Agarwal","eli.agarwal@example.com","Full Stack Web Development","Global Tech Summit 2026","March 15, 2026","CERT-2026-1201","Distinction","Runner Up","Acme Corporation"
"William Patel","william.patel@example.com","Data Science & AI Bootcamp","AI Innovators Hackathon","March 15, 2026","CERT-2026-1202","Honors","Speaker","Nexus Labs"
"Carlos King","carlos.king@example.com","Cloud Architecture Mastery","CloudCon Annual 2026","March 15, 2026","CERT-2026-1203","Excellence","Track Finalist","Horizon Systems"
"Jayden Miller","jayden.miller@example.com","Cybersecurity Defense Essentials","CyberSec Expo 2026","March 15, 2026","CERT-2026-1204","Merit","Honorary Fellow","Vanguard Security"
"Mila Joshi","mila.joshi@example.com","UI/UX Product Design Masterclass","DesignSprint 2026","March 15, 2026","CERT-2026-1205","High Distinction","Attendee","PixelCraft Studio"
"Kyle Patel","kyle.patel@example.com","Machine Learning Ops (MLOps)","DevOps Days 2026","March 15, 2026","CERT-2026-1206","Distinction","Participant","Quantum Dynamics"
"Jonathan Kelly","jonathan.kelly@example.com","Modern DevOps & Kubernetes","Web3 Builders Summit","March 15, 2026","CERT-2026-1207","Honors","Winner - 1st Place","NovaTech Global"
"Henry Nelson","henry.nelson@example.com","Blockchain & Smart Contracts","FutureTech Leadership Forum","March 15, 2026","CERT-2026-1208","Excellence","Runner Up","Apex Digital"
"Luke Gray","luke.gray@example.com","Distributed Systems Engineering","Global Tech Summit 2026","March 15, 2026","CERT-2026-1209","Merit","Speaker","Synthetix AI"
"Kayla Walker","kayla.walker@example.com","Next.js & React 19 Enterprise Patterns","AI Innovators Hackathon","March 15, 2026","CERT-2026-1210","High Distinction","Track Finalist","Starlight Ventures"
"Evan Okafor","evan.okafor@example.com","Autonomous Systems & Robotics","CloudCon Annual 2026","March 15, 2026","CERT-2026-1211","Distinction","Honorary Fellow","OmniCorp Research"
"Layla Ramirez","layla.ramirez@example.com","Applied Quantum Computing","CyberSec Expo 2026","March 15, 2026","CERT-2026-1212","Honors","Attendee","Aether Interactive"
"Elijah Morales","elijah.morales@example.com","Full Stack Web Development","DesignSprint 2026","March 15, 2026","CERT-2026-1213","Excellence","Participant","Acme Corporation"
"Rohan Coleman","rohan.coleman@example.com","Data Science & AI Bootcamp","DevOps Days 2026","March 15, 2026","CERT-2026-1214","Merit","Winner - 1st Place","Nexus Labs"
"Jasmine Martinez","jasmine.martinez@example.com","Cloud Architecture Mastery","Web3 Builders Summit","March 15, 2026","CERT-2026-1215","High Distinction","Runner Up","Horizon Systems"
"Caleb Goswami","caleb.goswami@example.com","Cybersecurity Defense Essentials","FutureTech Leadership Forum","March 15, 2026","CERT-2026-1216","Distinction","Speaker","Vanguard Security"
"Aidan Park","aidan.park@example.com","UI/UX Product Design Masterclass","Global Tech Summit 2026","March 15, 2026","CERT-2026-1217","Honors","Track Finalist","PixelCraft Studio"
"Aaliyah Kumar","aaliyah.kumar@example.com","Machine Learning Ops (MLOps)","AI Innovators Hackathon","March 15, 2026","CERT-2026-1218","Excellence","Honorary Fellow","Quantum Dynamics"
"Michael Cooper","michael.cooper@example.com","Modern DevOps & Kubernetes","CloudCon Annual 2026","March 15, 2026","CERT-2026-1219","Merit","Attendee","NovaTech Global"
"Samuel Rao","samuel.rao@example.com","Blockchain & Smart Contracts","CyberSec Expo 2026","March 15, 2026","CERT-2026-1220","High Distinction","Participant","Apex Digital"
"Mila Zhang","mila.zhang@example.com","Distributed Systems Engineering","DesignSprint 2026","March 15, 2026","CERT-2026-1221","Distinction","Winner - 1st Place","Synthetix AI"
"Tyler Gray","tyler.gray@example.com","Next.js & React 19 Enterprise Patterns","DevOps Days 2026","March 15, 2026","CERT-2026-1222","Honors","Runner Up","Starlight Ventures"
"Luke Patel","luke.patel@example.com","Autonomous Systems & Robotics","Web3 Builders Summit","March 15, 2026","CERT-2026-1223","Excellence","Speaker","OmniCorp Research"
"Adrian Venkatesh","adrian.venkatesh@example.com","Applied Quantum Computing","FutureTech Leadership Forum","March 15, 2026","CERT-2026-1224","Merit","Track Finalist","Aether Interactive"
"Ella Hayes","ella.hayes@example.com","Full Stack Web Development","Global Tech Summit 2026","March 15, 2026","CERT-2026-1225","High Distinction","Honorary Fellow","Acme Corporation"
"Ryan Fernandez","ryan.fernandez@example.com","Data Science & AI Bootcamp","AI Innovators Hackathon","March 15, 2026","CERT-2026-1226","Distinction","Attendee","Nexus Labs"
"Luna Moore","luna.moore@example.com","Cloud Architecture Mastery","CloudCon Annual 2026","March 15, 2026","CERT-2026-1227","Honors","Participant","Horizon Systems"
"Aaron Das","aaron.das@example.com","Cybersecurity Defense Essentials","CyberSec Expo 2026","March 15, 2026","CERT-2026-1228","Excellence","Winner - 1st Place","Vanguard Security"
"Aria Williams","aria.williams@example.com","UI/UX Product Design Masterclass","DesignSprint 2026","March 15, 2026","CERT-2026-1229","Merit","Runner Up","PixelCraft Studio"
"Jasmine Wang","jasmine.wang@example.com","Machine Learning Ops (MLOps)","DevOps Days 2026","March 15, 2026","CERT-2026-1230","High Distinction","Speaker","Quantum Dynamics"
"Elizabeth Flores","elizabeth.flores@example.com","Modern DevOps & Kubernetes","Web3 Builders Summit","March 15, 2026","CERT-2026-1231","Distinction","Track Finalist","NovaTech Global"
"Dominic Vance","dominic.vance@example.com","Blockchain & Smart Contracts","FutureTech Leadership Forum","March 15, 2026","CERT-2026-1232","Honors","Honorary Fellow","Apex Digital"
"Rafael Richardson","rafael.richardson@example.com","Distributed Systems Engineering","Global Tech Summit 2026","March 15, 2026","CERT-2026-1233","Excellence","Attendee","Synthetix AI"
"Aaliyah Ghosh","aaliyah.ghosh@example.com","Next.js & React 19 Enterprise Patterns","AI Innovators Hackathon","March 15, 2026","CERT-2026-1234","Merit","Participant","Starlight Ventures"
"Sarah Ghosh","sarah.ghosh@example.com","Autonomous Systems & Robotics","CloudCon Annual 2026","March 15, 2026","CERT-2026-1235","High Distinction","Winner - 1st Place","OmniCorp Research"
"Wyatt Hall","wyatt.hall@example.com","Applied Quantum Computing","CyberSec Expo 2026","March 15, 2026","CERT-2026-1236","Distinction","Runner Up","Aether Interactive"
"Leo Hall","leo.hall@example.com","Full Stack Web Development","DesignSprint 2026","March 15, 2026","CERT-2026-1237","Honors","Speaker","Acme Corporation"
"Benjamin Smith","benjamin.smith@example.com","Data Science & AI Bootcamp","DevOps Days 2026","March 15, 2026","CERT-2026-1238","Excellence","Track Finalist","Nexus Labs"
"Henry Gupta","henry.gupta@example.com","Cloud Architecture Mastery","Web3 Builders Summit","March 15, 2026","CERT-2026-1239","Merit","Honorary Fellow","Horizon Systems"
"Valerie Phillips","valerie.phillips@example.com","Cybersecurity Defense Essentials","FutureTech Leadership Forum","March 15, 2026","CERT-2026-1240","High Distinction","Attendee","Vanguard Security"
"Liam Cooper","liam.cooper@example.com","UI/UX Product Design Masterclass","Global Tech Summit 2026","March 15, 2026","CERT-2026-1241","Distinction","Participant","PixelCraft Studio"
"Harrison Okafor","harrison.okafor@example.com","Machine Learning Ops (MLOps)","AI Innovators Hackathon","March 15, 2026","CERT-2026-1242","Honors","Winner - 1st Place","Quantum Dynamics"
"Jordan Moore","jordan.moore@example.com","Modern DevOps & Kubernetes","CloudCon Annual 2026","March 15, 2026","CERT-2026-1243","Excellence","Runner Up","NovaTech Global"
"Alex Bell","alex.bell@example.com","Blockchain & Smart Contracts","CyberSec Expo 2026","March 15, 2026","CERT-2026-1244","Merit","Speaker","Apex Digital"
"Victoria Gupta","victoria.gupta@example.com","Distributed Systems Engineering","DesignSprint 2026","March 15, 2026","CERT-2026-1245","High Distinction","Track Finalist","Synthetix AI"
"Joshua Moore","joshua.moore@example.com","Next.js & React 19 Enterprise Patterns","DevOps Days 2026","March 15, 2026","CERT-2026-1246","Distinction","Honorary Fellow","Starlight Ventures"
"David Hayes","david.hayes@example.com","Autonomous Systems & Robotics","Web3 Builders Summit","March 15, 2026","CERT-2026-1247","Honors","Attendee","OmniCorp Research"
"Santiago Diaz","santiago.diaz@example.com","Applied Quantum Computing","FutureTech Leadership Forum","March 15, 2026","CERT-2026-1248","Excellence","Participant","Aether Interactive"
"Chloe Torres","chloe.torres@example.com","Full Stack Web Development","Global Tech Summit 2026","March 15, 2026","CERT-2026-1249","Merit","Winner - 1st Place","Acme Corporation"
"Owen Rodriguez","owen.rodriguez@example.com","Data Science & AI Bootcamp","AI Innovators Hackathon","March 15, 2026","CERT-2026-1250","High Distinction","Runner Up","Nexus Labs"
"Jonathan Park","jonathan.park@example.com","Cloud Architecture Mastery","CloudCon Annual 2026","March 15, 2026","CERT-2026-1251","Distinction","Speaker","Horizon Systems"
"Amelia Brooks","amelia.brooks@example.com","Cybersecurity Defense Essentials","CyberSec Expo 2026","March 15, 2026","CERT-2026-1252","Honors","Track Finalist","Vanguard Security"
"Valerie Sanders","valerie.sanders@example.com","UI/UX Product Design Masterclass","DesignSprint 2026","March 15, 2026","CERT-2026-1253","Excellence","Honorary Fellow","PixelCraft Studio"
"Aaliyah Nair","aaliyah.nair@example.com","Machine Learning Ops (MLOps)","DevOps Days 2026","March 15, 2026","CERT-2026-1254","Merit","Attendee","Quantum Dynamics"
"Abigail Brooks","abigail.brooks@example.com","Modern DevOps & Kubernetes","Web3 Builders Summit","March 15, 2026","CERT-2026-1255","High Distinction","Participant","NovaTech Global"
"Elijah White","elijah.white@example.com","Blockchain & Smart Contracts","FutureTech Leadership Forum","March 15, 2026","CERT-2026-1256","Distinction","Winner - 1st Place","Apex Digital"
"Brianna Chakraborty","brianna.chakraborty@example.com","Distributed Systems Engineering","Global Tech Summit 2026","March 15, 2026","CERT-2026-1257","Honors","Runner Up","Synthetix AI"
"Aurora Garcia","aurora.garcia@example.com","Next.js & React 19 Enterprise Patterns","AI Innovators Hackathon","March 15, 2026","CERT-2026-1258","Excellence","Speaker","Starlight Ventures"
"Kiran Howard","kiran.howard@example.com","Autonomous Systems & Robotics","CloudCon Annual 2026","March 15, 2026","CERT-2026-1259","Merit","Track Finalist","OmniCorp Research"
"Cameron Foster","cameron.foster@example.com","Applied Quantum Computing","CyberSec Expo 2026","March 15, 2026","CERT-2026-1260","High Distinction","Honorary Fellow","Aether Interactive"
"Carlos White","carlos.white@example.com","Full Stack Web Development","DesignSprint 2026","March 15, 2026","CERT-2026-1261","Distinction","Attendee","Acme Corporation"
"Noah Venkatesh","noah.venkatesh@example.com","Data Science & AI Bootcamp","DevOps Days 2026","March 15, 2026","CERT-2026-1262","Honors","Participant","Nexus Labs"
"Mila Patel","mila.patel@example.com","Cloud Architecture Mastery","Web3 Builders Summit","March 15, 2026","CERT-2026-1263","Excellence","Winner - 1st Place","Horizon Systems"
"Derek Martin","derek.martin@example.com","Cybersecurity Defense Essentials","FutureTech Leadership Forum","March 15, 2026","CERT-2026-1264","Merit","Runner Up","Vanguard Security"
"Brandon Patel","brandon.patel@example.com","UI/UX Product Design Masterclass","Global Tech Summit 2026","March 15, 2026","CERT-2026-1265","High Distinction","Speaker","PixelCraft Studio"
"John Johnson","john.johnson@example.com","Machine Learning Ops (MLOps)","AI Innovators Hackathon","March 15, 2026","CERT-2026-1266","Distinction","Track Finalist","Quantum Dynamics"
"Arjun Collins","arjun.collins@example.com","Modern DevOps & Kubernetes","CloudCon Annual 2026","March 15, 2026","CERT-2026-1267","Honors","Honorary Fellow","NovaTech Global"
"Zoe Ross","zoe.ross@example.com","Blockchain & Smart Contracts","CyberSec Expo 2026","March 15, 2026","CERT-2026-1268","Excellence","Attendee","Apex Digital"
"Kai Wilson","kai.wilson@example.com","Distributed Systems Engineering","DesignSprint 2026","March 15, 2026","CERT-2026-1269","Merit","Participant","Synthetix AI"
"Jordan Park","jordan.park@example.com","Next.js & React 19 Enterprise Patterns","DevOps Days 2026","March 15, 2026","CERT-2026-1270","High Distinction","Winner - 1st Place","Starlight Ventures"
"Olivia Brown","olivia.brown@example.com","Autonomous Systems & Robotics","Web3 Builders Summit","March 15, 2026","CERT-2026-1271","Distinction","Runner Up","OmniCorp Research"
"Eleanor Chen","eleanor.chen@example.com","Applied Quantum Computing","FutureTech Leadership Forum","March 15, 2026","CERT-2026-1272","Honors","Speaker","Aether Interactive"
"Ethan Long","ethan.long@example.com","Full Stack Web Development","Global Tech Summit 2026","March 15, 2026","CERT-2026-1273","Excellence","Track Finalist","Acme Corporation"
"Chloe Gomez","chloe.gomez@example.com","Data Science & AI Bootcamp","AI Innovators Hackathon","March 15, 2026","CERT-2026-1274","Merit","Honorary Fellow","Nexus Labs"
"Nora Sanders","nora.sanders@example.com","Cloud Architecture Mastery","CloudCon Annual 2026","March 15, 2026","CERT-2026-1275","High Distinction","Attendee","Horizon Systems"
"Harper Banerjee","harper.banerjee@example.com","Cybersecurity Defense Essentials","CyberSec Expo 2026","March 15, 2026","CERT-2026-1276","Distinction","Participant","Vanguard Security"
"James Ramachandran","james.ramachandran@example.com","UI/UX Product Design Masterclass","DesignSprint 2026","March 15, 2026","CERT-2026-1277","Honors","Winner - 1st Place","PixelCraft Studio"
"Rafael Kulkarni","rafael.kulkarni@example.com","Machine Learning Ops (MLOps)","DevOps Days 2026","March 15, 2026","CERT-2026-1278","Excellence","Runner Up","Quantum Dynamics"
"Logan Castillo","logan.castillo@example.com","Modern DevOps & Kubernetes","Web3 Builders Summit","March 15, 2026","CERT-2026-1279","Merit","Speaker","NovaTech Global"
"Samuel Nguyen","samuel.nguyen@example.com","Blockchain & Smart Contracts","FutureTech Leadership Forum","March 15, 2026","CERT-2026-1280","High Distinction","Track Finalist","Apex Digital"
"Jordan Nair","jordan.nair@example.com","Distributed Systems Engineering","Global Tech Summit 2026","March 15, 2026","CERT-2026-1281","Distinction","Honorary Fellow","Synthetix AI"
"Ian Bennett","ian.bennett@example.com","Next.js & React 19 Enterprise Patterns","AI Innovators Hackathon","March 15, 2026","CERT-2026-1282","Honors","Attendee","Starlight Ventures"
"Nicholas Cooper","nicholas.cooper@example.com","Autonomous Systems & Robotics","CloudCon Annual 2026","March 15, 2026","CERT-2026-1283","Excellence","Participant","OmniCorp Research"
"Alexander Park","alexander.park@example.com","Applied Quantum Computing","CyberSec Expo 2026","March 15, 2026","CERT-2026-1284","Merit","Winner - 1st Place","Aether Interactive"
"Mateo Mukherjee","mateo.mukherjee@example.com","Full Stack Web Development","DesignSprint 2026","March 15, 2026","CERT-2026-1285","High Distinction","Runner Up","Acme Corporation"
"Victoria Morgan","victoria.morgan@example.com","Data Science & AI Bootcamp","DevOps Days 2026","March 15, 2026","CERT-2026-1286","Distinction","Speaker","Nexus Labs"
"Owen Richardson","owen.richardson@example.com","Cloud Architecture Mastery","Web3 Builders Summit","March 15, 2026","CERT-2026-1287","Honors","Track Finalist","Horizon Systems"
"Adrian Moore","adrian.moore@example.com","Cybersecurity Defense Essentials","FutureTech Leadership Forum","March 15, 2026","CERT-2026-1288","Excellence","Honorary Fellow","Vanguard Security"
"Aaliyah Kapoor","aaliyah.kapoor@example.com","UI/UX Product Design Masterclass","Global Tech Summit 2026","March 15, 2026","CERT-2026-1289","Merit","Attendee","PixelCraft Studio"
"Eleanor Jenkins","eleanor.jenkins@example.com","Machine Learning Ops (MLOps)","AI Innovators Hackathon","March 15, 2026","CERT-2026-1290","High Distinction","Participant","Quantum Dynamics"
"Amelia Ghosh","amelia.ghosh@example.com","Modern DevOps & Kubernetes","CloudCon Annual 2026","March 15, 2026","CERT-2026-1291","Distinction","Winner - 1st Place","NovaTech Global"
"Noah Watson","noah.watson@example.com","Blockchain & Smart Contracts","CyberSec Expo 2026","March 15, 2026","CERT-2026-1292","Honors","Runner Up","Apex Digital"
"Anthony Walker","anthony.walker@example.com","Distributed Systems Engineering","DesignSprint 2026","March 15, 2026","CERT-2026-1293","Excellence","Speaker","Synthetix AI"
"Caleb Bhatia","caleb.bhatia@example.com","Next.js & React 19 Enterprise Patterns","DevOps Days 2026","March 15, 2026","CERT-2026-1294","Merit","Track Finalist","Starlight Ventures"
"Aaron Richardson","aaron.richardson@example.com","Autonomous Systems & Robotics","Web3 Builders Summit","March 15, 2026","CERT-2026-1295","High Distinction","Honorary Fellow","OmniCorp Research"
"Suresh Anderson","suresh.anderson@example.com","Applied Quantum Computing","FutureTech Leadership Forum","March 15, 2026","CERT-2026-1296","Distinction","Attendee","Aether Interactive"
"Eleanor Morgan","eleanor.morgan@example.com","Full Stack Web Development","Global Tech Summit 2026","March 15, 2026","CERT-2026-1297","Honors","Participant","Acme Corporation"
"Hannah Wright","hannah.wright@example.com","Data Science & AI Bootcamp","AI Innovators Hackathon","March 15, 2026","CERT-2026-1298","Excellence","Winner - 1st Place","Nexus Labs"
"Joshua Mukherjee","joshua.mukherjee@example.com","Cloud Architecture Mastery","CloudCon Annual 2026","March 15, 2026","CERT-2026-1299","Merit","Runner Up","Horizon Systems"
"Asher Long","asher.long@example.com","Cybersecurity Defense Essentials","CyberSec Expo 2026","March 15, 2026","CERT-2026-1300","High Distinction","Speaker","Vanguard Security"
"Nathan Sanders","nathan.sanders@example.com","UI/UX Product Design Masterclass","DesignSprint 2026","March 15, 2026","CERT-2026-1301","Distinction","Track Finalist","PixelCraft Studio"
"Aditi Rao","aditi.rao@example.com","Machine Learning Ops (MLOps)","DevOps Days 2026","March 15, 2026","CERT-2026-1302","Honors","Honorary Fellow","Quantum Dynamics"
"Liam Davis","liam.davis@example.com","Modern DevOps & Kubernetes","Web3 Builders Summit","March 15, 2026","CERT-2026-1303","Excellence","Attendee","NovaTech Global"
"Wyatt Wilson","wyatt.wilson@example.com","Blockchain & Smart Contracts","FutureTech Leadership Forum","March 15, 2026","CERT-2026-1304","Merit","Participant","Apex Digital"
"Karan Taylor","karan.taylor@example.com","Distributed Systems Engineering","Global Tech Summit 2026","March 15, 2026","CERT-2026-1305","High Distinction","Winner - 1st Place","Synthetix AI"
"Olivia Fernandez","olivia.fernandez@example.com","Next.js & React 19 Enterprise Patterns","AI Innovators Hackathon","March 15, 2026","CERT-2026-1306","Distinction","Runner Up","Starlight Ventures"
"Emily Okafor","emily.okafor@example.com","Autonomous Systems & Robotics","CloudCon Annual 2026","March 15, 2026","CERT-2026-1307","Honors","Speaker","OmniCorp Research"
"Claire Alvarez","claire.alvarez@example.com","Applied Quantum Computing","CyberSec Expo 2026","March 15, 2026","CERT-2026-1308","Excellence","Track Finalist","Aether Interactive"
"Sebastian Phillips","sebastian.phillips@example.com","Full Stack Web Development","DesignSprint 2026","March 15, 2026","CERT-2026-1309","Merit","Honorary Fellow","Acme Corporation"
"Logan Green","logan.green@example.com","Data Science & AI Bootcamp","DevOps Days 2026","March 15, 2026","CERT-2026-1310","High Distinction","Attendee","Nexus Labs"
"Karan Gray","karan.gray@example.com","Cloud Architecture Mastery","Web3 Builders Summit","March 15, 2026","CERT-2026-1311","Distinction","Participant","Horizon Systems"
"Nora Jones","nora.jones@example.com","Cybersecurity Defense Essentials","FutureTech Leadership Forum","March 15, 2026","CERT-2026-1312","Honors","Winner - 1st Place","Vanguard Security"
"Luke White","luke.white@example.com","UI/UX Product Design Masterclass","Global Tech Summit 2026","March 15, 2026","CERT-2026-1313","Excellence","Runner Up","PixelCraft Studio"
"James Cox","james.cox@example.com","Machine Learning Ops (MLOps)","AI Innovators Hackathon","March 15, 2026","CERT-2026-1314","Merit","Speaker","Quantum Dynamics"
"Joseph Sharma","joseph.sharma@example.com","Modern DevOps & Kubernetes","CloudCon Annual 2026","March 15, 2026","CERT-2026-1315","High Distinction","Track Finalist","NovaTech Global"
"Isabella Green","isabella.green@example.com","Blockchain & Smart Contracts","CyberSec Expo 2026","March 15, 2026","CERT-2026-1316","Distinction","Honorary Fellow","Apex Digital"
"Claire Perez","claire.perez@example.com","Distributed Systems Engineering","DesignSprint 2026","March 15, 2026","CERT-2026-1317","Honors","Attendee","Synthetix AI"
"Nora Peterson","nora.peterson@example.com","Next.js & React 19 Enterprise Patterns","DevOps Days 2026","March 15, 2026","CERT-2026-1318","Excellence","Participant","Starlight Ventures"
"Jasmine Edwards","jasmine.edwards@example.com","Autonomous Systems & Robotics","Web3 Builders Summit","March 15, 2026","CERT-2026-1319","Merit","Winner - 1st Place","OmniCorp Research"
"Karan Gupta","karan.gupta@example.com","Applied Quantum Computing","FutureTech Leadership Forum","March 15, 2026","CERT-2026-1320","High Distinction","Runner Up","Aether Interactive"
"Brandon Reed","brandon.reed@example.com","Full Stack Web Development","Global Tech Summit 2026","March 15, 2026","CERT-2026-1321","Distinction","Speaker","Acme Corporation"
"Dominic Gomez","dominic.gomez@example.com","Data Science & AI Bootcamp","AI Innovators Hackathon","March 15, 2026","CERT-2026-1322","Honors","Track Finalist","Nexus Labs"
"Sarah Verma","sarah.verma@example.com","Cloud Architecture Mastery","CloudCon Annual 2026","March 15, 2026","CERT-2026-1323","Excellence","Honorary Fellow","Horizon Systems"
"Rafael Smith","rafael.smith@example.com","Cybersecurity Defense Essentials","CyberSec Expo 2026","March 15, 2026","CERT-2026-1324","Merit","Attendee","Vanguard Security"
"Henry Banerjee","henry.banerjee@example.com","UI/UX Product Design Masterclass","DesignSprint 2026","March 15, 2026","CERT-2026-1325","High Distinction","Participant","PixelCraft Studio"
"Sebastian Garcia","sebastian.garcia@example.com","Machine Learning Ops (MLOps)","DevOps Days 2026","March 15, 2026","CERT-2026-1326","Distinction","Winner - 1st Place","Quantum Dynamics"
"Amara Long","amara.long@example.com","Modern DevOps & Kubernetes","Web3 Builders Summit","March 15, 2026","CERT-2026-1327","Honors","Runner Up","NovaTech Global"
"Zoe Morgan","zoe.morgan@example.com","Blockchain & Smart Contracts","FutureTech Leadership Forum","March 15, 2026","CERT-2026-1328","Excellence","Speaker","Apex Digital"
"Elijah Smith","elijah.smith@example.com","Distributed Systems Engineering","Global Tech Summit 2026","March 15, 2026","CERT-2026-1329","Merit","Track Finalist","Synthetix AI"
"William Das","william.das@example.com","Next.js & React 19 Enterprise Patterns","AI Innovators Hackathon","March 15, 2026","CERT-2026-1330","High Distinction","Honorary Fellow","Starlight Ventures"
"Victor Thomas","victor.thomas@example.com","Autonomous Systems & Robotics","CloudCon Annual 2026","March 15, 2026","CERT-2026-1331","Distinction","Attendee","OmniCorp Research"
"Charlotte Das","charlotte.das@example.com","Applied Quantum Computing","CyberSec Expo 2026","March 15, 2026","CERT-2026-1332","Honors","Participant","Aether Interactive"
"Aria Flores","aria.flores@example.com","Full Stack Web Development","DesignSprint 2026","March 15, 2026","CERT-2026-1333","Excellence","Winner - 1st Place","Acme Corporation"
"Maya Peterson","maya.peterson@example.com","Data Science & AI Bootcamp","DevOps Days 2026","March 15, 2026","CERT-2026-1334","Merit","Runner Up","Nexus Labs"
"Nicholas Ghosh","nicholas.ghosh@example.com","Cloud Architecture Mastery","Web3 Builders Summit","March 15, 2026","CERT-2026-1335","High Distinction","Speaker","Horizon Systems"
"Layla Diaz","layla.diaz@example.com","Cybersecurity Defense Essentials","FutureTech Leadership Forum","March 15, 2026","CERT-2026-1336","Distinction","Track Finalist","Vanguard Security"
"Victoria Adams","victoria.adams@example.com","UI/UX Product Design Masterclass","Global Tech Summit 2026","March 15, 2026","CERT-2026-1337","Honors","Honorary Fellow","PixelCraft Studio"
"Elena Lee","elena.lee@example.com","Machine Learning Ops (MLOps)","AI Innovators Hackathon","March 15, 2026","CERT-2026-1338","Excellence","Attendee","Quantum Dynamics"
"Rafael Price","rafael.price@example.com","Modern DevOps & Kubernetes","CloudCon Annual 2026","March 15, 2026","CERT-2026-1339","Merit","Participant","NovaTech Global"
"Arthur Jones","arthur.jones@example.com","Blockchain & Smart Contracts","CyberSec Expo 2026","March 15, 2026","CERT-2026-1340","High Distinction","Winner - 1st Place","Apex Digital"
"Nicholas Wang","nicholas.wang@example.com","Distributed Systems Engineering","DesignSprint 2026","March 15, 2026","CERT-2026-1341","Distinction","Runner Up","Synthetix AI"
"Charlotte Sanchez","charlotte.sanchez@example.com","Next.js & React 19 Enterprise Patterns","DevOps Days 2026","March 15, 2026","CERT-2026-1342","Honors","Speaker","Starlight Ventures"
"Dylan Bhatia","dylan.bhatia@example.com","Autonomous Systems & Robotics","Web3 Builders Summit","March 15, 2026","CERT-2026-1343","Excellence","Track Finalist","OmniCorp Research"
"Eleanor Smith","eleanor.smith@example.com","Applied Quantum Computing","FutureTech Leadership Forum","March 15, 2026","CERT-2026-1344","Merit","Honorary Fellow","Aether Interactive"
"Valerie King","valerie.king@example.com","Full Stack Web Development","Global Tech Summit 2026","March 15, 2026","CERT-2026-1345","High Distinction","Attendee","Acme Corporation"
"Kayla Mukherjee","kayla.mukherjee@example.com","Data Science & AI Bootcamp","AI Innovators Hackathon","March 15, 2026","CERT-2026-1346","Distinction","Participant","Nexus Labs"
"Mila Howard","mila.howard@example.com","Cloud Architecture Mastery","CloudCon Annual 2026","March 15, 2026","CERT-2026-1347","Honors","Winner - 1st Place","Horizon Systems"
"Elizabeth Bennett","elizabeth.bennett@example.com","Cybersecurity Defense Essentials","CyberSec Expo 2026","March 15, 2026","CERT-2026-1348","Excellence","Runner Up","Vanguard Security"
"Claire Phillips","claire.phillips@example.com","UI/UX Product Design Masterclass","DesignSprint 2026","March 15, 2026","CERT-2026-1349","Merit","Speaker","PixelCraft Studio"
"Nolan Joshi","nolan.joshi@example.com","Machine Learning Ops (MLOps)","DevOps Days 2026","March 15, 2026","CERT-2026-1350","High Distinction","Track Finalist","Quantum Dynamics"
"Harper Gray","harper.gray@example.com","Modern DevOps & Kubernetes","Web3 Builders Summit","March 15, 2026","CERT-2026-1351","Distinction","Honorary Fellow","NovaTech Global"
"Priya Flores","priya.flores@example.com","Blockchain & Smart Contracts","FutureTech Leadership Forum","March 15, 2026","CERT-2026-1352","Honors","Attendee","Apex Digital"
"Sam Young","sam.young@example.com","Distributed Systems Engineering","Global Tech Summit 2026","March 15, 2026","CERT-2026-1353","Excellence","Participant","Synthetix AI"
"Christian Chakraborty","christian.chakraborty@example.com","Next.js & React 19 Enterprise Patterns","AI Innovators Hackathon","March 15, 2026","CERT-2026-1354","Merit","Winner - 1st Place","Starlight Ventures"
"Christian Wang","christian.wang@example.com","Autonomous Systems & Robotics","CloudCon Annual 2026","March 15, 2026","CERT-2026-1355","High Distinction","Runner Up","OmniCorp Research"
"Dominic Fernandez","dominic.fernandez@example.com","Applied Quantum Computing","CyberSec Expo 2026","March 15, 2026","CERT-2026-1356","Distinction","Speaker","Aether Interactive"
"Mateo Gupta","mateo.gupta@example.com","Full Stack Web Development","DesignSprint 2026","March 15, 2026","CERT-2026-1357","Honors","Track Finalist","Acme Corporation"
"Maya Joshi","maya.joshi@example.com","Data Science & AI Bootcamp","DevOps Days 2026","March 15, 2026","CERT-2026-1358","Excellence","Honorary Fellow","Nexus Labs"
"Rafael Wilson","rafael.wilson@example.com","Cloud Architecture Mastery","Web3 Builders Summit","March 15, 2026","CERT-2026-1359","Merit","Attendee","Horizon Systems"
"Kyle Agarwal","kyle.agarwal@example.com","Cybersecurity Defense Essentials","FutureTech Leadership Forum","March 15, 2026","CERT-2026-1360","High Distinction","Participant","Vanguard Security"
"Claire Miller","claire.miller@example.com","UI/UX Product Design Masterclass","Global Tech Summit 2026","March 15, 2026","CERT-2026-1361","Distinction","Winner - 1st Place","PixelCraft Studio"
"Xavier Das","xavier.das@example.com","Machine Learning Ops (MLOps)","AI Innovators Hackathon","March 15, 2026","CERT-2026-1362","Honors","Runner Up","Quantum Dynamics"
"Dominic Lewis","dominic.lewis@example.com","Modern DevOps & Kubernetes","CloudCon Annual 2026","March 15, 2026","CERT-2026-1363","Excellence","Speaker","NovaTech Global"
"Aria Garcia","aria.garcia@example.com","Blockchain & Smart Contracts","CyberSec Expo 2026","March 15, 2026","CERT-2026-1364","Merit","Track Finalist","Apex Digital"
"Kiran King","kiran.king@example.com","Distributed Systems Engineering","DesignSprint 2026","March 15, 2026","CERT-2026-1365","High Distinction","Honorary Fellow","Synthetix AI"
"Katelyn Cooper","katelyn.cooper@example.com","Next.js & React 19 Enterprise Patterns","DevOps Days 2026","March 15, 2026","CERT-2026-1366","Distinction","Attendee","Starlight Ventures"
"Emily Morales","emily.morales@example.com","Autonomous Systems & Robotics","Web3 Builders Summit","March 15, 2026","CERT-2026-1367","Honors","Participant","OmniCorp Research"
"Oliver Jones","oliver.jones@example.com","Applied Quantum Computing","FutureTech Leadership Forum","March 15, 2026","CERT-2026-1368","Excellence","Winner - 1st Place","Aether Interactive"
"Aaliyah Walker","aaliyah.walker@example.com","Full Stack Web Development","Global Tech Summit 2026","March 15, 2026","CERT-2026-1369","Merit","Runner Up","Acme Corporation"
"Aurora Roberts","aurora.roberts@example.com","Data Science & AI Bootcamp","AI Innovators Hackathon","March 15, 2026","CERT-2026-1370","High Distinction","Speaker","Nexus Labs"
"Harper Rivera","harper.rivera@example.com","Cloud Architecture Mastery","CloudCon Annual 2026","March 15, 2026","CERT-2026-1371","Distinction","Track Finalist","Horizon Systems"
"Sebastian Baker","sebastian.baker@example.com","Cybersecurity Defense Essentials","CyberSec Expo 2026","March 15, 2026","CERT-2026-1372","Honors","Honorary Fellow","Vanguard Security"
"Layla Rao","layla.rao@example.com","UI/UX Product Design Masterclass","DesignSprint 2026","March 15, 2026","CERT-2026-1373","Excellence","Attendee","PixelCraft Studio"
"Andre King","andre.king@example.com","Machine Learning Ops (MLOps)","DevOps Days 2026","March 15, 2026","CERT-2026-1374","Merit","Participant","Quantum Dynamics"
"Jasmine O'Connor","jasmine.o.connor@example.com","Modern DevOps & Kubernetes","Web3 Builders Summit","March 15, 2026","CERT-2026-1375","High Distinction","Winner - 1st Place","NovaTech Global"
"Emma Sullivan","emma.sullivan@example.com","Blockchain & Smart Contracts","FutureTech Leadership Forum","March 15, 2026","CERT-2026-1376","Distinction","Runner Up","Apex Digital"
"Ruby Davis","ruby.davis@example.com","Distributed Systems Engineering","Global Tech Summit 2026","March 15, 2026","CERT-2026-1377","Honors","Speaker","Synthetix AI"
"Dylan Iyer","dylan.iyer@example.com","Next.js & React 19 Enterprise Patterns","AI Innovators Hackathon","March 15, 2026","CERT-2026-1378","Excellence","Track Finalist","Starlight Ventures"
"Andre Davis","andre.davis@example.com","Autonomous Systems & Robotics","CloudCon Annual 2026","March 15, 2026","CERT-2026-1379","Merit","Honorary Fellow","OmniCorp Research"
"Arjun Nair","arjun.nair@example.com","Applied Quantum Computing","CyberSec Expo 2026","March 15, 2026","CERT-2026-1380","High Distinction","Attendee","Aether Interactive"
"Aria Powell","aria.powell@example.com","Full Stack Web Development","DesignSprint 2026","March 15, 2026","CERT-2026-1381","Distinction","Participant","Acme Corporation"
"Nora Ortiz","nora.ortiz@example.com","Data Science & AI Bootcamp","DevOps Days 2026","March 15, 2026","CERT-2026-1382","Honors","Winner - 1st Place","Nexus Labs"
"Valerie Ward","valerie.ward@example.com","Cloud Architecture Mastery","Web3 Builders Summit","March 15, 2026","CERT-2026-1383","Excellence","Runner Up","Horizon Systems"
"Ian Long","ian.long@example.com","Cybersecurity Defense Essentials","FutureTech Leadership Forum","March 15, 2026","CERT-2026-1384","Merit","Speaker","Vanguard Security"
"Ian Kapoor","ian.kapoor@example.com","UI/UX Product Design Masterclass","Global Tech Summit 2026","March 15, 2026","CERT-2026-1385","High Distinction","Track Finalist","PixelCraft Studio"
"Mason Wood","mason.wood@example.com","Machine Learning Ops (MLOps)","AI Innovators Hackathon","March 15, 2026","CERT-2026-1386","Distinction","Honorary Fellow","Quantum Dynamics"
"Madeline Alvarez","madeline.alvarez@example.com","Modern DevOps & Kubernetes","CloudCon Annual 2026","March 15, 2026","CERT-2026-1387","Honors","Attendee","NovaTech Global"
"Owen Chakraborty","owen.chakraborty@example.com","Blockchain & Smart Contracts","CyberSec Expo 2026","March 15, 2026","CERT-2026-1388","Excellence","Participant","Apex Digital"
"Isabella Mitra","isabella.mitra@example.com","Distributed Systems Engineering","DesignSprint 2026","March 15, 2026","CERT-2026-1389","Merit","Winner - 1st Place","Synthetix AI"
"Samuel Martin","samuel.martin@example.com","Next.js & React 19 Enterprise Patterns","DevOps Days 2026","March 15, 2026","CERT-2026-1390","High Distinction","Runner Up","Starlight Ventures"
"Nora Campbell","nora.campbell@example.com","Autonomous Systems & Robotics","Web3 Builders Summit","March 15, 2026","CERT-2026-1391","Distinction","Speaker","OmniCorp Research"
"Emma Walker","emma.walker@example.com","Applied Quantum Computing","FutureTech Leadership Forum","March 15, 2026","CERT-2026-1392","Honors","Track Finalist","Aether Interactive"
"Santiago Roberts","santiago.roberts@example.com","Full Stack Web Development","Global Tech Summit 2026","March 15, 2026","CERT-2026-1393","Excellence","Honorary Fellow","Acme Corporation"
"Kiran Wood","kiran.wood@example.com","Data Science & AI Bootcamp","AI Innovators Hackathon","March 15, 2026","CERT-2026-1394","Merit","Attendee","Nexus Labs"
"Austin Sanchez","austin.sanchez@example.com","Cloud Architecture Mastery","CloudCon Annual 2026","March 15, 2026","CERT-2026-1395","High Distinction","Participant","Horizon Systems"
"Priya Alvarez","priya.alvarez@example.com","Cybersecurity Defense Essentials","CyberSec Expo 2026","March 15, 2026","CERT-2026-1396","Distinction","Winner - 1st Place","Vanguard Security"
"Derek Zhang","derek.zhang@example.com","UI/UX Product Design Masterclass","DesignSprint 2026","March 15, 2026","CERT-2026-1397","Honors","Runner Up","PixelCraft Studio"
"Benjamin Kim","benjamin.kim@example.com","Machine Learning Ops (MLOps)","DevOps Days 2026","March 15, 2026","CERT-2026-1398","Excellence","Speaker","Quantum Dynamics"
"Elizabeth Sullivan","elizabeth.sullivan@example.com","Modern DevOps & Kubernetes","Web3 Builders Summit","March 15, 2026","CERT-2026-1399","Merit","Track Finalist","NovaTech Global"
"Sebastian Agarwal","sebastian.agarwal@example.com","Blockchain & Smart Contracts","FutureTech Leadership Forum","March 15, 2026","CERT-2026-1400","High Distinction","Honorary Fellow","Apex Digital"
"Kevin Foster","kevin.foster@example.com","Distributed Systems Engineering","Global Tech Summit 2026","March 15, 2026","CERT-2026-1401","Distinction","Attendee","Synthetix AI"
"Kyle Howard","kyle.howard@example.com","Next.js & React 19 Enterprise Patterns","AI Innovators Hackathon","March 15, 2026","CERT-2026-1402","Honors","Participant","Starlight Ventures"
"Sam Collins","sam.collins@example.com","Autonomous Systems & Robotics","CloudCon Annual 2026","March 15, 2026","CERT-2026-1403","Excellence","Winner - 1st Place","OmniCorp Research"
"Connor Sullivan","connor.sullivan@example.com","Applied Quantum Computing","CyberSec Expo 2026","March 15, 2026","CERT-2026-1404","Merit","Runner Up","Aether Interactive"
"John Murphy","john.murphy@example.com","Full Stack Web Development","DesignSprint 2026","March 15, 2026","CERT-2026-1405","High Distinction","Speaker","Acme Corporation"
"Emily Russell","emily.russell@example.com","Data Science & AI Bootcamp","DevOps Days 2026","March 15, 2026","CERT-2026-1406","Distinction","Track Finalist","Nexus Labs"
"David Barnes","david.barnes@example.com","Cloud Architecture Mastery","Web3 Builders Summit","March 15, 2026","CERT-2026-1407","Honors","Honorary Fellow","Horizon Systems"
"Logan Sullivan","logan.sullivan@example.com","Cybersecurity Defense Essentials","FutureTech Leadership Forum","March 15, 2026","CERT-2026-1408","Excellence","Attendee","Vanguard Security"
"Joshua Okafor","joshua.okafor@example.com","UI/UX Product Design Masterclass","Global Tech Summit 2026","March 15, 2026","CERT-2026-1409","Merit","Participant","PixelCraft Studio"
"Arthur Ortiz","arthur.ortiz@example.com","Machine Learning Ops (MLOps)","AI Innovators Hackathon","March 15, 2026","CERT-2026-1410","High Distinction","Winner - 1st Place","Quantum Dynamics"
"Alex Adams","alex.adams@example.com","Modern DevOps & Kubernetes","CloudCon Annual 2026","March 15, 2026","CERT-2026-1411","Distinction","Runner Up","NovaTech Global"
"Emma Stewart","emma.stewart@example.com","Blockchain & Smart Contracts","CyberSec Expo 2026","March 15, 2026","CERT-2026-1412","Honors","Speaker","Apex Digital"
"Derek Patel","derek.patel@example.com","Distributed Systems Engineering","DesignSprint 2026","March 15, 2026","CERT-2026-1413","Excellence","Track Finalist","Synthetix AI"
"Gabriel Sengupta","gabriel.sengupta@example.com","Next.js & React 19 Enterprise Patterns","DevOps Days 2026","March 15, 2026","CERT-2026-1414","Merit","Honorary Fellow","Starlight Ventures"
"Tyler Sullivan","tyler.sullivan@example.com","Autonomous Systems & Robotics","Web3 Builders Summit","March 15, 2026","CERT-2026-1415","High Distinction","Attendee","OmniCorp Research"
"Brianna Campbell","brianna.campbell@example.com","Applied Quantum Computing","FutureTech Leadership Forum","March 15, 2026","CERT-2026-1416","Distinction","Participant","Aether Interactive"
"Derek Ward","derek.ward@example.com","Full Stack Web Development","Global Tech Summit 2026","March 15, 2026","CERT-2026-1417","Honors","Winner - 1st Place","Acme Corporation"
"Karan Roberts","karan.roberts@example.com","Data Science & AI Bootcamp","AI Innovators Hackathon","March 15, 2026","CERT-2026-1418","Excellence","Runner Up","Nexus Labs"
"Layla Silva","layla.silva@example.com","Cloud Architecture Mastery","CloudCon Annual 2026","March 15, 2026","CERT-2026-1419","Merit","Speaker","Horizon Systems"
"Daniel Kapoor","daniel.kapoor@example.com","Cybersecurity Defense Essentials","CyberSec Expo 2026","March 15, 2026","CERT-2026-1420","High Distinction","Track Finalist","Vanguard Security"
"Adrian Mukherjee","adrian.mukherjee@example.com","UI/UX Product Design Masterclass","DesignSprint 2026","March 15, 2026","CERT-2026-1421","Distinction","Honorary Fellow","PixelCraft Studio"
"Kevin Stewart","kevin.stewart@example.com","Machine Learning Ops (MLOps)","DevOps Days 2026","March 15, 2026","CERT-2026-1422","Honors","Attendee","Quantum Dynamics"
"Mateo Long","mateo.long@example.com","Modern DevOps & Kubernetes","Web3 Builders Summit","March 15, 2026","CERT-2026-1423","Excellence","Participant","NovaTech Global"
"Elijah Wilson","elijah.wilson@example.com","Blockchain & Smart Contracts","FutureTech Leadership Forum","March 15, 2026","CERT-2026-1424","Merit","Winner - 1st Place","Apex Digital"
"Julia Kumar","julia.kumar@example.com","Distributed Systems Engineering","Global Tech Summit 2026","March 15, 2026","CERT-2026-1425","High Distinction","Runner Up","Synthetix AI"
"Isaac Lewis","isaac.lewis@example.com","Next.js & React 19 Enterprise Patterns","AI Innovators Hackathon","March 15, 2026","CERT-2026-1426","Distinction","Speaker","Starlight Ventures"
"Henry Castillo","henry.castillo@example.com","Autonomous Systems & Robotics","CloudCon Annual 2026","March 15, 2026","CERT-2026-1427","Honors","Track Finalist","OmniCorp Research"
"Mason Jenkins","mason.jenkins@example.com","Applied Quantum Computing","CyberSec Expo 2026","March 15, 2026","CERT-2026-1428","Excellence","Honorary Fellow","Aether Interactive"
"Ava Richardson","ava.richardson@example.com","Full Stack Web Development","DesignSprint 2026","March 15, 2026","CERT-2026-1429","Merit","Attendee","Acme Corporation"
"Ruby King","ruby.king@example.com","Data Science & AI Bootcamp","DevOps Days 2026","March 15, 2026","CERT-2026-1430","High Distinction","Participant","Nexus Labs"
"Asher Taylor","asher.taylor@example.com","Cloud Architecture Mastery","Web3 Builders Summit","March 15, 2026","CERT-2026-1431","Distinction","Winner - 1st Place","Horizon Systems"
"Isaac Garcia","isaac.garcia@example.com","Cybersecurity Defense Essentials","FutureTech Leadership Forum","March 15, 2026","CERT-2026-1432","Honors","Runner Up","Vanguard Security"
"Jacob Ramachandran","jacob.ramachandran@example.com","UI/UX Product Design Masterclass","Global Tech Summit 2026","March 15, 2026","CERT-2026-1433","Excellence","Speaker","PixelCraft Studio"
"Zachary Joshi","zachary.joshi@example.com","Machine Learning Ops (MLOps)","AI Innovators Hackathon","March 15, 2026","CERT-2026-1434","Merit","Track Finalist","Quantum Dynamics"
"Victoria Nguyen","victoria.nguyen@example.com","Modern DevOps & Kubernetes","CloudCon Annual 2026","March 15, 2026","CERT-2026-1435","High Distinction","Honorary Fellow","NovaTech Global"
"Dylan Williams","dylan.williams@example.com","Blockchain & Smart Contracts","CyberSec Expo 2026","March 15, 2026","CERT-2026-1436","Distinction","Attendee","Apex Digital"
"Madeline Joshi","madeline.joshi@example.com","Distributed Systems Engineering","DesignSprint 2026","March 15, 2026","CERT-2026-1437","Honors","Participant","Synthetix AI"
"Carlos Ramirez","carlos.ramirez@example.com","Next.js & React 19 Enterprise Patterns","DevOps Days 2026","March 15, 2026","CERT-2026-1438","Excellence","Winner - 1st Place","Starlight Ventures"
"Jayden Roy","jayden.roy@example.com","Autonomous Systems & Robotics","Web3 Builders Summit","March 15, 2026","CERT-2026-1439","Merit","Runner Up","OmniCorp Research"
"Jack Turner","jack.turner@example.com","Applied Quantum Computing","FutureTech Leadership Forum","March 15, 2026","CERT-2026-1440","High Distinction","Speaker","Aether Interactive"
"Amelia Mukherjee","amelia.mukherjee@example.com","Full Stack Web Development","Global Tech Summit 2026","March 15, 2026","CERT-2026-1441","Distinction","Track Finalist","Acme Corporation"
"Christian Chen","christian.chen@example.com","Data Science & AI Bootcamp","AI Innovators Hackathon","March 15, 2026","CERT-2026-1442","Honors","Honorary Fellow","Nexus Labs"
"Olivia Chen","olivia.chen@example.com","Cloud Architecture Mastery","CloudCon Annual 2026","March 15, 2026","CERT-2026-1443","Excellence","Attendee","Horizon Systems"
"Priya Ghosh","priya.ghosh@example.com","Cybersecurity Defense Essentials","CyberSec Expo 2026","March 15, 2026","CERT-2026-1444","Merit","Participant","Vanguard Security"
"Ruby Barnes","ruby.barnes@example.com","UI/UX Product Design Masterclass","DesignSprint 2026","March 15, 2026","CERT-2026-1445","High Distinction","Winner - 1st Place","PixelCraft Studio"
"Joshua Agarwal","joshua.agarwal@example.com","Machine Learning Ops (MLOps)","DevOps Days 2026","March 15, 2026","CERT-2026-1446","Distinction","Runner Up","Quantum Dynamics"
"Kai Bennett","kai.bennett@example.com","Modern DevOps & Kubernetes","Web3 Builders Summit","March 15, 2026","CERT-2026-1447","Honors","Speaker","NovaTech Global"
"Sarah Joshi","sarah.joshi@example.com","Blockchain & Smart Contracts","FutureTech Leadership Forum","March 15, 2026","CERT-2026-1448","Excellence","Track Finalist","Apex Digital"
"Jasmine Barnes","jasmine.barnes@example.com","Distributed Systems Engineering","Global Tech Summit 2026","March 15, 2026","CERT-2026-1449","Merit","Honorary Fellow","Synthetix AI"
"Elijah Martin","elijah.martin@example.com","Next.js & React 19 Enterprise Patterns","AI Innovators Hackathon","March 15, 2026","CERT-2026-1450","High Distinction","Attendee","Starlight Ventures"
"Leo Cox","leo.cox@example.com","Autonomous Systems & Robotics","CloudCon Annual 2026","March 15, 2026","CERT-2026-1451","Distinction","Participant","OmniCorp Research"
"Santiago Davis","santiago.davis@example.com","Applied Quantum Computing","CyberSec Expo 2026","March 15, 2026","CERT-2026-1452","Honors","Winner - 1st Place","Aether Interactive"
"Isaac Richardson","isaac.richardson@example.com","Full Stack Web Development","DesignSprint 2026","March 15, 2026","CERT-2026-1453","Excellence","Runner Up","Acme Corporation"
"Amara King","amara.king@example.com","Data Science & AI Bootcamp","DevOps Days 2026","March 15, 2026","CERT-2026-1454","Merit","Speaker","Nexus Labs"
"Zachary Richardson","zachary.richardson@example.com","Cloud Architecture Mastery","Web3 Builders Summit","March 15, 2026","CERT-2026-1455","High Distinction","Track Finalist","Horizon Systems"
"Eli Price","eli.price@example.com","Cybersecurity Defense Essentials","FutureTech Leadership Forum","March 15, 2026","CERT-2026-1456","Distinction","Honorary Fellow","Vanguard Security"
"Jonathan Price","jonathan.price@example.com","UI/UX Product Design Masterclass","Global Tech Summit 2026","March 15, 2026","CERT-2026-1457","Honors","Attendee","PixelCraft Studio"
"Julian Roy","julian.roy@example.com","Machine Learning Ops (MLOps)","AI Innovators Hackathon","March 15, 2026","CERT-2026-1458","Excellence","Participant","Quantum Dynamics"
"Elizabeth Roy","elizabeth.roy@example.com","Modern DevOps & Kubernetes","CloudCon Annual 2026","March 15, 2026","CERT-2026-1459","Merit","Winner - 1st Place","NovaTech Global"
"Aditi Sanders","aditi.sanders@example.com","Blockchain & Smart Contracts","CyberSec Expo 2026","March 15, 2026","CERT-2026-1460","High Distinction","Runner Up","Apex Digital"
"Kayla Harris","kayla.harris@example.com","Distributed Systems Engineering","DesignSprint 2026","March 15, 2026","CERT-2026-1461","Distinction","Speaker","Synthetix AI"
"Leo Fernandez","leo.fernandez@example.com","Next.js & React 19 Enterprise Patterns","DevOps Days 2026","March 15, 2026","CERT-2026-1462","Honors","Track Finalist","Starlight Ventures"
"Daniel Mukherjee","daniel.mukherjee@example.com","Autonomous Systems & Robotics","Web3 Builders Summit","March 15, 2026","CERT-2026-1463","Excellence","Honorary Fellow","OmniCorp Research"
"Ava Ghosh","ava.ghosh@example.com","Applied Quantum Computing","FutureTech Leadership Forum","March 15, 2026","CERT-2026-1464","Merit","Attendee","Aether Interactive"
"Emily Adams","emily.adams@example.com","Full Stack Web Development","Global Tech Summit 2026","March 15, 2026","CERT-2026-1465","High Distinction","Participant","Acme Corporation"
"Dylan Kelly","dylan.kelly@example.com","Data Science & AI Bootcamp","AI Innovators Hackathon","March 15, 2026","CERT-2026-1466","Distinction","Winner - 1st Place","Nexus Labs"
"Sarah Sullivan","sarah.sullivan@example.com","Cloud Architecture Mastery","CloudCon Annual 2026","March 15, 2026","CERT-2026-1467","Honors","Runner Up","Horizon Systems"
"Benjamin Green","benjamin.green@example.com","Cybersecurity Defense Essentials","CyberSec Expo 2026","March 15, 2026","CERT-2026-1468","Excellence","Speaker","Vanguard Security"
"Amara Myers","amara.myers@example.com","UI/UX Product Design Masterclass","DesignSprint 2026","March 15, 2026","CERT-2026-1469","Merit","Track Finalist","PixelCraft Studio"
"Lucas Das","lucas.das@example.com","Machine Learning Ops (MLOps)","DevOps Days 2026","March 15, 2026","CERT-2026-1470","High Distinction","Honorary Fellow","Quantum Dynamics"
"William Kapoor","william.kapoor@example.com","Modern DevOps & Kubernetes","Web3 Builders Summit","March 15, 2026","CERT-2026-1471","Distinction","Attendee","NovaTech Global"
"Kyle Mitra","kyle.mitra@example.com","Blockchain & Smart Contracts","FutureTech Leadership Forum","March 15, 2026","CERT-2026-1472","Honors","Participant","Apex Digital"
"Layla Green","layla.green@example.com","Distributed Systems Engineering","Global Tech Summit 2026","March 15, 2026","CERT-2026-1473","Excellence","Winner - 1st Place","Synthetix AI"
"Wyatt Chakraborty","wyatt.chakraborty@example.com","Next.js & React 19 Enterprise Patterns","AI Innovators Hackathon","March 15, 2026","CERT-2026-1474","Merit","Runner Up","Starlight Ventures"
"Madeline Cox","madeline.cox@example.com","Autonomous Systems & Robotics","CloudCon Annual 2026","March 15, 2026","CERT-2026-1475","High Distinction","Speaker","OmniCorp Research"
"Joshua White","joshua.white@example.com","Applied Quantum Computing","CyberSec Expo 2026","March 15, 2026","CERT-2026-1476","Distinction","Track Finalist","Aether Interactive"
"Brandon Price","brandon.price@example.com","Full Stack Web Development","DesignSprint 2026","March 15, 2026","CERT-2026-1477","Honors","Honorary Fellow","Acme Corporation"
"Connor Kapoor","connor.kapoor@example.com","Data Science & AI Bootcamp","DevOps Days 2026","March 15, 2026","CERT-2026-1478","Excellence","Attendee","Nexus Labs"
"Madeline Lewis","madeline.lewis@example.com","Cloud Architecture Mastery","Web3 Builders Summit","March 15, 2026","CERT-2026-1479","Merit","Participant","Horizon Systems"
"Adam Taylor","adam.taylor@example.com","Cybersecurity Defense Essentials","FutureTech Leadership Forum","March 15, 2026","CERT-2026-1480","High Distinction","Winner - 1st Place","Vanguard Security"
"Sophia Bhatia","sophia.bhatia@example.com","UI/UX Product Design Masterclass","Global Tech Summit 2026","March 15, 2026","CERT-2026-1481","Distinction","Runner Up","PixelCraft Studio"
"Aaron Phillips","aaron.phillips@example.com","Machine Learning Ops (MLOps)","AI Innovators Hackathon","March 15, 2026","CERT-2026-1482","Honors","Speaker","Quantum Dynamics"
"Grace Agarwal","grace.agarwal@example.com","Modern DevOps & Kubernetes","CloudCon Annual 2026","March 15, 2026","CERT-2026-1483","Excellence","Track Finalist","NovaTech Global"
"Alex Thomas","alex.thomas@example.com","Blockchain & Smart Contracts","CyberSec Expo 2026","March 15, 2026","CERT-2026-1484","Merit","Honorary Fellow","Apex Digital"
"Ava Ramirez","ava.ramirez@example.com","Distributed Systems Engineering","DesignSprint 2026","March 15, 2026","CERT-2026-1485","High Distinction","Attendee","Synthetix AI"
"Olivia White","olivia.white@example.com","Next.js & React 19 Enterprise Patterns","DevOps Days 2026","March 15, 2026","CERT-2026-1486","Distinction","Participant","Starlight Ventures"
"Isabella Brown","isabella.brown@example.com","Autonomous Systems & Robotics","Web3 Builders Summit","March 15, 2026","CERT-2026-1487","Honors","Winner - 1st Place","OmniCorp Research"
"Charlotte Jenkins","charlotte.jenkins@example.com","Applied Quantum Computing","FutureTech Leadership Forum","March 15, 2026","CERT-2026-1488","Excellence","Runner Up","Aether Interactive"
"Carlos Sharma","carlos.sharma@example.com","Full Stack Web Development","Global Tech Summit 2026","March 15, 2026","CERT-2026-1489","Merit","Speaker","Acme Corporation"
"Priya Morales","priya.morales@example.com","Data Science & AI Bootcamp","AI Innovators Hackathon","March 15, 2026","CERT-2026-1490","High Distinction","Track Finalist","Nexus Labs"
"Maya Ghosh","maya.ghosh@example.com","Cloud Architecture Mastery","CloudCon Annual 2026","March 15, 2026","CERT-2026-1491","Distinction","Honorary Fellow","Horizon Systems"
"Harper Stewart","harper.stewart@example.com","Cybersecurity Defense Essentials","CyberSec Expo 2026","March 15, 2026","CERT-2026-1492","Honors","Attendee","Vanguard Security"
"Brianna Brooks","brianna.brooks@example.com","UI/UX Product Design Masterclass","DesignSprint 2026","March 15, 2026","CERT-2026-1493","Excellence","Participant","PixelCraft Studio"
"Jack Lewis","jack.lewis@example.com","Machine Learning Ops (MLOps)","DevOps Days 2026","March 15, 2026","CERT-2026-1494","Merit","Winner - 1st Place","Quantum Dynamics"
"Mateo Powell","mateo.powell@example.com","Modern DevOps & Kubernetes","Web3 Builders Summit","March 15, 2026","CERT-2026-1495","High Distinction","Runner Up","NovaTech Global"
"Derek Wang","derek.wang@example.com","Blockchain & Smart Contracts","FutureTech Leadership Forum","March 15, 2026","CERT-2026-1496","Distinction","Speaker","Apex Digital"
"Kyle Peterson","kyle.peterson@example.com","Distributed Systems Engineering","Global Tech Summit 2026","March 15, 2026","CERT-2026-1497","Honors","Track Finalist","Synthetix AI"
"Aditi Roberts","aditi.roberts@example.com","Next.js & React 19 Enterprise Patterns","AI Innovators Hackathon","March 15, 2026","CERT-2026-1498","Excellence","Honorary Fellow","Starlight Ventures"
"Mateo King","mateo.king@example.com","Autonomous Systems & Robotics","CloudCon Annual 2026","March 15, 2026","CERT-2026-1499","Merit","Attendee","OmniCorp Research"
"Vikram Chakraborty","vikram.chakraborty@example.com","Applied Quantum Computing","CyberSec Expo 2026","March 15, 2026","CERT-2026-1500","High Distinction","Participant","Aether Interactive"
"Isaac Brooks","isaac.brooks@example.com","Full Stack Web Development","DesignSprint 2026","March 15, 2026","CERT-2026-1501","Distinction","Winner - 1st Place","Acme Corporation"
"Claire Evans","claire.evans@example.com","Data Science & AI Bootcamp","DevOps Days 2026","March 15, 2026","CERT-2026-1502","Honors","Runner Up","Nexus Labs"
"Xavier Cooper","xavier.cooper@example.com","Cloud Architecture Mastery","Web3 Builders Summit","March 15, 2026","CERT-2026-1503","Excellence","Speaker","Horizon Systems"
"Victor Wang","victor.wang@example.com","Cybersecurity Defense Essentials","FutureTech Leadership Forum","March 15, 2026","CERT-2026-1504","Merit","Track Finalist","Vanguard Security"
"Ryan Silva","ryan.silva@example.com","UI/UX Product Design Masterclass","Global Tech Summit 2026","March 15, 2026","CERT-2026-1505","High Distinction","Honorary Fellow","PixelCraft Studio"
"Caleb Ghosh","caleb.ghosh@example.com","Machine Learning Ops (MLOps)","AI Innovators Hackathon","March 15, 2026","CERT-2026-1506","Distinction","Attendee","Quantum Dynamics"
"Brandon Bell","brandon.bell@example.com","Modern DevOps & Kubernetes","CloudCon Annual 2026","March 15, 2026","CERT-2026-1507","Honors","Participant","NovaTech Global"
"Anthony King","anthony.king@example.com","Blockchain & Smart Contracts","CyberSec Expo 2026","March 15, 2026","CERT-2026-1508","Excellence","Winner - 1st Place","Apex Digital"
"Joshua Taylor","joshua.taylor@example.com","Distributed Systems Engineering","DesignSprint 2026","March 15, 2026","CERT-2026-1509","Merit","Runner Up","Synthetix AI"
"Charlotte Nelson","charlotte.nelson@example.com","Next.js & React 19 Enterprise Patterns","DevOps Days 2026","March 15, 2026","CERT-2026-1510","High Distinction","Speaker","Starlight Ventures"
"Eleanor Ortiz","eleanor.ortiz@example.com","Autonomous Systems & Robotics","Web3 Builders Summit","March 15, 2026","CERT-2026-1511","Distinction","Track Finalist","OmniCorp Research"
"Isabella Davis","isabella.davis@example.com","Applied Quantum Computing","FutureTech Leadership Forum","March 15, 2026","CERT-2026-1512","Honors","Honorary Fellow","Aether Interactive"
"Karan Morgan","karan.morgan@example.com","Full Stack Web Development","Global Tech Summit 2026","March 15, 2026","CERT-2026-1513","Excellence","Attendee","Acme Corporation"
"Ava Edwards","ava.edwards@example.com","Data Science & AI Bootcamp","AI Innovators Hackathon","March 15, 2026","CERT-2026-1514","Merit","Participant","Nexus Labs"
"Andre Morgan","andre.morgan@example.com","Cloud Architecture Mastery","CloudCon Annual 2026","March 15, 2026","CERT-2026-1515","High Distinction","Winner - 1st Place","Horizon Systems"
"Santiago Fernandez","santiago.fernandez@example.com","Cybersecurity Defense Essentials","CyberSec Expo 2026","March 15, 2026","CERT-2026-1516","Distinction","Runner Up","Vanguard Security"
"Aaliyah Mitra","aaliyah.mitra@example.com","UI/UX Product Design Masterclass","DesignSprint 2026","March 15, 2026","CERT-2026-1517","Honors","Speaker","PixelCraft Studio"
"Adam Rao","adam.rao@example.com","Machine Learning Ops (MLOps)","DevOps Days 2026","March 15, 2026","CERT-2026-1518","Excellence","Track Finalist","Quantum Dynamics"
"Austin Patel","austin.patel@example.com","Modern DevOps & Kubernetes","Web3 Builders Summit","March 15, 2026","CERT-2026-1519","Merit","Honorary Fellow","NovaTech Global"
"Arjun Wang","arjun.wang@example.com","Blockchain & Smart Contracts","FutureTech Leadership Forum","March 15, 2026","CERT-2026-1520","High Distinction","Attendee","Apex Digital"
"Luke Agarwal","luke.agarwal@example.com","Distributed Systems Engineering","Global Tech Summit 2026","March 15, 2026","CERT-2026-1521","Distinction","Participant","Synthetix AI"
"Lucas Roberts","lucas.roberts@example.com","Next.js & React 19 Enterprise Patterns","AI Innovators Hackathon","March 15, 2026","CERT-2026-1522","Honors","Winner - 1st Place","Starlight Ventures"
"Hannah Peterson","hannah.peterson@example.com","Autonomous Systems & Robotics","CloudCon Annual 2026","March 15, 2026","CERT-2026-1523","Excellence","Runner Up","OmniCorp Research"
"Rafael Thomas","rafael.thomas@example.com","Applied Quantum Computing","CyberSec Expo 2026","March 15, 2026","CERT-2026-1524","Merit","Speaker","Aether Interactive"
"Nicholas James","nicholas.james@example.com","Full Stack Web Development","DesignSprint 2026","March 15, 2026","CERT-2026-1525","High Distinction","Track Finalist","Acme Corporation"
"John Silva","john.silva@example.com","Data Science & AI Bootcamp","DevOps Days 2026","March 15, 2026","CERT-2026-1526","Distinction","Honorary Fellow","Nexus Labs"
"Kyle Ward","kyle.ward@example.com","Cloud Architecture Mastery","Web3 Builders Summit","March 15, 2026","CERT-2026-1527","Honors","Attendee","Horizon Systems"
"Joshua Sullivan","joshua.sullivan@example.com","Cybersecurity Defense Essentials","FutureTech Leadership Forum","March 15, 2026","CERT-2026-1528","Excellence","Participant","Vanguard Security"
"Isabella Bhatia","isabella.bhatia@example.com","UI/UX Product Design Masterclass","Global Tech Summit 2026","March 15, 2026","CERT-2026-1529","Merit","Winner - 1st Place","PixelCraft Studio"
"Austin Wood","austin.wood@example.com","Machine Learning Ops (MLOps)","AI Innovators Hackathon","March 15, 2026","CERT-2026-1530","High Distinction","Runner Up","Quantum Dynamics"
"Andre Hernandez","andre.hernandez@example.com","Modern DevOps & Kubernetes","CloudCon Annual 2026","March 15, 2026","CERT-2026-1531","Distinction","Speaker","NovaTech Global"
"Zachary Myers","zachary.myers@example.com","Blockchain & Smart Contracts","CyberSec Expo 2026","March 15, 2026","CERT-2026-1532","Honors","Track Finalist","Apex Digital"
"Mila Foster","mila.foster@example.com","Distributed Systems Engineering","DesignSprint 2026","March 15, 2026","CERT-2026-1533","Excellence","Honorary Fellow","Synthetix AI"
"Ella Henderson","ella.henderson@example.com","Next.js & React 19 Enterprise Patterns","DevOps Days 2026","March 15, 2026","CERT-2026-1534","Merit","Attendee","Starlight Ventures"
"Vikram White","vikram.white@example.com","Autonomous Systems & Robotics","Web3 Builders Summit","March 15, 2026","CERT-2026-1535","High Distinction","Participant","OmniCorp Research"
"Charlotte Sanders","charlotte.sanders@example.com","Applied Quantum Computing","FutureTech Leadership Forum","March 15, 2026","CERT-2026-1536","Distinction","Winner - 1st Place","Aether Interactive"
"Adrian Walker","adrian.walker@example.com","Full Stack Web Development","Global Tech Summit 2026","March 15, 2026","CERT-2026-1537","Honors","Runner Up","Acme Corporation"
"Layla Sanders","layla.sanders@example.com","Data Science & AI Bootcamp","AI Innovators Hackathon","March 15, 2026","CERT-2026-1538","Excellence","Speaker","Nexus Labs"
"Santiago Powell","santiago.powell@example.com","Cloud Architecture Mastery","CloudCon Annual 2026","March 15, 2026","CERT-2026-1539","Merit","Track Finalist","Horizon Systems"
"Eli Walker","eli.walker@example.com","Cybersecurity Defense Essentials","CyberSec Expo 2026","March 15, 2026","CERT-2026-1540","High Distinction","Honorary Fellow","Vanguard Security"
"Sarah Anderson","sarah.anderson@example.com","UI/UX Product Design Masterclass","DesignSprint 2026","March 15, 2026","CERT-2026-1541","Distinction","Attendee","PixelCraft Studio"
"Arjun Roy","arjun.roy@example.com","Machine Learning Ops (MLOps)","DevOps Days 2026","March 15, 2026","CERT-2026-1542","Honors","Participant","Quantum Dynamics"
"Evan White","evan.white@example.com","Modern DevOps & Kubernetes","Web3 Builders Summit","March 15, 2026","CERT-2026-1543","Excellence","Winner - 1st Place","NovaTech Global"
"Sarah Martinez","sarah.martinez@example.com","Blockchain & Smart Contracts","FutureTech Leadership Forum","March 15, 2026","CERT-2026-1544","Merit","Runner Up","Apex Digital"
"Maya Myers","maya.myers@example.com","Distributed Systems Engineering","Global Tech Summit 2026","March 15, 2026","CERT-2026-1545","High Distinction","Speaker","Synthetix AI"
"Marcus Agarwal","marcus.agarwal@example.com","Next.js & React 19 Enterprise Patterns","AI Innovators Hackathon","March 15, 2026","CERT-2026-1546","Distinction","Track Finalist","Starlight Ventures"
"Elena Iyer","elena.iyer@example.com","Autonomous Systems & Robotics","CloudCon Annual 2026","March 15, 2026","CERT-2026-1547","Honors","Honorary Fellow","OmniCorp Research"
"John Nair","john.nair@example.com","Applied Quantum Computing","CyberSec Expo 2026","March 15, 2026","CERT-2026-1548","Excellence","Attendee","Aether Interactive"
"Dominic Wood","dominic.wood@example.com","Full Stack Web Development","DesignSprint 2026","March 15, 2026","CERT-2026-1549","Merit","Participant","Acme Corporation"
"Aidan Nair","aidan.nair@example.com","Data Science & AI Bootcamp","DevOps Days 2026","March 15, 2026","CERT-2026-1550","High Distinction","Winner - 1st Place","Nexus Labs"
"Abigail Myers","abigail.myers@example.com","Cloud Architecture Mastery","Web3 Builders Summit","March 15, 2026","CERT-2026-1551","Distinction","Runner Up","Horizon Systems"
"Kiran Lee","kiran.lee@example.com","Cybersecurity Defense Essentials","FutureTech Leadership Forum","March 15, 2026","CERT-2026-1552","Honors","Speaker","Vanguard Security"
"Karan Gonzalez","karan.gonzalez@example.com","UI/UX Product Design Masterclass","Global Tech Summit 2026","March 15, 2026","CERT-2026-1553","Excellence","Track Finalist","PixelCraft Studio"
"Kiran Diaz","kiran.diaz@example.com","Machine Learning Ops (MLOps)","AI Innovators Hackathon","March 15, 2026","CERT-2026-1554","Merit","Honorary Fellow","Quantum Dynamics"
"Elizabeth Johnson","elizabeth.johnson@example.com","Modern DevOps & Kubernetes","CloudCon Annual 2026","March 15, 2026","CERT-2026-1555","High Distinction","Attendee","NovaTech Global"
"Cameron James","cameron.james@example.com","Blockchain & Smart Contracts","CyberSec Expo 2026","March 15, 2026","CERT-2026-1556","Distinction","Participant","Apex Digital"
"Carlos Thomas","carlos.thomas@example.com","Distributed Systems Engineering","DesignSprint 2026","March 15, 2026","CERT-2026-1557","Honors","Winner - 1st Place","Synthetix AI"
"Ethan Mitra","ethan.mitra@example.com","Next.js & React 19 Enterprise Patterns","DevOps Days 2026","March 15, 2026","CERT-2026-1558","Excellence","Runner Up","Starlight Ventures"
"Connor Evans","connor.evans@example.com","Autonomous Systems & Robotics","Web3 Builders Summit","March 15, 2026","CERT-2026-1559","Merit","Speaker","OmniCorp Research"
"Anthony Gray","anthony.gray@example.com","Applied Quantum Computing","FutureTech Leadership Forum","March 15, 2026","CERT-2026-1560","High Distinction","Track Finalist","Aether Interactive"
"Julia Cox","julia.cox@example.com","Full Stack Web Development","Global Tech Summit 2026","March 15, 2026","CERT-2026-1561","Distinction","Honorary Fellow","Acme Corporation"
"Emma Roy","emma.roy@example.com","Data Science & AI Bootcamp","AI Innovators Hackathon","March 15, 2026","CERT-2026-1562","Honors","Attendee","Nexus Labs"
"William Richardson","william.richardson@example.com","Cloud Architecture Mastery","CloudCon Annual 2026","March 15, 2026","CERT-2026-1563","Excellence","Participant","Horizon Systems"
"Kai Banerjee","kai.banerjee@example.com","Cybersecurity Defense Essentials","CyberSec Expo 2026","March 15, 2026","CERT-2026-1564","Merit","Winner - 1st Place","Vanguard Security"
"James Henderson","james.henderson@example.com","UI/UX Product Design Masterclass","DesignSprint 2026","March 15, 2026","CERT-2026-1565","High Distinction","Runner Up","PixelCraft Studio"
"Sophia Chakraborty","sophia.chakraborty@example.com","Machine Learning Ops (MLOps)","DevOps Days 2026","March 15, 2026","CERT-2026-1566","Distinction","Speaker","Quantum Dynamics"
"Amara Martin","amara.martin@example.com","Modern DevOps & Kubernetes","Web3 Builders Summit","March 15, 2026","CERT-2026-1567","Honors","Track Finalist","NovaTech Global"
"Karan Price","karan.price@example.com","Blockchain & Smart Contracts","FutureTech Leadership Forum","March 15, 2026","CERT-2026-1568","Excellence","Honorary Fellow","Apex Digital"
"Dylan Walker","dylan.walker@example.com","Distributed Systems Engineering","Global Tech Summit 2026","March 15, 2026","CERT-2026-1569","Merit","Attendee","Synthetix AI"
"Evan Turner","evan.turner@example.com","Next.js & React 19 Enterprise Patterns","AI Innovators Hackathon","March 15, 2026","CERT-2026-1570","High Distinction","Participant","Starlight Ventures"
"Lucas Young","lucas.young@example.com","Autonomous Systems & Robotics","CloudCon Annual 2026","March 15, 2026","CERT-2026-1571","Distinction","Winner - 1st Place","OmniCorp Research"
"Olivia Baker","olivia.baker@example.com","Applied Quantum Computing","CyberSec Expo 2026","March 15, 2026","CERT-2026-1572","Honors","Runner Up","Aether Interactive"
"Owen Mitra","owen.mitra@example.com","Full Stack Web Development","DesignSprint 2026","March 15, 2026","CERT-2026-1573","Excellence","Speaker","Acme Corporation"
"Noah Ghosh","noah.ghosh@example.com","Data Science & AI Bootcamp","DevOps Days 2026","March 15, 2026","CERT-2026-1574","Merit","Track Finalist","Nexus Labs"
"Marcus Flores","marcus.flores@example.com","Cloud Architecture Mastery","Web3 Builders Summit","March 15, 2026","CERT-2026-1575","High Distinction","Honorary Fellow","Horizon Systems"
"Kai Zhang","kai.zhang@example.com","Cybersecurity Defense Essentials","FutureTech Leadership Forum","March 15, 2026","CERT-2026-1576","Distinction","Attendee","Vanguard Security"
"Kyle Kim","kyle.kim@example.com","UI/UX Product Design Masterclass","Global Tech Summit 2026","March 15, 2026","CERT-2026-1577","Honors","Participant","PixelCraft Studio"
"Zoe Hayes","zoe.hayes@example.com","Machine Learning Ops (MLOps)","AI Innovators Hackathon","March 15, 2026","CERT-2026-1578","Excellence","Winner - 1st Place","Quantum Dynamics"
"Ian Hayes","ian.hayes@example.com","Modern DevOps & Kubernetes","CloudCon Annual 2026","March 15, 2026","CERT-2026-1579","Merit","Runner Up","NovaTech Global"
"Noah Garcia","noah.garcia@example.com","Blockchain & Smart Contracts","CyberSec Expo 2026","March 15, 2026","CERT-2026-1580","High Distinction","Speaker","Apex Digital"
"Layla Gray","layla.gray@example.com","Distributed Systems Engineering","DesignSprint 2026","March 15, 2026","CERT-2026-1581","Distinction","Track Finalist","Synthetix AI"
"Elijah Hughes","elijah.hughes@example.com","Next.js & React 19 Enterprise Patterns","DevOps Days 2026","March 15, 2026","CERT-2026-1582","Honors","Honorary Fellow","Starlight Ventures"
"Jordan Mukherjee","jordan.mukherjee@example.com","Autonomous Systems & Robotics","Web3 Builders Summit","March 15, 2026","CERT-2026-1583","Excellence","Attendee","OmniCorp Research"
"Alexander Sanders","alexander.sanders@example.com","Applied Quantum Computing","FutureTech Leadership Forum","March 15, 2026","CERT-2026-1584","Merit","Participant","Aether Interactive"
"Jayden Peterson","jayden.peterson@example.com","Full Stack Web Development","Global Tech Summit 2026","March 15, 2026","CERT-2026-1585","High Distinction","Winner - 1st Place","Acme Corporation"
"Henry Kulkarni","henry.kulkarni@example.com","Data Science & AI Bootcamp","AI Innovators Hackathon","March 15, 2026","CERT-2026-1586","Distinction","Runner Up","Nexus Labs"
"Oliver Long","oliver.long@example.com","Cloud Architecture Mastery","CloudCon Annual 2026","March 15, 2026","CERT-2026-1587","Honors","Speaker","Horizon Systems"
"Alex Miller","alex.miller@example.com","Cybersecurity Defense Essentials","CyberSec Expo 2026","March 15, 2026","CERT-2026-1588","Excellence","Track Finalist","Vanguard Security"
"Wyatt Alvarez","wyatt.alvarez@example.com","UI/UX Product Design Masterclass","DesignSprint 2026","March 15, 2026","CERT-2026-1589","Merit","Honorary Fellow","PixelCraft Studio"
"Mila Sanchez","mila.sanchez@example.com","Machine Learning Ops (MLOps)","DevOps Days 2026","March 15, 2026","CERT-2026-1590","High Distinction","Attendee","Quantum Dynamics"
"William Turner","william.turner@example.com","Modern DevOps & Kubernetes","Web3 Builders Summit","March 15, 2026","CERT-2026-1591","Distinction","Participant","NovaTech Global"
"Eleanor Cooper","eleanor.cooper@example.com","Blockchain & Smart Contracts","FutureTech Leadership Forum","March 15, 2026","CERT-2026-1592","Honors","Winner - 1st Place","Apex Digital"
"Isaac Nair","isaac.nair@example.com","Distributed Systems Engineering","Global Tech Summit 2026","March 15, 2026","CERT-2026-1593","Excellence","Runner Up","Synthetix AI"
"Kyle Wang","kyle.wang@example.com","Next.js & React 19 Enterprise Patterns","AI Innovators Hackathon","March 15, 2026","CERT-2026-1594","Merit","Speaker","Starlight Ventures"
"Anthony Collins","anthony.collins@example.com","Autonomous Systems & Robotics","CloudCon Annual 2026","March 15, 2026","CERT-2026-1595","High Distinction","Track Finalist","OmniCorp Research"
"Emma Hall","emma.hall@example.com","Applied Quantum Computing","CyberSec Expo 2026","March 15, 2026","CERT-2026-1596","Distinction","Honorary Fellow","Aether Interactive"
"Amara Alvarez","amara.alvarez@example.com","Full Stack Web Development","DesignSprint 2026","March 15, 2026","CERT-2026-1597","Honors","Attendee","Acme Corporation"
"Vikram Gomez","vikram.gomez@example.com","Data Science & AI Bootcamp","DevOps Days 2026","March 15, 2026","CERT-2026-1598","Excellence","Participant","Nexus Labs"
"Lucas Johnson","lucas.johnson@example.com","Cloud Architecture Mastery","Web3 Builders Summit","March 15, 2026","CERT-2026-1599","Merit","Winner - 1st Place","Horizon Systems"
"Sam Sharma","sam.sharma@example.com","Cybersecurity Defense Essentials","FutureTech Leadership Forum","March 15, 2026","CERT-2026-1600","High Distinction","Runner Up","Vanguard Security"
"Sarah Gupta","sarah.gupta@example.com","UI/UX Product Design Masterclass","Global Tech Summit 2026","March 15, 2026","CERT-2026-1601","Distinction","Speaker","PixelCraft Studio"
"Kevin Powell","kevin.powell@example.com","Machine Learning Ops (MLOps)","AI Innovators Hackathon","March 15, 2026","CERT-2026-1602","Honors","Track Finalist","Quantum Dynamics"
"Sarah Brown","sarah.brown@example.com","Modern DevOps & Kubernetes","CloudCon Annual 2026","March 15, 2026","CERT-2026-1603","Excellence","Honorary Fellow","NovaTech Global"
"Zoe Coleman","zoe.coleman@example.com","Blockchain & Smart Contracts","CyberSec Expo 2026","March 15, 2026","CERT-2026-1604","Merit","Attendee","Apex Digital"
"Karan Miller","karan.miller@example.com","Distributed Systems Engineering","DesignSprint 2026","March 15, 2026","CERT-2026-1605","High Distinction","Participant","Synthetix AI"
"Logan Bhatia","logan.bhatia@example.com","Next.js & React 19 Enterprise Patterns","DevOps Days 2026","March 15, 2026","CERT-2026-1606","Distinction","Winner - 1st Place","Starlight Ventures"
"Cameron Stewart","cameron.stewart@example.com","Autonomous Systems & Robotics","Web3 Builders Summit","March 15, 2026","CERT-2026-1607","Honors","Runner Up","OmniCorp Research"
"Sebastian Long","sebastian.long@example.com","Applied Quantum Computing","FutureTech Leadership Forum","March 15, 2026","CERT-2026-1608","Excellence","Speaker","Aether Interactive"
"Jacob Torres","jacob.torres@example.com","Full Stack Web Development","Global Tech Summit 2026","March 15, 2026","CERT-2026-1609","Merit","Track Finalist","Acme Corporation"
"Daniel Hall","daniel.hall@example.com","Data Science & AI Bootcamp","AI Innovators Hackathon","March 15, 2026","CERT-2026-1610","High Distinction","Honorary Fellow","Nexus Labs"
"Mila Brooks","mila.brooks@example.com","Cloud Architecture Mastery","CloudCon Annual 2026","March 15, 2026","CERT-2026-1611","Distinction","Attendee","Horizon Systems"
"Sam Taylor","sam.taylor@example.com","Cybersecurity Defense Essentials","CyberSec Expo 2026","March 15, 2026","CERT-2026-1612","Honors","Participant","Vanguard Security"
"Jasmine Brown","jasmine.brown@example.com","UI/UX Product Design Masterclass","DesignSprint 2026","March 15, 2026","CERT-2026-1613","Excellence","Winner - 1st Place","PixelCraft Studio"
"Eleanor Rivera","eleanor.rivera@example.com","Machine Learning Ops (MLOps)","DevOps Days 2026","March 15, 2026","CERT-2026-1614","Merit","Runner Up","Quantum Dynamics"
"Maya Nguyen","maya.nguyen@example.com","Modern DevOps & Kubernetes","Web3 Builders Summit","March 15, 2026","CERT-2026-1615","High Distinction","Speaker","NovaTech Global"
"Nathan James","nathan.james@example.com","Blockchain & Smart Contracts","FutureTech Leadership Forum","March 15, 2026","CERT-2026-1616","Distinction","Track Finalist","Apex Digital"
"Ella Fernandez","ella.fernandez@example.com","Distributed Systems Engineering","Global Tech Summit 2026","March 15, 2026","CERT-2026-1617","Honors","Honorary Fellow","Synthetix AI"
"Sophia Campbell","sophia.campbell@example.com","Next.js & React 19 Enterprise Patterns","AI Innovators Hackathon","March 15, 2026","CERT-2026-1618","Excellence","Attendee","Starlight Ventures"
"Brianna Perez","brianna.perez@example.com","Autonomous Systems & Robotics","CloudCon Annual 2026","March 15, 2026","CERT-2026-1619","Merit","Participant","OmniCorp Research"
"Alexander Hill","alexander.hill@example.com","Applied Quantum Computing","CyberSec Expo 2026","March 15, 2026","CERT-2026-1620","High Distinction","Winner - 1st Place","Aether Interactive"
"Sophia Morgan","sophia.morgan@example.com","Full Stack Web Development","DesignSprint 2026","March 15, 2026","CERT-2026-1621","Distinction","Runner Up","Acme Corporation"
"Ruby Smith","ruby.smith@example.com","Data Science & AI Bootcamp","DevOps Days 2026","March 15, 2026","CERT-2026-1622","Honors","Speaker","Nexus Labs"
"Jasmine Zhang","jasmine.zhang@example.com","Cloud Architecture Mastery","Web3 Builders Summit","March 15, 2026","CERT-2026-1623","Excellence","Track Finalist","Horizon Systems"
"Jack Ramachandran","jack.ramachandran@example.com","Cybersecurity Defense Essentials","FutureTech Leadership Forum","March 15, 2026","CERT-2026-1624","Merit","Honorary Fellow","Vanguard Security"
"Isaac Sharma","isaac.sharma@example.com","UI/UX Product Design Masterclass","Global Tech Summit 2026","March 15, 2026","CERT-2026-1625","High Distinction","Attendee","PixelCraft Studio"
"Michael Barnes","michael.barnes@example.com","Machine Learning Ops (MLOps)","AI Innovators Hackathon","March 15, 2026","CERT-2026-1626","Distinction","Participant","Quantum Dynamics"
"Aidan Reed","aidan.reed@example.com","Modern DevOps & Kubernetes","CloudCon Annual 2026","March 15, 2026","CERT-2026-1627","Honors","Winner - 1st Place","NovaTech Global"
"Aurora Gray","aurora.gray@example.com","Blockchain & Smart Contracts","CyberSec Expo 2026","March 15, 2026","CERT-2026-1628","Excellence","Runner Up","Apex Digital"
"Jonathan Johnson","jonathan.johnson@example.com","Distributed Systems Engineering","DesignSprint 2026","March 15, 2026","CERT-2026-1629","Merit","Speaker","Synthetix AI"
"Isaac Kapoor","isaac.kapoor@example.com","Next.js & React 19 Enterprise Patterns","DevOps Days 2026","March 15, 2026","CERT-2026-1630","High Distinction","Track Finalist","Starlight Ventures"
"Layla Stewart","layla.stewart@example.com","Autonomous Systems & Robotics","Web3 Builders Summit","March 15, 2026","CERT-2026-1631","Distinction","Honorary Fellow","OmniCorp Research"
"Layla Taylor","layla.taylor@example.com","Applied Quantum Computing","FutureTech Leadership Forum","March 15, 2026","CERT-2026-1632","Honors","Attendee","Aether Interactive"
"Victoria Hughes","victoria.hughes@example.com","Full Stack Web Development","Global Tech Summit 2026","March 15, 2026","CERT-2026-1633","Excellence","Participant","Acme Corporation"
"Xavier Jackson","xavier.jackson@example.com","Data Science & AI Bootcamp","AI Innovators Hackathon","March 15, 2026","CERT-2026-1634","Merit","Winner - 1st Place","Nexus Labs"
"Eli Brooks","eli.brooks@example.com","Cloud Architecture Mastery","CloudCon Annual 2026","March 15, 2026","CERT-2026-1635","High Distinction","Runner Up","Horizon Systems"
"Rohan Gonzalez","rohan.gonzalez@example.com","Cybersecurity Defense Essentials","CyberSec Expo 2026","March 15, 2026","CERT-2026-1636","Distinction","Speaker","Vanguard Security"
"Ruby Kelly","ruby.kelly@example.com","UI/UX Product Design Masterclass","DesignSprint 2026","March 15, 2026","CERT-2026-1637","Honors","Track Finalist","PixelCraft Studio"
"Jonathan Barnes","jonathan.barnes@example.com","Machine Learning Ops (MLOps)","DevOps Days 2026","March 15, 2026","CERT-2026-1638","Excellence","Honorary Fellow","Quantum Dynamics"
"Aria Kumar","aria.kumar@example.com","Modern DevOps & Kubernetes","Web3 Builders Summit","March 15, 2026","CERT-2026-1639","Merit","Attendee","NovaTech Global"
"Vikram Nguyen","vikram.nguyen@example.com","Blockchain & Smart Contracts","FutureTech Leadership Forum","March 15, 2026","CERT-2026-1640","High Distinction","Participant","Apex Digital"
"Jacob Kulkarni","jacob.kulkarni@example.com","Distributed Systems Engineering","Global Tech Summit 2026","March 15, 2026","CERT-2026-1641","Distinction","Winner - 1st Place","Synthetix AI"
"Priya Mitra","priya.mitra@example.com","Next.js & React 19 Enterprise Patterns","AI Innovators Hackathon","March 15, 2026","CERT-2026-1642","Honors","Runner Up","Starlight Ventures"
"Caleb Turner","caleb.turner@example.com","Autonomous Systems & Robotics","CloudCon Annual 2026","March 15, 2026","CERT-2026-1643","Excellence","Speaker","OmniCorp Research"
"Eli Fernandez","eli.fernandez@example.com","Applied Quantum Computing","CyberSec Expo 2026","March 15, 2026","CERT-2026-1644","Merit","Track Finalist","Aether Interactive"
"Dominic Cox","dominic.cox@example.com","Full Stack Web Development","DesignSprint 2026","March 15, 2026","CERT-2026-1645","High Distinction","Honorary Fellow","Acme Corporation"
"Angela Sengupta","angela.sengupta@example.com","Data Science & AI Bootcamp","DevOps Days 2026","March 15, 2026","CERT-2026-1646","Distinction","Attendee","Nexus Labs"
"Madeline Cooper","madeline.cooper@example.com","Cloud Architecture Mastery","Web3 Builders Summit","March 15, 2026","CERT-2026-1647","Honors","Participant","Horizon Systems"
"Kai Mitra","kai.mitra@example.com","Cybersecurity Defense Essentials","FutureTech Leadership Forum","March 15, 2026","CERT-2026-1648","Excellence","Winner - 1st Place","Vanguard Security"
"Cameron Alvarez","cameron.alvarez@example.com","UI/UX Product Design Masterclass","Global Tech Summit 2026","March 15, 2026","CERT-2026-1649","Merit","Runner Up","PixelCraft Studio"
"Ava Nair","ava.nair@example.com","Machine Learning Ops (MLOps)","AI Innovators Hackathon","March 15, 2026","CERT-2026-1650","High Distinction","Speaker","Quantum Dynamics"
"Austin Miller","austin.miller@example.com","Modern DevOps & Kubernetes","CloudCon Annual 2026","March 15, 2026","CERT-2026-1651","Distinction","Track Finalist","NovaTech Global"
"Rohan Collins","rohan.collins@example.com","Blockchain & Smart Contracts","CyberSec Expo 2026","March 15, 2026","CERT-2026-1652","Honors","Honorary Fellow","Apex Digital"
"Aurora Rodriguez","aurora.rodriguez@example.com","Distributed Systems Engineering","DesignSprint 2026","March 15, 2026","CERT-2026-1653","Excellence","Attendee","Synthetix AI"
"Zoe Castillo","zoe.castillo@example.com","Next.js & React 19 Enterprise Patterns","DevOps Days 2026","March 15, 2026","CERT-2026-1654","Merit","Participant","Starlight Ventures"
"Abigail Davis","abigail.davis@example.com","Autonomous Systems & Robotics","Web3 Builders Summit","March 15, 2026","CERT-2026-1655","High Distinction","Winner - 1st Place","OmniCorp Research"
"Chloe Anderson","chloe.anderson@example.com","Applied Quantum Computing","FutureTech Leadership Forum","March 15, 2026","CERT-2026-1656","Distinction","Runner Up","Aether Interactive"
"Aditi Lopez","aditi.lopez@example.com","Full Stack Web Development","Global Tech Summit 2026","March 15, 2026","CERT-2026-1657","Honors","Speaker","Acme Corporation"
"Ava Zhang","ava.zhang@example.com","Data Science & AI Bootcamp","AI Innovators Hackathon","March 15, 2026","CERT-2026-1658","Excellence","Track Finalist","Nexus Labs"
"Xavier Agarwal","xavier.agarwal@example.com","Cloud Architecture Mastery","CloudCon Annual 2026","March 15, 2026","CERT-2026-1659","Merit","Honorary Fellow","Horizon Systems"
"Sarah Morgan","sarah.morgan@example.com","Cybersecurity Defense Essentials","CyberSec Expo 2026","March 15, 2026","CERT-2026-1660","High Distinction","Attendee","Vanguard Security"
"Julia Murphy","julia.murphy@example.com","UI/UX Product Design Masterclass","DesignSprint 2026","March 15, 2026","CERT-2026-1661","Distinction","Participant","PixelCraft Studio"
"Samuel Adams","samuel.adams@example.com","Machine Learning Ops (MLOps)","DevOps Days 2026","March 15, 2026","CERT-2026-1662","Honors","Winner - 1st Place","Quantum Dynamics"
"Jasmine Reed","jasmine.reed@example.com","Modern DevOps & Kubernetes","Web3 Builders Summit","March 15, 2026","CERT-2026-1663","Excellence","Runner Up","NovaTech Global"
"Aurora Peterson","aurora.peterson@example.com","Blockchain & Smart Contracts","FutureTech Leadership Forum","March 15, 2026","CERT-2026-1664","Merit","Speaker","Apex Digital"
"Ella Kelly","ella.kelly@example.com","Distributed Systems Engineering","Global Tech Summit 2026","March 15, 2026","CERT-2026-1665","High Distinction","Track Finalist","Synthetix AI"
"Isaac Fernandez","isaac.fernandez@example.com","Next.js & React 19 Enterprise Patterns","AI Innovators Hackathon","March 15, 2026","CERT-2026-1666","Distinction","Honorary Fellow","Starlight Ventures"
"Aria Walker","aria.walker@example.com","Autonomous Systems & Robotics","CloudCon Annual 2026","March 15, 2026","CERT-2026-1667","Honors","Attendee","OmniCorp Research"
"Ethan Martin","ethan.martin@example.com","Applied Quantum Computing","CyberSec Expo 2026","March 15, 2026","CERT-2026-1668","Excellence","Participant","Aether Interactive"
"Tyler Hernandez","tyler.hernandez@example.com","Full Stack Web Development","DesignSprint 2026","March 15, 2026","CERT-2026-1669","Merit","Winner - 1st Place","Acme Corporation"
"Joseph Garcia","joseph.garcia@example.com","Data Science & AI Bootcamp","DevOps Days 2026","March 15, 2026","CERT-2026-1670","High Distinction","Runner Up","Nexus Labs"
"Ryan Harris","ryan.harris@example.com","Cloud Architecture Mastery","Web3 Builders Summit","March 15, 2026","CERT-2026-1671","Distinction","Speaker","Horizon Systems"
"Asher Verma","asher.verma@example.com","Cybersecurity Defense Essentials","FutureTech Leadership Forum","March 15, 2026","CERT-2026-1672","Honors","Track Finalist","Vanguard Security"
"Valerie Gomez","valerie.gomez@example.com","UI/UX Product Design Masterclass","Global Tech Summit 2026","March 15, 2026","CERT-2026-1673","Excellence","Honorary Fellow","PixelCraft Studio"
"Logan Kelly","logan.kelly@example.com","Machine Learning Ops (MLOps)","AI Innovators Hackathon","March 15, 2026","CERT-2026-1674","Merit","Attendee","Quantum Dynamics"
"Jack Gonzalez","jack.gonzalez@example.com","Modern DevOps & Kubernetes","CloudCon Annual 2026","March 15, 2026","CERT-2026-1675","High Distinction","Participant","NovaTech Global"
"Jack Taylor","jack.taylor@example.com","Blockchain & Smart Contracts","CyberSec Expo 2026","March 15, 2026","CERT-2026-1676","Distinction","Winner - 1st Place","Apex Digital"
"Leo Bennett","leo.bennett@example.com","Distributed Systems Engineering","DesignSprint 2026","March 15, 2026","CERT-2026-1677","Honors","Runner Up","Synthetix AI"
"Aaliyah Castillo","aaliyah.castillo@example.com","Next.js & React 19 Enterprise Patterns","DevOps Days 2026","March 15, 2026","CERT-2026-1678","Excellence","Speaker","Starlight Ventures"
"Arthur Alvarez","arthur.alvarez@example.com","Autonomous Systems & Robotics","Web3 Builders Summit","March 15, 2026","CERT-2026-1679","Merit","Track Finalist","OmniCorp Research"
"Devon Reed","devon.reed@example.com","Applied Quantum Computing","FutureTech Leadership Forum","March 15, 2026","CERT-2026-1680","High Distinction","Honorary Fellow","Aether Interactive"
"Chloe Ghosh","chloe.ghosh@example.com","Full Stack Web Development","Global Tech Summit 2026","March 15, 2026","CERT-2026-1681","Distinction","Attendee","Acme Corporation"
"Connor Nguyen","connor.nguyen@example.com","Data Science & AI Bootcamp","AI Innovators Hackathon","March 15, 2026","CERT-2026-1682","Honors","Participant","Nexus Labs"
"Arthur Price","arthur.price@example.com","Cloud Architecture Mastery","CloudCon Annual 2026","March 15, 2026","CERT-2026-1683","Excellence","Winner - 1st Place","Horizon Systems"
"Kevin Chen","kevin.chen@example.com","Cybersecurity Defense Essentials","CyberSec Expo 2026","March 15, 2026","CERT-2026-1684","Merit","Runner Up","Vanguard Security"
"Kyle Hughes","kyle.hughes@example.com","UI/UX Product Design Masterclass","DesignSprint 2026","March 15, 2026","CERT-2026-1685","High Distinction","Speaker","PixelCraft Studio"
"Julia Gomez","julia.gomez@example.com","Machine Learning Ops (MLOps)","DevOps Days 2026","March 15, 2026","CERT-2026-1686","Distinction","Track Finalist","Quantum Dynamics"
"Kayla Rivera","kayla.rivera@example.com","Modern DevOps & Kubernetes","Web3 Builders Summit","March 15, 2026","CERT-2026-1687","Honors","Honorary Fellow","NovaTech Global"
"Marcus Ortiz","marcus.ortiz@example.com","Blockchain & Smart Contracts","FutureTech Leadership Forum","March 15, 2026","CERT-2026-1688","Excellence","Attendee","Apex Digital"
"Olivia Barnes","olivia.barnes@example.com","Distributed Systems Engineering","Global Tech Summit 2026","March 15, 2026","CERT-2026-1689","Merit","Participant","Synthetix AI"
"Harrison Castillo","harrison.castillo@example.com","Next.js & React 19 Enterprise Patterns","AI Innovators Hackathon","March 15, 2026","CERT-2026-1690","High Distinction","Winner - 1st Place","Starlight Ventures"
"Anthony Adams","anthony.adams@example.com","Autonomous Systems & Robotics","CloudCon Annual 2026","March 15, 2026","CERT-2026-1691","Distinction","Runner Up","OmniCorp Research"
"Katelyn Silva","katelyn.silva@example.com","Applied Quantum Computing","CyberSec Expo 2026","March 15, 2026","CERT-2026-1692","Honors","Speaker","Aether Interactive"
"Layla Brown","layla.brown@example.com","Full Stack Web Development","DesignSprint 2026","March 15, 2026","CERT-2026-1693","Excellence","Track Finalist","Acme Corporation"
"John Sharma","john.sharma@example.com","Data Science & AI Bootcamp","DevOps Days 2026","March 15, 2026","CERT-2026-1694","Merit","Honorary Fellow","Nexus Labs"
"Logan Jenkins","logan.jenkins@example.com","Cloud Architecture Mastery","Web3 Builders Summit","March 15, 2026","CERT-2026-1695","High Distinction","Attendee","Horizon Systems"
"Kai Ward","kai.ward@example.com","Cybersecurity Defense Essentials","FutureTech Leadership Forum","March 15, 2026","CERT-2026-1696","Distinction","Participant","Vanguard Security"
"Madeline Zhang","madeline.zhang@example.com","UI/UX Product Design Masterclass","Global Tech Summit 2026","March 15, 2026","CERT-2026-1697","Honors","Winner - 1st Place","PixelCraft Studio"
"James Gray","james.gray@example.com","Machine Learning Ops (MLOps)","AI Innovators Hackathon","March 15, 2026","CERT-2026-1698","Excellence","Runner Up","Quantum Dynamics"
"Layla Fernandez","layla.fernandez@example.com","Modern DevOps & Kubernetes","CloudCon Annual 2026","March 15, 2026","CERT-2026-1699","Merit","Speaker","NovaTech Global"
"Victoria Henderson","victoria.henderson@example.com","Blockchain & Smart Contracts","CyberSec Expo 2026","March 15, 2026","CERT-2026-1700","High Distinction","Track Finalist","Apex Digital"
"Mason Johnson","mason.johnson@example.com","Distributed Systems Engineering","DesignSprint 2026","March 15, 2026","CERT-2026-1701","Distinction","Honorary Fellow","Synthetix AI"
"Mateo Roberts","mateo.roberts@example.com","Next.js & React 19 Enterprise Patterns","DevOps Days 2026","March 15, 2026","CERT-2026-1702","Honors","Attendee","Starlight Ventures"
"Ian Turner","ian.turner@example.com","Autonomous Systems & Robotics","Web3 Builders Summit","March 15, 2026","CERT-2026-1703","Excellence","Participant","OmniCorp Research"
"Henry Johnson","henry.johnson@example.com","Applied Quantum Computing","FutureTech Leadership Forum","March 15, 2026","CERT-2026-1704","Merit","Winner - 1st Place","Aether Interactive"
"Marcus Brown","marcus.brown@example.com","Full Stack Web Development","Global Tech Summit 2026","March 15, 2026","CERT-2026-1705","High Distinction","Runner Up","Acme Corporation"
"James Ward","james.ward@example.com","Data Science & AI Bootcamp","AI Innovators Hackathon","March 15, 2026","CERT-2026-1706","Distinction","Speaker","Nexus Labs"
"Mason Cox","mason.cox@example.com","Cloud Architecture Mastery","CloudCon Annual 2026","March 15, 2026","CERT-2026-1707","Honors","Track Finalist","Horizon Systems"
"Eli Smith","eli.smith@example.com","Cybersecurity Defense Essentials","CyberSec Expo 2026","March 15, 2026","CERT-2026-1708","Excellence","Honorary Fellow","Vanguard Security"
"Isaac Henderson","isaac.henderson@example.com","UI/UX Product Design Masterclass","DesignSprint 2026","March 15, 2026","CERT-2026-1709","Merit","Attendee","PixelCraft Studio"
"Arjun Patel","arjun.patel@example.com","Machine Learning Ops (MLOps)","DevOps Days 2026","March 15, 2026","CERT-2026-1710","High Distinction","Participant","Quantum Dynamics"
"Jacob Lee","jacob.lee@example.com","Modern DevOps & Kubernetes","Web3 Builders Summit","March 15, 2026","CERT-2026-1711","Distinction","Winner - 1st Place","NovaTech Global"
"Elijah Taylor","elijah.taylor@example.com","Blockchain & Smart Contracts","FutureTech Leadership Forum","March 15, 2026","CERT-2026-1712","Honors","Runner Up","Apex Digital"
"Lucas James","lucas.james@example.com","Distributed Systems Engineering","Global Tech Summit 2026","March 15, 2026","CERT-2026-1713","Excellence","Speaker","Synthetix AI"
"Aaliyah Collins","aaliyah.collins@example.com","Next.js & React 19 Enterprise Patterns","AI Innovators Hackathon","March 15, 2026","CERT-2026-1714","Merit","Track Finalist","Starlight Ventures"
"John Jenkins","john.jenkins@example.com","Autonomous Systems & Robotics","CloudCon Annual 2026","March 15, 2026","CERT-2026-1715","High Distinction","Honorary Fellow","OmniCorp Research"
"Gabriel Thomas","gabriel.thomas@example.com","Applied Quantum Computing","CyberSec Expo 2026","March 15, 2026","CERT-2026-1716","Distinction","Attendee","Aether Interactive"
"Lucas Wilson","lucas.wilson@example.com","Full Stack Web Development","DesignSprint 2026","March 15, 2026","CERT-2026-1717","Honors","Participant","Acme Corporation"
"Aurora Davis","aurora.davis@example.com","Data Science & AI Bootcamp","DevOps Days 2026","March 15, 2026","CERT-2026-1718","Excellence","Winner - 1st Place","Nexus Labs"
"Asher Wood","asher.wood@example.com","Cloud Architecture Mastery","Web3 Builders Summit","March 15, 2026","CERT-2026-1719","Merit","Runner Up","Horizon Systems"
"Harrison Kapoor","harrison.kapoor@example.com","Cybersecurity Defense Essentials","FutureTech Leadership Forum","March 15, 2026","CERT-2026-1720","High Distinction","Speaker","Vanguard Security"
"Rafael Sharma","rafael.sharma@example.com","UI/UX Product Design Masterclass","Global Tech Summit 2026","March 15, 2026","CERT-2026-1721","Distinction","Track Finalist","PixelCraft Studio"
"Liam Vance","liam.vance@example.com","Machine Learning Ops (MLOps)","AI Innovators Hackathon","March 15, 2026","CERT-2026-1722","Honors","Honorary Fellow","Quantum Dynamics"
"Kai Powell","kai.powell@example.com","Modern DevOps & Kubernetes","CloudCon Annual 2026","March 15, 2026","CERT-2026-1723","Excellence","Attendee","NovaTech Global"
"John Adams","john.adams@example.com","Blockchain & Smart Contracts","CyberSec Expo 2026","March 15, 2026","CERT-2026-1724","Merit","Participant","Apex Digital"
"Victoria Roy","victoria.roy@example.com","Distributed Systems Engineering","DesignSprint 2026","March 15, 2026","CERT-2026-1725","High Distinction","Winner - 1st Place","Synthetix AI"
"Rafael Bell","rafael.bell@example.com","Next.js & React 19 Enterprise Patterns","DevOps Days 2026","March 15, 2026","CERT-2026-1726","Distinction","Runner Up","Starlight Ventures"
"Asher Rivera","asher.rivera@example.com","Autonomous Systems & Robotics","Web3 Builders Summit","March 15, 2026","CERT-2026-1727","Honors","Speaker","OmniCorp Research"
"Benjamin Vance","benjamin.vance@example.com","Applied Quantum Computing","FutureTech Leadership Forum","March 15, 2026","CERT-2026-1728","Excellence","Track Finalist","Aether Interactive"
"Samuel Clark","samuel.clark@example.com","Full Stack Web Development","Global Tech Summit 2026","March 15, 2026","CERT-2026-1729","Merit","Honorary Fellow","Acme Corporation"
"Ella Stewart","ella.stewart@example.com","Data Science & AI Bootcamp","AI Innovators Hackathon","March 15, 2026","CERT-2026-1730","High Distinction","Attendee","Nexus Labs"
"Mateo Morales","mateo.morales@example.com","Cloud Architecture Mastery","CloudCon Annual 2026","March 15, 2026","CERT-2026-1731","Distinction","Participant","Horizon Systems"
"Jordan Kapoor","jordan.kapoor@example.com","Cybersecurity Defense Essentials","CyberSec Expo 2026","March 15, 2026","CERT-2026-1732","Honors","Winner - 1st Place","Vanguard Security"
"Zachary Roy","zachary.roy@example.com","UI/UX Product Design Masterclass","DesignSprint 2026","March 15, 2026","CERT-2026-1733","Excellence","Runner Up","PixelCraft Studio"
"Elena Walker","elena.walker@example.com","Machine Learning Ops (MLOps)","DevOps Days 2026","March 15, 2026","CERT-2026-1734","Merit","Speaker","Quantum Dynamics"
"Jacob Kelly","jacob.kelly@example.com","Modern DevOps & Kubernetes","Web3 Builders Summit","March 15, 2026","CERT-2026-1735","High Distinction","Track Finalist","NovaTech Global"
"Grace Nelson","grace.nelson@example.com","Blockchain & Smart Contracts","FutureTech Leadership Forum","March 15, 2026","CERT-2026-1736","Distinction","Honorary Fellow","Apex Digital"
"Rafael Rao","rafael.rao@example.com","Distributed Systems Engineering","Global Tech Summit 2026","March 15, 2026","CERT-2026-1737","Honors","Attendee","Synthetix AI"
"Emma Wood","emma.wood@example.com","Next.js & React 19 Enterprise Patterns","AI Innovators Hackathon","March 15, 2026","CERT-2026-1738","Excellence","Participant","Starlight Ventures"
"Elizabeth Miller","elizabeth.miller@example.com","Autonomous Systems & Robotics","CloudCon Annual 2026","March 15, 2026","CERT-2026-1739","Merit","Winner - 1st Place","OmniCorp Research"
"Tyler Ghosh","tyler.ghosh@example.com","Applied Quantum Computing","CyberSec Expo 2026","March 15, 2026","CERT-2026-1740","High Distinction","Runner Up","Aether Interactive"
"Priya Henderson","priya.henderson@example.com","Full Stack Web Development","DesignSprint 2026","March 15, 2026","CERT-2026-1741","Distinction","Speaker","Acme Corporation"
"Jacob Wood","jacob.wood@example.com","Data Science & AI Bootcamp","DevOps Days 2026","March 15, 2026","CERT-2026-1742","Honors","Track Finalist","Nexus Labs"
"Vikram Lopez","vikram.lopez@example.com","Cloud Architecture Mastery","Web3 Builders Summit","March 15, 2026","CERT-2026-1743","Excellence","Honorary Fellow","Horizon Systems"
"Nicholas Moore","nicholas.moore@example.com","Cybersecurity Defense Essentials","FutureTech Leadership Forum","March 15, 2026","CERT-2026-1744","Merit","Attendee","Vanguard Security"
"Michael Baker","michael.baker@example.com","UI/UX Product Design Masterclass","Global Tech Summit 2026","March 15, 2026","CERT-2026-1745","High Distinction","Participant","PixelCraft Studio"
"Mila Jenkins","mila.jenkins@example.com","Machine Learning Ops (MLOps)","AI Innovators Hackathon","March 15, 2026","CERT-2026-1746","Distinction","Winner - 1st Place","Quantum Dynamics"
"Suresh Jackson","suresh.jackson@example.com","Modern DevOps & Kubernetes","CloudCon Annual 2026","March 15, 2026","CERT-2026-1747","Honors","Runner Up","NovaTech Global"
"Mateo Ward","mateo.ward@example.com","Blockchain & Smart Contracts","CyberSec Expo 2026","March 15, 2026","CERT-2026-1748","Excellence","Speaker","Apex Digital"
"Marcus Ramirez","marcus.ramirez@example.com","Distributed Systems Engineering","DesignSprint 2026","March 15, 2026","CERT-2026-1749","Merit","Track Finalist","Synthetix AI"
"Eleanor Murphy","eleanor.murphy@example.com","Next.js & React 19 Enterprise Patterns","DevOps Days 2026","March 15, 2026","CERT-2026-1750","High Distinction","Honorary Fellow","Starlight Ventures"
"Jonathan Nelson","jonathan.nelson@example.com","Autonomous Systems & Robotics","Web3 Builders Summit","March 15, 2026","CERT-2026-1751","Distinction","Attendee","OmniCorp Research"
"Mateo Taylor","mateo.taylor@example.com","Applied Quantum Computing","FutureTech Leadership Forum","March 15, 2026","CERT-2026-1752","Honors","Participant","Aether Interactive"
"Jayden Russell","jayden.russell@example.com","Full Stack Web Development","Global Tech Summit 2026","March 15, 2026","CERT-2026-1753","Excellence","Winner - 1st Place","Acme Corporation"
"Nicholas Kulkarni","nicholas.kulkarni@example.com","Data Science & AI Bootcamp","AI Innovators Hackathon","March 15, 2026","CERT-2026-1754","Merit","Runner Up","Nexus Labs"
"Ethan Hayes","ethan.hayes@example.com","Cloud Architecture Mastery","CloudCon Annual 2026","March 15, 2026","CERT-2026-1755","High Distinction","Speaker","Horizon Systems"
"Vikram Brown","vikram.brown@example.com","Cybersecurity Defense Essentials","CyberSec Expo 2026","March 15, 2026","CERT-2026-1756","Distinction","Track Finalist","Vanguard Security"
"Michael Jones","michael.jones@example.com","UI/UX Product Design Masterclass","DesignSprint 2026","March 15, 2026","CERT-2026-1757","Honors","Honorary Fellow","PixelCraft Studio"
"Harrison Evans","harrison.evans@example.com","Machine Learning Ops (MLOps)","DevOps Days 2026","March 15, 2026","CERT-2026-1758","Excellence","Attendee","Quantum Dynamics"
"Samuel Kulkarni","samuel.kulkarni@example.com","Modern DevOps & Kubernetes","Web3 Builders Summit","March 15, 2026","CERT-2026-1759","Merit","Participant","NovaTech Global"
"Jordan Taylor","jordan.taylor@example.com","Blockchain & Smart Contracts","FutureTech Leadership Forum","March 15, 2026","CERT-2026-1760","High Distinction","Winner - 1st Place","Apex Digital"
"Christian Flores","christian.flores@example.com","Distributed Systems Engineering","Global Tech Summit 2026","March 15, 2026","CERT-2026-1761","Distinction","Runner Up","Synthetix AI"
"Rohan Cooper","rohan.cooper@example.com","Next.js & React 19 Enterprise Patterns","AI Innovators Hackathon","March 15, 2026","CERT-2026-1762","Honors","Speaker","Starlight Ventures"
"Austin Henderson","austin.henderson@example.com","Autonomous Systems & Robotics","CloudCon Annual 2026","March 15, 2026","CERT-2026-1763","Excellence","Track Finalist","OmniCorp Research"
"Samuel Bell","samuel.bell@example.com","Applied Quantum Computing","CyberSec Expo 2026","March 15, 2026","CERT-2026-1764","Merit","Honorary Fellow","Aether Interactive"
"Nora Collins","nora.collins@example.com","Full Stack Web Development","DesignSprint 2026","March 15, 2026","CERT-2026-1765","High Distinction","Attendee","Acme Corporation"
"Andre Adams","andre.adams@example.com","Data Science & AI Bootcamp","DevOps Days 2026","March 15, 2026","CERT-2026-1766","Distinction","Participant","Nexus Labs"
"Arthur Davis","arthur.davis@example.com","Cloud Architecture Mastery","Web3 Builders Summit","March 15, 2026","CERT-2026-1767","Honors","Winner - 1st Place","Horizon Systems"
"Sophia Brown","sophia.brown@example.com","Cybersecurity Defense Essentials","FutureTech Leadership Forum","March 15, 2026","CERT-2026-1768","Excellence","Runner Up","Vanguard Security"
"Eli Roberts","eli.roberts@example.com","UI/UX Product Design Masterclass","Global Tech Summit 2026","March 15, 2026","CERT-2026-1769","Merit","Speaker","PixelCraft Studio"
"Kyle Kapoor","kyle.kapoor@example.com","Machine Learning Ops (MLOps)","AI Innovators Hackathon","March 15, 2026","CERT-2026-1770","High Distinction","Track Finalist","Quantum Dynamics"
"Nicholas Venkatesh","nicholas.venkatesh@example.com","Modern DevOps & Kubernetes","CloudCon Annual 2026","March 15, 2026","CERT-2026-1771","Distinction","Honorary Fellow","NovaTech Global"
"Elena Garcia","elena.garcia@example.com","Blockchain & Smart Contracts","CyberSec Expo 2026","March 15, 2026","CERT-2026-1772","Honors","Attendee","Apex Digital"
"Ruby Chakraborty","ruby.chakraborty@example.com","Distributed Systems Engineering","DesignSprint 2026","March 15, 2026","CERT-2026-1773","Excellence","Participant","Synthetix AI"
"Christian O'Connor","christian.o.connor@example.com","Next.js & React 19 Enterprise Patterns","DevOps Days 2026","March 15, 2026","CERT-2026-1774","Merit","Winner - 1st Place","Starlight Ventures"
"James Lee","james.lee@example.com","Autonomous Systems & Robotics","Web3 Builders Summit","March 15, 2026","CERT-2026-1775","High Distinction","Runner Up","OmniCorp Research"
"Ethan Patel","ethan.patel@example.com","Applied Quantum Computing","FutureTech Leadership Forum","March 15, 2026","CERT-2026-1776","Distinction","Speaker","Aether Interactive"
"Ryan Bhatia","ryan.bhatia@example.com","Full Stack Web Development","Global Tech Summit 2026","March 15, 2026","CERT-2026-1777","Honors","Track Finalist","Acme Corporation"
"Logan O'Connor","logan.o.connor@example.com","Data Science & AI Bootcamp","AI Innovators Hackathon","March 15, 2026","CERT-2026-1778","Excellence","Honorary Fellow","Nexus Labs"
"Priya Nelson","priya.nelson@example.com","Cloud Architecture Mastery","CloudCon Annual 2026","March 15, 2026","CERT-2026-1779","Merit","Attendee","Horizon Systems"
"Amara Chakraborty","amara.chakraborty@example.com","Cybersecurity Defense Essentials","CyberSec Expo 2026","March 15, 2026","CERT-2026-1780","High Distinction","Participant","Vanguard Security"
"Evan Campbell","evan.campbell@example.com","UI/UX Product Design Masterclass","DesignSprint 2026","March 15, 2026","CERT-2026-1781","Distinction","Winner - 1st Place","PixelCraft Studio"
"Adam Stewart","adam.stewart@example.com","Machine Learning Ops (MLOps)","DevOps Days 2026","March 15, 2026","CERT-2026-1782","Honors","Runner Up","Quantum Dynamics"
"Elijah Kapoor","elijah.kapoor@example.com","Modern DevOps & Kubernetes","Web3 Builders Summit","March 15, 2026","CERT-2026-1783","Excellence","Speaker","NovaTech Global"
"Emma Watson","emma.watson@example.com","Blockchain & Smart Contracts","FutureTech Leadership Forum","March 15, 2026","CERT-2026-1784","Merit","Track Finalist","Apex Digital"
"Kyle Zhang","kyle.zhang@example.com","Distributed Systems Engineering","Global Tech Summit 2026","March 15, 2026","CERT-2026-1785","High Distinction","Honorary Fellow","Synthetix AI"
"Lucas Bell","lucas.bell@example.com","Next.js & React 19 Enterprise Patterns","AI Innovators Hackathon","March 15, 2026","CERT-2026-1786","Distinction","Attendee","Starlight Ventures"
"Maya Sanders","maya.sanders@example.com","Autonomous Systems & Robotics","CloudCon Annual 2026","March 15, 2026","CERT-2026-1787","Honors","Participant","OmniCorp Research"
"Ruby O'Connor","ruby.o.connor@example.com","Applied Quantum Computing","CyberSec Expo 2026","March 15, 2026","CERT-2026-1788","Excellence","Winner - 1st Place","Aether Interactive"
"Carlos Roy","carlos.roy@example.com","Full Stack Web Development","DesignSprint 2026","March 15, 2026","CERT-2026-1789","Merit","Runner Up","Acme Corporation"
"Elijah Torres","elijah.torres@example.com","Data Science & AI Bootcamp","DevOps Days 2026","March 15, 2026","CERT-2026-1790","High Distinction","Speaker","Nexus Labs"
"Mila Lopez","mila.lopez@example.com","Cloud Architecture Mastery","Web3 Builders Summit","March 15, 2026","CERT-2026-1791","Distinction","Track Finalist","Horizon Systems"
"Dominic Verma","dominic.verma@example.com","Cybersecurity Defense Essentials","FutureTech Leadership Forum","March 15, 2026","CERT-2026-1792","Honors","Honorary Fellow","Vanguard Security"
"Austin Brooks","austin.brooks@example.com","UI/UX Product Design Masterclass","Global Tech Summit 2026","March 15, 2026","CERT-2026-1793","Excellence","Attendee","PixelCraft Studio"
"Eleanor Kumar","eleanor.kumar@example.com","Machine Learning Ops (MLOps)","AI Innovators Hackathon","March 15, 2026","CERT-2026-1794","Merit","Participant","Quantum Dynamics"
"Logan Park","logan.park@example.com","Modern DevOps & Kubernetes","CloudCon Annual 2026","March 15, 2026","CERT-2026-1795","High Distinction","Winner - 1st Place","NovaTech Global"
"Daniel Zhang","daniel.zhang@example.com","Blockchain & Smart Contracts","CyberSec Expo 2026","March 15, 2026","CERT-2026-1796","Distinction","Runner Up","Apex Digital"
"Joseph Bhatia","joseph.bhatia@example.com","Distributed Systems Engineering","DesignSprint 2026","March 15, 2026","CERT-2026-1797","Honors","Speaker","Synthetix AI"
"Joseph Miller","joseph.miller@example.com","Next.js & React 19 Enterprise Patterns","DevOps Days 2026","March 15, 2026","CERT-2026-1798","Excellence","Track Finalist","Starlight Ventures"
"Sam Hall","sam.hall@example.com","Autonomous Systems & Robotics","Web3 Builders Summit","March 15, 2026","CERT-2026-1799","Merit","Honorary Fellow","OmniCorp Research"
"Arjun Cox","arjun.cox@example.com","Applied Quantum Computing","FutureTech Leadership Forum","March 15, 2026","CERT-2026-1800","High Distinction","Attendee","Aether Interactive"
"Katelyn Barnes","katelyn.barnes@example.com","Full Stack Web Development","Global Tech Summit 2026","March 15, 2026","CERT-2026-1801","Distinction","Participant","Acme Corporation"
"Hannah Diaz","hannah.diaz@example.com","Data Science & AI Bootcamp","AI Innovators Hackathon","March 15, 2026","CERT-2026-1802","Honors","Winner - 1st Place","Nexus Labs"
"Jayden Clark","jayden.clark@example.com","Cloud Architecture Mastery","CloudCon Annual 2026","March 15, 2026","CERT-2026-1803","Excellence","Runner Up","Horizon Systems"
"Aidan Mukherjee","aidan.mukherjee@example.com","Cybersecurity Defense Essentials","CyberSec Expo 2026","March 15, 2026","CERT-2026-1804","Merit","Speaker","Vanguard Security"
"Cameron Rivera","cameron.rivera@example.com","UI/UX Product Design Masterclass","DesignSprint 2026","March 15, 2026","CERT-2026-1805","High Distinction","Track Finalist","PixelCraft Studio"
"Ian Nair","ian.nair@example.com","Machine Learning Ops (MLOps)","DevOps Days 2026","March 15, 2026","CERT-2026-1806","Distinction","Honorary Fellow","Quantum Dynamics"
"Nora Park","nora.park@example.com","Modern DevOps & Kubernetes","Web3 Builders Summit","March 15, 2026","CERT-2026-1807","Honors","Attendee","NovaTech Global"
"Julian Ramirez","julian.ramirez@example.com","Blockchain & Smart Contracts","FutureTech Leadership Forum","March 15, 2026","CERT-2026-1808","Excellence","Participant","Apex Digital"
"Charlotte Torres","charlotte.torres@example.com","Distributed Systems Engineering","Global Tech Summit 2026","March 15, 2026","CERT-2026-1809","Merit","Winner - 1st Place","Synthetix AI"
"Sarah Hall","sarah.hall@example.com","Next.js & React 19 Enterprise Patterns","AI Innovators Hackathon","March 15, 2026","CERT-2026-1810","High Distinction","Runner Up","Starlight Ventures"
"Eli Gomez","eli.gomez@example.com","Autonomous Systems & Robotics","CloudCon Annual 2026","March 15, 2026","CERT-2026-1811","Distinction","Speaker","OmniCorp Research"
"Abigail Stewart","abigail.stewart@example.com","Applied Quantum Computing","CyberSec Expo 2026","March 15, 2026","CERT-2026-1812","Honors","Track Finalist","Aether Interactive"
"Samuel Campbell","samuel.campbell@example.com","Full Stack Web Development","DesignSprint 2026","March 15, 2026","CERT-2026-1813","Excellence","Honorary Fellow","Acme Corporation"
"Emma Young","emma.young@example.com","Data Science & AI Bootcamp","DevOps Days 2026","March 15, 2026","CERT-2026-1814","Merit","Attendee","Nexus Labs"
"Vikram King","vikram.king@example.com","Cloud Architecture Mastery","Web3 Builders Summit","March 15, 2026","CERT-2026-1815","High Distinction","Participant","Horizon Systems"
"Carlos Rivera","carlos.rivera@example.com","Cybersecurity Defense Essentials","FutureTech Leadership Forum","March 15, 2026","CERT-2026-1816","Distinction","Winner - 1st Place","Vanguard Security"
"Jayden Moore","jayden.moore@example.com","UI/UX Product Design Masterclass","Global Tech Summit 2026","March 15, 2026","CERT-2026-1817","Honors","Runner Up","PixelCraft Studio"
"Charlotte Mitra","charlotte.mitra@example.com","Machine Learning Ops (MLOps)","AI Innovators Hackathon","March 15, 2026","CERT-2026-1818","Excellence","Speaker","Quantum Dynamics"
"Rafael Green","rafael.green@example.com","Modern DevOps & Kubernetes","CloudCon Annual 2026","March 15, 2026","CERT-2026-1819","Merit","Track Finalist","NovaTech Global"
"Sophia Nair","sophia.nair@example.com","Blockchain & Smart Contracts","CyberSec Expo 2026","March 15, 2026","CERT-2026-1820","High Distinction","Honorary Fellow","Apex Digital"
"Olivia Jones","olivia.jones@example.com","Distributed Systems Engineering","DesignSprint 2026","March 15, 2026","CERT-2026-1821","Distinction","Attendee","Synthetix AI"
"Mason Joshi","mason.joshi@example.com","Next.js & React 19 Enterprise Patterns","DevOps Days 2026","March 15, 2026","CERT-2026-1822","Honors","Participant","Starlight Ventures"
"Leo Adams","leo.adams@example.com","Autonomous Systems & Robotics","Web3 Builders Summit","March 15, 2026","CERT-2026-1823","Excellence","Winner - 1st Place","OmniCorp Research"
"Ava Chen","ava.chen@example.com","Applied Quantum Computing","FutureTech Leadership Forum","March 15, 2026","CERT-2026-1824","Merit","Runner Up","Aether Interactive"
"Rohan Nair","rohan.nair@example.com","Full Stack Web Development","Global Tech Summit 2026","March 15, 2026","CERT-2026-1825","High Distinction","Speaker","Acme Corporation"
"Madeline Nelson","madeline.nelson@example.com","Data Science & AI Bootcamp","AI Innovators Hackathon","March 15, 2026","CERT-2026-1826","Distinction","Track Finalist","Nexus Labs"
"Oliver Chakraborty","oliver.chakraborty@example.com","Cloud Architecture Mastery","CloudCon Annual 2026","March 15, 2026","CERT-2026-1827","Honors","Honorary Fellow","Horizon Systems"
"Wyatt Bennett","wyatt.bennett@example.com","Cybersecurity Defense Essentials","CyberSec Expo 2026","March 15, 2026","CERT-2026-1828","Excellence","Attendee","Vanguard Security"
"Caleb Roy","caleb.roy@example.com","UI/UX Product Design Masterclass","DesignSprint 2026","March 15, 2026","CERT-2026-1829","Merit","Participant","PixelCraft Studio"
"Wyatt Lopez","wyatt.lopez@example.com","Machine Learning Ops (MLOps)","DevOps Days 2026","March 15, 2026","CERT-2026-1830","High Distinction","Winner - 1st Place","Quantum Dynamics"
"Kai Roberts","kai.roberts@example.com","Modern DevOps & Kubernetes","Web3 Builders Summit","March 15, 2026","CERT-2026-1831","Distinction","Runner Up","NovaTech Global"
"Alex Lee","alex.lee@example.com","Blockchain & Smart Contracts","FutureTech Leadership Forum","March 15, 2026","CERT-2026-1832","Honors","Speaker","Apex Digital"
"Emma Patel","emma.patel@example.com","Distributed Systems Engineering","Global Tech Summit 2026","March 15, 2026","CERT-2026-1833","Excellence","Track Finalist","Synthetix AI"
"Isabella Young","isabella.young@example.com","Next.js & React 19 Enterprise Patterns","AI Innovators Hackathon","March 15, 2026","CERT-2026-1834","Merit","Honorary Fellow","Starlight Ventures"
"Elizabeth Ramachandran","elizabeth.ramachandran@example.com","Autonomous Systems & Robotics","CloudCon Annual 2026","March 15, 2026","CERT-2026-1835","High Distinction","Attendee","OmniCorp Research"
"Marcus Gonzalez","marcus.gonzalez@example.com","Applied Quantum Computing","CyberSec Expo 2026","March 15, 2026","CERT-2026-1836","Distinction","Participant","Aether Interactive"
"Nathan Walker","nathan.walker@example.com","Full Stack Web Development","DesignSprint 2026","March 15, 2026","CERT-2026-1837","Honors","Winner - 1st Place","Acme Corporation"
"Alexander Ross","alexander.ross@example.com","Data Science & AI Bootcamp","DevOps Days 2026","March 15, 2026","CERT-2026-1838","Excellence","Runner Up","Nexus Labs"
"Liam Campbell","liam.campbell@example.com","Cloud Architecture Mastery","Web3 Builders Summit","March 15, 2026","CERT-2026-1839","Merit","Speaker","Horizon Systems"
"Sam Roy","sam.roy@example.com","Cybersecurity Defense Essentials","FutureTech Leadership Forum","March 15, 2026","CERT-2026-1840","High Distinction","Track Finalist","Vanguard Security"
"Rohan Barnes","rohan.barnes@example.com","UI/UX Product Design Masterclass","Global Tech Summit 2026","March 15, 2026","CERT-2026-1841","Distinction","Honorary Fellow","PixelCraft Studio"
"Jacob Morgan","jacob.morgan@example.com","Machine Learning Ops (MLOps)","AI Innovators Hackathon","March 15, 2026","CERT-2026-1842","Honors","Attendee","Quantum Dynamics"
"Tyler Davis","tyler.davis@example.com","Modern DevOps & Kubernetes","CloudCon Annual 2026","March 15, 2026","CERT-2026-1843","Excellence","Participant","NovaTech Global"
"Ava Russell","ava.russell@example.com","Blockchain & Smart Contracts","CyberSec Expo 2026","March 15, 2026","CERT-2026-1844","Merit","Winner - 1st Place","Apex Digital"
"Aria Baker","aria.baker@example.com","Distributed Systems Engineering","DesignSprint 2026","March 15, 2026","CERT-2026-1845","High Distinction","Runner Up","Synthetix AI"
"Harper Iyer","harper.iyer@example.com","Next.js & React 19 Enterprise Patterns","DevOps Days 2026","March 15, 2026","CERT-2026-1846","Distinction","Speaker","Starlight Ventures"
"Brianna Wood","brianna.wood@example.com","Autonomous Systems & Robotics","Web3 Builders Summit","March 15, 2026","CERT-2026-1847","Honors","Track Finalist","OmniCorp Research"
"Nicholas Zhang","nicholas.zhang@example.com","Applied Quantum Computing","FutureTech Leadership Forum","March 15, 2026","CERT-2026-1848","Excellence","Honorary Fellow","Aether Interactive"
"Ruby Garcia","ruby.garcia@example.com","Full Stack Web Development","Global Tech Summit 2026","March 15, 2026","CERT-2026-1849","Merit","Attendee","Acme Corporation"
"Isabella Sanchez","isabella.sanchez@example.com","Data Science & AI Bootcamp","AI Innovators Hackathon","March 15, 2026","CERT-2026-1850","High Distinction","Participant","Nexus Labs"
"Joshua Ghosh","joshua.ghosh@example.com","Cloud Architecture Mastery","CloudCon Annual 2026","March 15, 2026","CERT-2026-1851","Distinction","Winner - 1st Place","Horizon Systems"
"Daniel Sharma","daniel.sharma@example.com","Cybersecurity Defense Essentials","CyberSec Expo 2026","March 15, 2026","CERT-2026-1852","Honors","Runner Up","Vanguard Security"
"Brianna Lee","brianna.lee@example.com","UI/UX Product Design Masterclass","DesignSprint 2026","March 15, 2026","CERT-2026-1853","Excellence","Speaker","PixelCraft Studio"
"Victor Coleman","victor.coleman@example.com","Machine Learning Ops (MLOps)","DevOps Days 2026","March 15, 2026","CERT-2026-1854","Merit","Track Finalist","Quantum Dynamics"
"Caleb Mukherjee","caleb.mukherjee@example.com","Modern DevOps & Kubernetes","Web3 Builders Summit","March 15, 2026","CERT-2026-1855","High Distinction","Honorary Fellow","NovaTech Global"
"Kyle Jackson","kyle.jackson@example.com","Blockchain & Smart Contracts","FutureTech Leadership Forum","March 15, 2026","CERT-2026-1856","Distinction","Attendee","Apex Digital"
"Claire Davis","claire.davis@example.com","Distributed Systems Engineering","Global Tech Summit 2026","March 15, 2026","CERT-2026-1857","Honors","Participant","Synthetix AI"
"Ella Morales","ella.morales@example.com","Next.js & React 19 Enterprise Patterns","AI Innovators Hackathon","March 15, 2026","CERT-2026-1858","Excellence","Winner - 1st Place","Starlight Ventures"
"Kayla Hughes","kayla.hughes@example.com","Autonomous Systems & Robotics","CloudCon Annual 2026","March 15, 2026","CERT-2026-1859","Merit","Runner Up","OmniCorp Research"
"Jasmine Goswami","jasmine.goswami@example.com","Applied Quantum Computing","CyberSec Expo 2026","March 15, 2026","CERT-2026-1860","High Distinction","Speaker","Aether Interactive"
"Owen Martin","owen.martin@example.com","Full Stack Web Development","DesignSprint 2026","March 15, 2026","CERT-2026-1861","Distinction","Track Finalist","Acme Corporation"
"Kai Ramachandran","kai.ramachandran@example.com","Data Science & AI Bootcamp","DevOps Days 2026","March 15, 2026","CERT-2026-1862","Honors","Honorary Fellow","Nexus Labs"
"Logan Vance","logan.vance@example.com","Cloud Architecture Mastery","Web3 Builders Summit","March 15, 2026","CERT-2026-1863","Excellence","Attendee","Horizon Systems"
"Kiran Ghosh","kiran.ghosh@example.com","Cybersecurity Defense Essentials","FutureTech Leadership Forum","March 15, 2026","CERT-2026-1864","Merit","Participant","Vanguard Security"
"Kai Murphy","kai.murphy@example.com","UI/UX Product Design Masterclass","Global Tech Summit 2026","March 15, 2026","CERT-2026-1865","High Distinction","Winner - 1st Place","PixelCraft Studio"
"Kiran Cooper","kiran.cooper@example.com","Machine Learning Ops (MLOps)","AI Innovators Hackathon","March 15, 2026","CERT-2026-1866","Distinction","Runner Up","Quantum Dynamics"
"Chloe Jones","chloe.jones@example.com","Modern DevOps & Kubernetes","CloudCon Annual 2026","March 15, 2026","CERT-2026-1867","Honors","Speaker","NovaTech Global"
"Zachary Sharma","zachary.sharma@example.com","Blockchain & Smart Contracts","CyberSec Expo 2026","March 15, 2026","CERT-2026-1868","Excellence","Track Finalist","Apex Digital"
"Layla Russell","layla.russell@example.com","Distributed Systems Engineering","DesignSprint 2026","March 15, 2026","CERT-2026-1869","Merit","Honorary Fellow","Synthetix AI"
"Brandon Kulkarni","brandon.kulkarni@example.com","Next.js & React 19 Enterprise Patterns","DevOps Days 2026","March 15, 2026","CERT-2026-1870","High Distinction","Attendee","Starlight Ventures"
"Jack Verma","jack.verma@example.com","Autonomous Systems & Robotics","Web3 Builders Summit","March 15, 2026","CERT-2026-1871","Distinction","Participant","OmniCorp Research"
"Owen Lee","owen.lee@example.com","Applied Quantum Computing","FutureTech Leadership Forum","March 15, 2026","CERT-2026-1872","Honors","Winner - 1st Place","Aether Interactive"
"Sam Long","sam.long@example.com","Full Stack Web Development","Global Tech Summit 2026","March 15, 2026","CERT-2026-1873","Excellence","Runner Up","Acme Corporation"
"Michael Ramachandran","michael.ramachandran@example.com","Data Science & AI Bootcamp","AI Innovators Hackathon","March 15, 2026","CERT-2026-1874","Merit","Speaker","Nexus Labs"
"Zachary Barnes","zachary.barnes@example.com","Cloud Architecture Mastery","CloudCon Annual 2026","March 15, 2026","CERT-2026-1875","High Distinction","Track Finalist","Horizon Systems"
"Aaron O'Connor","aaron.o.connor@example.com","Cybersecurity Defense Essentials","CyberSec Expo 2026","March 15, 2026","CERT-2026-1876","Distinction","Honorary Fellow","Vanguard Security"
"Anthony Gonzalez","anthony.gonzalez@example.com","UI/UX Product Design Masterclass","DesignSprint 2026","March 15, 2026","CERT-2026-1877","Honors","Attendee","PixelCraft Studio"
"Adrian Edwards","adrian.edwards@example.com","Machine Learning Ops (MLOps)","DevOps Days 2026","March 15, 2026","CERT-2026-1878","Excellence","Participant","Quantum Dynamics"
"Julian Wilson","julian.wilson@example.com","Modern DevOps & Kubernetes","Web3 Builders Summit","March 15, 2026","CERT-2026-1879","Merit","Winner - 1st Place","NovaTech Global"
"Logan Long","logan.long@example.com","Blockchain & Smart Contracts","FutureTech Leadership Forum","March 15, 2026","CERT-2026-1880","High Distinction","Runner Up","Apex Digital"
"Amelia Jackson","amelia.jackson@example.com","Distributed Systems Engineering","Global Tech Summit 2026","March 15, 2026","CERT-2026-1881","Distinction","Speaker","Synthetix AI"
"Ruby Price","ruby.price@example.com","Next.js & React 19 Enterprise Patterns","AI Innovators Hackathon","March 15, 2026","CERT-2026-1882","Honors","Track Finalist","Starlight Ventures"
"Karan Hall","karan.hall@example.com","Autonomous Systems & Robotics","CloudCon Annual 2026","March 15, 2026","CERT-2026-1883","Excellence","Honorary Fellow","OmniCorp Research"
"Owen Ramachandran","owen.ramachandran@example.com","Applied Quantum Computing","CyberSec Expo 2026","March 15, 2026","CERT-2026-1884","Merit","Attendee","Aether Interactive"
"Kai Evans","kai.evans@example.com","Full Stack Web Development","DesignSprint 2026","March 15, 2026","CERT-2026-1885","High Distinction","Participant","Acme Corporation"
"Amelia Morales","amelia.morales@example.com","Data Science & AI Bootcamp","DevOps Days 2026","March 15, 2026","CERT-2026-1886","Distinction","Winner - 1st Place","Nexus Labs"
"Rafael Morales","rafael.morales@example.com","Cloud Architecture Mastery","Web3 Builders Summit","March 15, 2026","CERT-2026-1887","Honors","Runner Up","Horizon Systems"
"Anthony Kulkarni","anthony.kulkarni@example.com","Cybersecurity Defense Essentials","FutureTech Leadership Forum","March 15, 2026","CERT-2026-1888","Excellence","Speaker","Vanguard Security"
"Emma Bhatia","emma.bhatia@example.com","UI/UX Product Design Masterclass","Global Tech Summit 2026","March 15, 2026","CERT-2026-1889","Merit","Track Finalist","PixelCraft Studio"
"Kiran Henderson","kiran.henderson@example.com","Machine Learning Ops (MLOps)","AI Innovators Hackathon","March 15, 2026","CERT-2026-1890","High Distinction","Honorary Fellow","Quantum Dynamics"
"Noah Lopez","noah.lopez@example.com","Modern DevOps & Kubernetes","CloudCon Annual 2026","March 15, 2026","CERT-2026-1891","Distinction","Attendee","NovaTech Global"
"Asher Mukherjee","asher.mukherjee@example.com","Blockchain & Smart Contracts","CyberSec Expo 2026","March 15, 2026","CERT-2026-1892","Honors","Participant","Apex Digital"
"Wyatt Roy","wyatt.roy@example.com","Distributed Systems Engineering","DesignSprint 2026","March 15, 2026","CERT-2026-1893","Excellence","Winner - 1st Place","Synthetix AI"
"Amelia Cox","amelia.cox@example.com","Next.js & React 19 Enterprise Patterns","DevOps Days 2026","March 15, 2026","CERT-2026-1894","Merit","Runner Up","Starlight Ventures"
"Nathan Peterson","nathan.peterson@example.com","Autonomous Systems & Robotics","Web3 Builders Summit","March 15, 2026","CERT-2026-1895","High Distinction","Speaker","OmniCorp Research"
"Zachary Turner","zachary.turner@example.com","Applied Quantum Computing","FutureTech Leadership Forum","March 15, 2026","CERT-2026-1896","Distinction","Track Finalist","Aether Interactive"
"Sam Hughes","sam.hughes@example.com","Full Stack Web Development","Global Tech Summit 2026","March 15, 2026","CERT-2026-1897","Honors","Honorary Fellow","Acme Corporation"
"Nora Agarwal","nora.agarwal@example.com","Data Science & AI Bootcamp","AI Innovators Hackathon","March 15, 2026","CERT-2026-1898","Excellence","Attendee","Nexus Labs"
"Olivia Hughes","olivia.hughes@example.com","Cloud Architecture Mastery","CloudCon Annual 2026","March 15, 2026","CERT-2026-1899","Merit","Participant","Horizon Systems"
"Victoria Foster","victoria.foster@example.com","Cybersecurity Defense Essentials","CyberSec Expo 2026","March 15, 2026","CERT-2026-1900","High Distinction","Winner - 1st Place","Vanguard Security"
"Asher Lewis","asher.lewis@example.com","UI/UX Product Design Masterclass","DesignSprint 2026","March 15, 2026","CERT-2026-1901","Distinction","Runner Up","PixelCraft Studio"
"Leo Ward","leo.ward@example.com","Machine Learning Ops (MLOps)","DevOps Days 2026","March 15, 2026","CERT-2026-1902","Honors","Speaker","Quantum Dynamics"
"Suresh Das","suresh.das@example.com","Modern DevOps & Kubernetes","Web3 Builders Summit","March 15, 2026","CERT-2026-1903","Excellence","Track Finalist","NovaTech Global"
"Katelyn Rivera","katelyn.rivera@example.com","Blockchain & Smart Contracts","FutureTech Leadership Forum","March 15, 2026","CERT-2026-1904","Merit","Honorary Fellow","Apex Digital"
"Brianna Cooper","brianna.cooper@example.com","Distributed Systems Engineering","Global Tech Summit 2026","March 15, 2026","CERT-2026-1905","High Distinction","Attendee","Synthetix AI"
"Jacob Vance","jacob.vance@example.com","Next.js & React 19 Enterprise Patterns","AI Innovators Hackathon","March 15, 2026","CERT-2026-1906","Distinction","Participant","Starlight Ventures"
"Nicholas Flores","nicholas.flores@example.com","Autonomous Systems & Robotics","CloudCon Annual 2026","March 15, 2026","CERT-2026-1907","Honors","Winner - 1st Place","OmniCorp Research"
"Jacob Rao","jacob.rao@example.com","Applied Quantum Computing","CyberSec Expo 2026","March 15, 2026","CERT-2026-1908","Excellence","Runner Up","Aether Interactive"
"Rohan Russell","rohan.russell@example.com","Full Stack Web Development","DesignSprint 2026","March 15, 2026","CERT-2026-1909","Merit","Speaker","Acme Corporation"
"Jacob Mitra","jacob.mitra@example.com","Data Science & AI Bootcamp","DevOps Days 2026","March 15, 2026","CERT-2026-1910","High Distinction","Track Finalist","Nexus Labs"
"Mason Nelson","mason.nelson@example.com","Cloud Architecture Mastery","Web3 Builders Summit","March 15, 2026","CERT-2026-1911","Distinction","Honorary Fellow","Horizon Systems"
"Benjamin Long","benjamin.long@example.com","Cybersecurity Defense Essentials","FutureTech Leadership Forum","March 15, 2026","CERT-2026-1912","Honors","Attendee","Vanguard Security"
"Kevin Lee","kevin.lee@example.com","UI/UX Product Design Masterclass","Global Tech Summit 2026","March 15, 2026","CERT-2026-1913","Excellence","Participant","PixelCraft Studio"
"Owen Myers","owen.myers@example.com","Machine Learning Ops (MLOps)","AI Innovators Hackathon","March 15, 2026","CERT-2026-1914","Merit","Winner - 1st Place","Quantum Dynamics"
"Adam Henderson","adam.henderson@example.com","Modern DevOps & Kubernetes","CloudCon Annual 2026","March 15, 2026","CERT-2026-1915","High Distinction","Runner Up","NovaTech Global"
"Arthur Martin","arthur.martin@example.com","Blockchain & Smart Contracts","CyberSec Expo 2026","March 15, 2026","CERT-2026-1916","Distinction","Speaker","Apex Digital"
"Caleb Verma","caleb.verma@example.com","Distributed Systems Engineering","DesignSprint 2026","March 15, 2026","CERT-2026-1917","Honors","Track Finalist","Synthetix AI"
"Claire Nguyen","claire.nguyen@example.com","Next.js & React 19 Enterprise Patterns","DevOps Days 2026","March 15, 2026","CERT-2026-1918","Excellence","Honorary Fellow","Starlight Ventures"
"Lucas Lopez","lucas.lopez@example.com","Autonomous Systems & Robotics","Web3 Builders Summit","March 15, 2026","CERT-2026-1919","Merit","Attendee","OmniCorp Research"
"Devon Baker","devon.baker@example.com","Applied Quantum Computing","FutureTech Leadership Forum","March 15, 2026","CERT-2026-1920","High Distinction","Participant","Aether Interactive"
"Rafael Verma","rafael.verma@example.com","Full Stack Web Development","Global Tech Summit 2026","March 15, 2026","CERT-2026-1921","Distinction","Winner - 1st Place","Acme Corporation"
"Ella Myers","ella.myers@example.com","Data Science & AI Bootcamp","AI Innovators Hackathon","March 15, 2026","CERT-2026-1922","Honors","Runner Up","Nexus Labs"
"David Reed","david.reed@example.com","Cloud Architecture Mastery","CloudCon Annual 2026","March 15, 2026","CERT-2026-1923","Excellence","Speaker","Horizon Systems"
"Dylan Okafor","dylan.okafor@example.com","Cybersecurity Defense Essentials","CyberSec Expo 2026","March 15, 2026","CERT-2026-1924","Merit","Track Finalist","Vanguard Security"
"Valerie Gray","valerie.gray@example.com","UI/UX Product Design Masterclass","DesignSprint 2026","March 15, 2026","CERT-2026-1925","High Distinction","Honorary Fellow","PixelCraft Studio"
"Julia Morgan","julia.morgan@example.com","Machine Learning Ops (MLOps)","DevOps Days 2026","March 15, 2026","CERT-2026-1926","Distinction","Attendee","Quantum Dynamics"
"Xavier Price","xavier.price@example.com","Modern DevOps & Kubernetes","Web3 Builders Summit","March 15, 2026","CERT-2026-1927","Honors","Participant","NovaTech Global"
"Leo Hernandez","leo.hernandez@example.com","Blockchain & Smart Contracts","FutureTech Leadership Forum","March 15, 2026","CERT-2026-1928","Excellence","Winner - 1st Place","Apex Digital"
"Suresh Hughes","suresh.hughes@example.com","Distributed Systems Engineering","Global Tech Summit 2026","March 15, 2026","CERT-2026-1929","Merit","Runner Up","Synthetix AI"
"Jacob Bennett","jacob.bennett@example.com","Next.js & React 19 Enterprise Patterns","AI Innovators Hackathon","March 15, 2026","CERT-2026-1930","High Distinction","Speaker","Starlight Ventures"
"William Morales","william.morales@example.com","Autonomous Systems & Robotics","CloudCon Annual 2026","March 15, 2026","CERT-2026-1931","Distinction","Track Finalist","OmniCorp Research"
"Amelia Campbell","amelia.campbell@example.com","Applied Quantum Computing","CyberSec Expo 2026","March 15, 2026","CERT-2026-1932","Honors","Honorary Fellow","Aether Interactive"
"Asher Rao","asher.rao@example.com","Full Stack Web Development","DesignSprint 2026","March 15, 2026","CERT-2026-1933","Excellence","Attendee","Acme Corporation"
"David Howard","david.howard@example.com","Data Science & AI Bootcamp","DevOps Days 2026","March 15, 2026","CERT-2026-1934","Merit","Participant","Nexus Labs"
"Nathan Bennett","nathan.bennett@example.com","Cloud Architecture Mastery","Web3 Builders Summit","March 15, 2026","CERT-2026-1935","High Distinction","Winner - 1st Place","Horizon Systems"
"Kiran Barnes","kiran.barnes@example.com","Cybersecurity Defense Essentials","FutureTech Leadership Forum","March 15, 2026","CERT-2026-1936","Distinction","Runner Up","Vanguard Security"
"Kevin Ramirez","kevin.ramirez@example.com","UI/UX Product Design Masterclass","Global Tech Summit 2026","March 15, 2026","CERT-2026-1937","Honors","Speaker","PixelCraft Studio"
"Victoria Alvarez","victoria.alvarez@example.com","Machine Learning Ops (MLOps)","AI Innovators Hackathon","March 15, 2026","CERT-2026-1938","Excellence","Track Finalist","Quantum Dynamics"
"Ethan Zhang","ethan.zhang@example.com","Modern DevOps & Kubernetes","CloudCon Annual 2026","March 15, 2026","CERT-2026-1939","Merit","Honorary Fellow","NovaTech Global"
"Amelia Fernandez","amelia.fernandez@example.com","Blockchain & Smart Contracts","CyberSec Expo 2026","March 15, 2026","CERT-2026-1940","High Distinction","Attendee","Apex Digital"
"Hannah Gray","hannah.gray@example.com","Distributed Systems Engineering","DesignSprint 2026","March 15, 2026","CERT-2026-1941","Distinction","Participant","Synthetix AI"
"Caleb Chen","caleb.chen@example.com","Next.js & React 19 Enterprise Patterns","DevOps Days 2026","March 15, 2026","CERT-2026-1942","Honors","Winner - 1st Place","Starlight Ventures"
"Kai Price","kai.price@example.com","Autonomous Systems & Robotics","Web3 Builders Summit","March 15, 2026","CERT-2026-1943","Excellence","Runner Up","OmniCorp Research"
"Joseph Verma","joseph.verma@example.com","Applied Quantum Computing","FutureTech Leadership Forum","March 15, 2026","CERT-2026-1944","Merit","Speaker","Aether Interactive"
"Carlos Lopez","carlos.lopez@example.com","Full Stack Web Development","Global Tech Summit 2026","March 15, 2026","CERT-2026-1945","High Distinction","Track Finalist","Acme Corporation"
"Leo Watson","leo.watson@example.com","Data Science & AI Bootcamp","AI Innovators Hackathon","March 15, 2026","CERT-2026-1946","Distinction","Honorary Fellow","Nexus Labs"
"Mason Powell","mason.powell@example.com","Cloud Architecture Mastery","CloudCon Annual 2026","March 15, 2026","CERT-2026-1947","Honors","Attendee","Horizon Systems"
"Devon Young","devon.young@example.com","Cybersecurity Defense Essentials","CyberSec Expo 2026","March 15, 2026","CERT-2026-1948","Excellence","Participant","Vanguard Security"
"Caleb Ward","caleb.ward@example.com","UI/UX Product Design Masterclass","DesignSprint 2026","March 15, 2026","CERT-2026-1949","Merit","Winner - 1st Place","PixelCraft Studio"
"Kai Sullivan","kai.sullivan@example.com","Machine Learning Ops (MLOps)","DevOps Days 2026","March 15, 2026","CERT-2026-1950","High Distinction","Runner Up","Quantum Dynamics"
"Michael Verma","michael.verma@example.com","Modern DevOps & Kubernetes","Web3 Builders Summit","March 15, 2026","CERT-2026-1951","Distinction","Speaker","NovaTech Global"
"Joseph Vance","joseph.vance@example.com","Blockchain & Smart Contracts","FutureTech Leadership Forum","March 15, 2026","CERT-2026-1952","Honors","Track Finalist","Apex Digital"
"Ethan Watson","ethan.watson@example.com","Distributed Systems Engineering","Global Tech Summit 2026","March 15, 2026","CERT-2026-1953","Excellence","Honorary Fellow","Synthetix AI"
"Joseph Perez","joseph.perez@example.com","Next.js & React 19 Enterprise Patterns","AI Innovators Hackathon","March 15, 2026","CERT-2026-1954","Merit","Attendee","Starlight Ventures"
"Eli Vance","eli.vance@example.com","Autonomous Systems & Robotics","CloudCon Annual 2026","March 15, 2026","CERT-2026-1955","High Distinction","Participant","OmniCorp Research"
"Zoe Adams","zoe.adams@example.com","Applied Quantum Computing","CyberSec Expo 2026","March 15, 2026","CERT-2026-1956","Distinction","Winner - 1st Place","Aether Interactive"
"David Kim","david.kim@example.com","Full Stack Web Development","DesignSprint 2026","March 15, 2026","CERT-2026-1957","Honors","Runner Up","Acme Corporation"
"Kiran Das","kiran.das@example.com","Data Science & AI Bootcamp","DevOps Days 2026","March 15, 2026","CERT-2026-1958","Excellence","Speaker","Nexus Labs"
"Amara Lee","amara.lee@example.com","Cloud Architecture Mastery","Web3 Builders Summit","March 15, 2026","CERT-2026-1959","Merit","Track Finalist","Horizon Systems"
"Sarah Patel","sarah.patel@example.com","Cybersecurity Defense Essentials","FutureTech Leadership Forum","March 15, 2026","CERT-2026-1960","High Distinction","Honorary Fellow","Vanguard Security"
"David Miller","david.miller@example.com","UI/UX Product Design Masterclass","Global Tech Summit 2026","March 15, 2026","CERT-2026-1961","Distinction","Attendee","PixelCraft Studio"
"Aidan Ghosh","aidan.ghosh@example.com","Machine Learning Ops (MLOps)","AI Innovators Hackathon","March 15, 2026","CERT-2026-1962","Honors","Participant","Quantum Dynamics"
"William Howard","william.howard@example.com","Modern DevOps & Kubernetes","CloudCon Annual 2026","March 15, 2026","CERT-2026-1963","Excellence","Winner - 1st Place","NovaTech Global"
"Victoria Rodriguez","victoria.rodriguez@example.com","Blockchain & Smart Contracts","CyberSec Expo 2026","March 15, 2026","CERT-2026-1964","Merit","Runner Up","Apex Digital"
"Aaron Smith","aaron.smith@example.com","Distributed Systems Engineering","DesignSprint 2026","March 15, 2026","CERT-2026-1965","High Distinction","Speaker","Synthetix AI"
"Claire Moore","claire.moore@example.com","Next.js & React 19 Enterprise Patterns","DevOps Days 2026","March 15, 2026","CERT-2026-1966","Distinction","Track Finalist","Starlight Ventures"
"John Alvarez","john.alvarez@example.com","Autonomous Systems & Robotics","Web3 Builders Summit","March 15, 2026","CERT-2026-1967","Honors","Honorary Fellow","OmniCorp Research"
"Aurora Goswami","aurora.goswami@example.com","Applied Quantum Computing","FutureTech Leadership Forum","March 15, 2026","CERT-2026-1968","Excellence","Attendee","Aether Interactive"
"Chloe Sharma","chloe.sharma@example.com","Full Stack Web Development","Global Tech Summit 2026","March 15, 2026","CERT-2026-1969","Merit","Participant","Acme Corporation"
"Gabriel Lee","gabriel.lee@example.com","Data Science & AI Bootcamp","AI Innovators Hackathon","March 15, 2026","CERT-2026-1970","High Distinction","Winner - 1st Place","Nexus Labs"
"Evan Gray","evan.gray@example.com","Cloud Architecture Mastery","CloudCon Annual 2026","March 15, 2026","CERT-2026-1971","Distinction","Runner Up","Horizon Systems"
"Aditi Sharma","aditi.sharma@example.com","Cybersecurity Defense Essentials","CyberSec Expo 2026","March 15, 2026","CERT-2026-1972","Honors","Speaker","Vanguard Security"
"Joshua Young","joshua.young@example.com","UI/UX Product Design Masterclass","DesignSprint 2026","March 15, 2026","CERT-2026-1973","Excellence","Track Finalist","PixelCraft Studio"
"Angela Gray","angela.gray@example.com","Machine Learning Ops (MLOps)","DevOps Days 2026","March 15, 2026","CERT-2026-1974","Merit","Honorary Fellow","Quantum Dynamics"
"Angela Campbell","angela.campbell@example.com","Modern DevOps & Kubernetes","Web3 Builders Summit","March 15, 2026","CERT-2026-1975","High Distinction","Attendee","NovaTech Global"
"Wyatt Ramirez","wyatt.ramirez@example.com","Blockchain & Smart Contracts","FutureTech Leadership Forum","March 15, 2026","CERT-2026-1976","Distinction","Participant","Apex Digital"
"Emma Jackson","emma.jackson@example.com","Distributed Systems Engineering","Global Tech Summit 2026","March 15, 2026","CERT-2026-1977","Honors","Winner - 1st Place","Synthetix AI"
"Abigail Lewis","abigail.lewis@example.com","Next.js & React 19 Enterprise Patterns","AI Innovators Hackathon","March 15, 2026","CERT-2026-1978","Excellence","Runner Up","Starlight Ventures"
"Wyatt Goswami","wyatt.goswami@example.com","Autonomous Systems & Robotics","CloudCon Annual 2026","March 15, 2026","CERT-2026-1979","Merit","Speaker","OmniCorp Research"
"Madeline Gomez","madeline.gomez@example.com","Applied Quantum Computing","CyberSec Expo 2026","March 15, 2026","CERT-2026-1980","High Distinction","Track Finalist","Aether Interactive"
"Gabriel Hall","gabriel.hall@example.com","Full Stack Web Development","DesignSprint 2026","March 15, 2026","CERT-2026-1981","Distinction","Honorary Fellow","Acme Corporation"
"Aurora Smith","aurora.smith@example.com","Data Science & AI Bootcamp","DevOps Days 2026","March 15, 2026","CERT-2026-1982","Honors","Attendee","Nexus Labs"
"Vikram Morgan","vikram.morgan@example.com","Cloud Architecture Mastery","Web3 Builders Summit","March 15, 2026","CERT-2026-1983","Excellence","Participant","Horizon Systems"
"Zachary Kulkarni","zachary.kulkarni@example.com","Cybersecurity Defense Essentials","FutureTech Leadership Forum","March 15, 2026","CERT-2026-1984","Merit","Winner - 1st Place","Vanguard Security"
"Mason Silva","mason.silva@example.com","UI/UX Product Design Masterclass","Global Tech Summit 2026","March 15, 2026","CERT-2026-1985","High Distinction","Runner Up","PixelCraft Studio"
"Benjamin Okafor","benjamin.okafor@example.com","Machine Learning Ops (MLOps)","AI Innovators Hackathon","March 15, 2026","CERT-2026-1986","Distinction","Speaker","Quantum Dynamics"
"Sam Rodriguez","sam.rodriguez@example.com","Modern DevOps & Kubernetes","CloudCon Annual 2026","March 15, 2026","CERT-2026-1987","Honors","Track Finalist","NovaTech Global"
"Noah Kapoor","noah.kapoor@example.com","Blockchain & Smart Contracts","CyberSec Expo 2026","March 15, 2026","CERT-2026-1988","Excellence","Honorary Fellow","Apex Digital"
"James Hayes","james.hayes@example.com","Distributed Systems Engineering","DesignSprint 2026","March 15, 2026","CERT-2026-1989","Merit","Attendee","Synthetix AI"
"Harrison Kulkarni","harrison.kulkarni@example.com","Next.js & React 19 Enterprise Patterns","DevOps Days 2026","March 15, 2026","CERT-2026-1990","High Distinction","Participant","Starlight Ventures"
"Asher Zhang","asher.zhang@example.com","Autonomous Systems & Robotics","Web3 Builders Summit","March 15, 2026","CERT-2026-1991","Distinction","Winner - 1st Place","OmniCorp Research"
"Jonathan Clark","jonathan.clark@example.com","Applied Quantum Computing","FutureTech Leadership Forum","March 15, 2026","CERT-2026-1992","Honors","Runner Up","Aether Interactive"
"Michael Smith","michael.smith@example.com","Full Stack Web Development","Global Tech Summit 2026","March 15, 2026","CERT-2026-1993","Excellence","Speaker","Acme Corporation"
"Sam Kapoor","sam.kapoor@example.com","Data Science & AI Bootcamp","AI Innovators Hackathon","March 15, 2026","CERT-2026-1994","Merit","Track Finalist","Nexus Labs"
"Devon Okafor","devon.okafor@example.com","Cloud Architecture Mastery","CloudCon Annual 2026","March 15, 2026","CERT-2026-1995","High Distinction","Honorary Fellow","Horizon Systems"
"Marcus Kelly","marcus.kelly@example.com","Cybersecurity Defense Essentials","CyberSec Expo 2026","March 15, 2026","CERT-2026-1996","Distinction","Attendee","Vanguard Security"
"Rohan Wright","rohan.wright@example.com","UI/UX Product Design Masterclass","DesignSprint 2026","March 15, 2026","CERT-2026-1997","Honors","Participant","PixelCraft Studio"
"Ava Wilson","ava.wilson@example.com","Machine Learning Ops (MLOps)","DevOps Days 2026","March 15, 2026","CERT-2026-1998","Excellence","Winner - 1st Place","Quantum Dynamics"
"Sarah Wang","sarah.wang@example.com","Modern DevOps & Kubernetes","Web3 Builders Summit","March 15, 2026","CERT-2026-1999","Merit","Runner Up","NovaTech Global"
"Suresh Mukherjee","suresh.mukherjee@example.com","Blockchain & Smart Contracts","FutureTech Leadership Forum","March 15, 2026","CERT-2026-2000","High Distinction","Speaker","Apex Digital"