"Name","Email","Course","Event","Date","Certificate_ID","Grade","Role","Organization"
"Aaliyah Adams","aaliyah.adams@example.com","Full Stack Web Development","Global Tech Summit 2026","March 15, 2026","CERT-2026-0001","Distinction","Attendee","Acme Corporation"
"Aaliyah Agarwal","aaliyah.agarwal@example.com","Data Science & AI Bootcamp","AI Innovators Hackathon","March 15, 2026","CERT-2026-0002","Honors","Participant","Nexus Labs"
"Aaliyah Alvarez","aaliyah.alvarez@example.com","Cloud Architecture Mastery","CloudCon Annual 2026","March 15, 2026","CERT-2026-0003","Excellence","Winner - 1st Place","Horizon Systems"
"Aaliyah Anderson","aaliyah.anderson@example.com","Cybersecurity Defense Essentials","CyberSec Expo 2026","March 15, 2026","CERT-2026-0004","Merit","Runner Up","Vanguard Security"
"Aaliyah Baker","aaliyah.baker@example.com","UI/UX Product Design Masterclass","DesignSprint 2026","March 15, 2026","CERT-2026-0005","High Distinction","Speaker","PixelCraft Studio"
"Aaliyah Banerjee","aaliyah.banerjee@example.com","Machine Learning Ops (MLOps)","DevOps Days 2026","March 15, 2026","CERT-2026-0006","Distinction","Track Finalist","Quantum Dynamics"
"Aaliyah Barnes","aaliyah.barnes@example.com","Modern DevOps & Kubernetes","Web3 Builders Summit","March 15, 2026","CERT-2026-0007","Honors","Honorary Fellow","NovaTech Global"
"Aaliyah Bell","aaliyah.bell@example.com","Blockchain & Smart Contracts","FutureTech Leadership Forum","March 15, 2026","CERT-2026-0008","Excellence","Attendee","Apex Digital"
"Aaliyah Bennett","aaliyah.bennett@example.com","Distributed Systems Engineering","Global Tech Summit 2026","March 15, 2026","CERT-2026-0009","Merit","Participant","Synthetix AI"
"Aaliyah Bhatia","aaliyah.bhatia@example.com","Next.js & React 19 Enterprise Patterns","AI Innovators Hackathon","March 15, 2026","CERT-2026-0010","High Distinction","Winner - 1st Place","Starlight Ventures"
"Aaliyah Brooks","aaliyah.brooks@example.com","Autonomous Systems & Robotics","CloudCon Annual 2026","March 15, 2026","CERT-2026-0011","Distinction","Runner Up","OmniCorp Research"
"Aaliyah Brown","aaliyah.brown@example.com","Applied Quantum Computing","CyberSec Expo 2026","March 15, 2026","CERT-2026-0012","Honors","Speaker","Aether Interactive"
"Aaliyah Campbell","aaliyah.campbell@example.com","Full Stack Web Development","DesignSprint 2026","March 15, 2026","CERT-2026-0013","Excellence","Track Finalist","Acme Corporation"
"Aaliyah Castillo","aaliyah.castillo@example.com","Data Science & AI Bootcamp","DevOps Days 2026","March 15, 2026","CERT-2026-0014","Merit","Honorary Fellow","Nexus Labs"
"Aaliyah Chakraborty","aaliyah.chakraborty@example.com","Cloud Architecture Mastery","Web3 Builders Summit","March 15, 2026","CERT-2026-0015","High Distinction","Attendee","Horizon Systems"
"Aaliyah Chen","aaliyah.chen@example.com","Cybersecurity Defense Essentials","FutureTech Leadership Forum","March 15, 2026","CERT-2026-0016","Distinction","Participant","Vanguard Security"
"Aaliyah Clark","aaliyah.clark@example.com","UI/UX Product Design Masterclass","Global Tech Summit 2026","March 15, 2026","CERT-2026-0017","Honors","Winner - 1st Place","PixelCraft Studio"
"Aaliyah Coleman","aaliyah.coleman@example.com","Machine Learning Ops (MLOps)","AI Innovators Hackathon","March 15, 2026","CERT-2026-0018","Excellence","Runner Up","Quantum Dynamics"
"Aaliyah Collins","aaliyah.collins@example.com","Modern DevOps & Kubernetes","CloudCon Annual 2026","March 15, 2026","CERT-2026-0019","Merit","Speaker","NovaTech Global"
"Aaliyah Cooper","aaliyah.cooper@example.com","Blockchain & Smart Contracts","CyberSec Expo 2026","March 15, 2026","CERT-2026-0020","High Distinction","Track Finalist","Apex Digital"
"Aaliyah Cox","aaliyah.cox@example.com","Distributed Systems Engineering","DesignSprint 2026","March 15, 2026","CERT-2026-0021","Distinction","Honorary Fellow","Synthetix AI"
"Aaliyah Das","aaliyah.das@example.com","Next.js & React 19 Enterprise Patterns","DevOps Days 2026","March 15, 2026","CERT-2026-0022","Honors","Attendee","Starlight Ventures"
"Aaliyah Davis","aaliyah.davis@example.com","Autonomous Systems & Robotics","Web3 Builders Summit","March 15, 2026","CERT-2026-0023","Excellence","Participant","OmniCorp Research"
"Aaliyah Diaz","aaliyah.diaz@example.com","Applied Quantum Computing","FutureTech Leadership Forum","March 15, 2026","CERT-2026-0024","Merit","Winner - 1st Place","Aether Interactive"
"Aaliyah Edwards","aaliyah.edwards@example.com","Full Stack Web Development","Global Tech Summit 2026","March 15, 2026","CERT-2026-0025","High Distinction","Runner Up","Acme Corporation"
"Aaliyah Evans","aaliyah.evans@example.com","Data Science & AI Bootcamp","AI Innovators Hackathon","March 15, 2026","CERT-2026-0026","Distinction","Speaker","Nexus Labs"
"Aaliyah Fernandez","aaliyah.fernandez@example.com","Cloud Architecture Mastery","CloudCon Annual 2026","March 15, 2026","CERT-2026-0027","Honors","Track Finalist","Horizon Systems"
"Aaliyah Flores","aaliyah.flores@example.com","Cybersecurity Defense Essentials","CyberSec Expo 2026","March 15, 2026","CERT-2026-0028","Excellence","Honorary Fellow","Vanguard Security"
"Aaliyah Foster","aaliyah.foster@example.com","UI/UX Product Design Masterclass","DesignSprint 2026","March 15, 2026","CERT-2026-0029","Merit","Attendee","PixelCraft Studio"
"Aaliyah Garcia","aaliyah.garcia@example.com","Machine Learning Ops (MLOps)","DevOps Days 2026","March 15, 2026","CERT-2026-0030","High Distinction","Participant","Quantum Dynamics"
"Aaliyah Ghosh","aaliyah.ghosh@example.com","Modern DevOps & Kubernetes","Web3 Builders Summit","March 15, 2026","CERT-2026-0031","Distinction","Winner - 1st Place","NovaTech Global"
"Aaliyah Gomez","aaliyah.gomez@example.com","Blockchain & Smart Contracts","FutureTech Leadership Forum","March 15, 2026","CERT-2026-0032","Honors","Runner Up","Apex Digital"
"Aaliyah Gonzalez","aaliyah.gonzalez@example.com","Distributed Systems Engineering","Global Tech Summit 2026","March 15, 2026","CERT-2026-0033","Excellence","Speaker","Synthetix AI"
"Aaliyah Goswami","aaliyah.goswami@example.com","Next.js & React 19 Enterprise Patterns","AI Innovators Hackathon","March 15, 2026","CERT-2026-0034","Merit","Track Finalist","Starlight Ventures"
"Aaliyah Gray","aaliyah.gray@example.com","Autonomous Systems & Robotics","CloudCon Annual 2026","March 15, 2026","CERT-2026-0035","High Distinction","Honorary Fellow","OmniCorp Research"
"Aaliyah Green","aaliyah.green@example.com","Applied Quantum Computing","CyberSec Expo 2026","March 15, 2026","CERT-2026-0036","Distinction","Attendee","Aether Interactive"
"Aaliyah Gupta","aaliyah.gupta@example.com","Full Stack Web Development","DesignSprint 2026","March 15, 2026","CERT-2026-0037","Honors","Participant","Acme Corporation"
"Aaliyah Hall","aaliyah.hall@example.com","Data Science & AI Bootcamp","DevOps Days 2026","March 15, 2026","CERT-2026-0038","Excellence","Winner - 1st Place","Nexus Labs"
"Aaliyah Harris","aaliyah.harris@example.com","Cloud Architecture Mastery","Web3 Builders Summit","March 15, 2026","CERT-2026-0039","Merit","Runner Up","Horizon Systems"
"Aaliyah Hayes","aaliyah.hayes@example.com","Cybersecurity Defense Essentials","FutureTech Leadership Forum","March 15, 2026","CERT-2026-0040","High Distinction","Speaker","Vanguard Security"
"Aaliyah Henderson","aaliyah.henderson@example.com","UI/UX Product Design Masterclass","Global Tech Summit 2026","March 15, 2026","CERT-2026-0041","Distinction","Track Finalist","PixelCraft Studio"
"Aaliyah Hernandez","aaliyah.hernandez@example.com","Machine Learning Ops (MLOps)","AI Innovators Hackathon","March 15, 2026","CERT-2026-0042","Honors","Honorary Fellow","Quantum Dynamics"
"Aaliyah Hill","aaliyah.hill@example.com","Modern DevOps & Kubernetes","CloudCon Annual 2026","March 15, 2026","CERT-2026-0043","Excellence","Attendee","NovaTech Global"
"Aaliyah Howard","aaliyah.howard@example.com","Blockchain & Smart Contracts","CyberSec Expo 2026","March 15, 2026","CERT-2026-0044","Merit","Participant","Apex Digital"
"Aaliyah Hughes","aaliyah.hughes@example.com","Distributed Systems Engineering","DesignSprint 2026","March 15, 2026","CERT-2026-0045","High Distinction","Winner - 1st Place","Synthetix AI"
"Aaliyah Iyer","aaliyah.iyer@example.com","Next.js & React 19 Enterprise Patterns","DevOps Days 2026","March 15, 2026","CERT-2026-0046","Distinction","Runner Up","Starlight Ventures"
"Aaliyah Jackson","aaliyah.jackson@example.com","Autonomous Systems & Robotics","Web3 Builders Summit","March 15, 2026","CERT-2026-0047","Honors","Speaker","OmniCorp Research"
"Aaliyah James","aaliyah.james@example.com","Applied Quantum Computing","FutureTech Leadership Forum","March 15, 2026","CERT-2026-0048","Excellence","Track Finalist","Aether Interactive"
"Aaliyah Jenkins","aaliyah.jenkins@example.com","Full Stack Web Development","Global Tech Summit 2026","March 15, 2026","CERT-2026-0049","Merit","Honorary Fellow","Acme Corporation"
"Aaliyah Johnson","aaliyah.johnson@example.com","Data Science & AI Bootcamp","AI Innovators Hackathon","March 15, 2026","CERT-2026-0050","High Distinction","Attendee","Nexus Labs"
"Aaliyah Jones","aaliyah.jones@example.com","Cloud Architecture Mastery","CloudCon Annual 2026","March 15, 2026","CERT-2026-0051","Distinction","Participant","Horizon Systems"
"Aaliyah Joshi","aaliyah.joshi@example.com","Cybersecurity Defense Essentials","CyberSec Expo 2026","March 15, 2026","CERT-2026-0052","Honors","Winner - 1st Place","Vanguard Security"
"Aaliyah Kapoor","aaliyah.kapoor@example.com","UI/UX Product Design Masterclass","DesignSprint 2026","March 15, 2026","CERT-2026-0053","Excellence","Runner Up","PixelCraft Studio"
"Aaliyah Kelly","aaliyah.kelly@example.com","Machine Learning Ops (MLOps)","DevOps Days 2026","March 15, 2026","CERT-2026-0054","Merit","Speaker","Quantum Dynamics"
"Aaliyah Kim","aaliyah.kim@example.com","Modern DevOps & Kubernetes","Web3 Builders Summit","March 15, 2026","CERT-2026-0055","High Distinction","Track Finalist","NovaTech Global"
"Aaliyah King","aaliyah.king@example.com","Blockchain & Smart Contracts","FutureTech Leadership Forum","March 15, 2026","CERT-2026-0056","Distinction","Honorary Fellow","Apex Digital"
"Aaliyah Kulkarni","aaliyah.kulkarni@example.com","Distributed Systems Engineering","Global Tech Summit 2026","March 15, 2026","CERT-2026-0057","Honors","Attendee","Synthetix AI"
"Aaliyah Kumar","aaliyah.kumar@example.com","Next.js & React 19 Enterprise Patterns","AI Innovators Hackathon","March 15, 2026","CERT-2026-0058","Excellence","Participant","Starlight Ventures"
"Aaliyah Lee","aaliyah.lee@example.com","Autonomous Systems & Robotics","CloudCon Annual 2026","March 15, 2026","CERT-2026-0059","Merit","Winner - 1st Place","OmniCorp Research"
"Aaliyah Lewis","aaliyah.lewis@example.com","Applied Quantum Computing","CyberSec Expo 2026","March 15, 2026","CERT-2026-0060","High Distinction","Runner Up","Aether Interactive"
"Aaliyah Long","aaliyah.long@example.com","Full Stack Web Development","DesignSprint 2026","March 15, 2026","CERT-2026-0061","Distinction","Speaker","Acme Corporation"
"Aaliyah Lopez","aaliyah.lopez@example.com","Data Science & AI Bootcamp","DevOps Days 2026","March 15, 2026","CERT-2026-0062","Honors","Track Finalist","Nexus Labs"
"Aaliyah Martin","aaliyah.martin@example.com","Cloud Architecture Mastery","Web3 Builders Summit","March 15, 2026","CERT-2026-0063","Excellence","Honorary Fellow","Horizon Systems"
"Aaliyah Martinez","aaliyah.martinez@example.com","Cybersecurity Defense Essentials","FutureTech Leadership Forum","March 15, 2026","CERT-2026-0064","Merit","Attendee","Vanguard Security"
"Aaliyah Miller","aaliyah.miller@example.com","UI/UX Product Design Masterclass","Global Tech Summit 2026","March 15, 2026","CERT-2026-0065","High Distinction","Participant","PixelCraft Studio"
"Aaliyah Mitra","aaliyah.mitra@example.com","Machine Learning Ops (MLOps)","AI Innovators Hackathon","March 15, 2026","CERT-2026-0066","Distinction","Winner - 1st Place","Quantum Dynamics"
"Aaliyah Moore","aaliyah.moore@example.com","Modern DevOps & Kubernetes","CloudCon Annual 2026","March 15, 2026","CERT-2026-0067","Honors","Runner Up","NovaTech Global"
"Aaliyah Morales","aaliyah.morales@example.com","Blockchain & Smart Contracts","CyberSec Expo 2026","March 15, 2026","CERT-2026-0068","Excellence","Speaker","Apex Digital"
"Aaliyah Morgan","aaliyah.morgan@example.com","Distributed Systems Engineering","DesignSprint 2026","March 15, 2026","CERT-2026-0069","Merit","Track Finalist","Synthetix AI"
"Aaliyah Mukherjee","aaliyah.mukherjee@example.com","Next.js & React 19 Enterprise Patterns","DevOps Days 2026","March 15, 2026","CERT-2026-0070","High Distinction","Honorary Fellow","Starlight Ventures"
"Aaliyah Murphy","aaliyah.murphy@example.com","Autonomous Systems & Robotics","Web3 Builders Summit","March 15, 2026","CERT-2026-0071","Distinction","Attendee","OmniCorp Research"
"Aaliyah Myers","aaliyah.myers@example.com","Applied Quantum Computing","FutureTech Leadership Forum","March 15, 2026","CERT-2026-0072","Honors","Participant","Aether Interactive"
"Aaliyah Nair","aaliyah.nair@example.com","Full Stack Web Development","Global Tech Summit 2026","March 15, 2026","CERT-2026-0073","Excellence","Winner - 1st Place","Acme Corporation"
"Aaliyah Nelson","aaliyah.nelson@example.com","Data Science & AI Bootcamp","AI Innovators Hackathon","March 15, 2026","CERT-2026-0074","Merit","Runner Up","Nexus Labs"
"Aaliyah Nguyen","aaliyah.nguyen@example.com","Cloud Architecture Mastery","CloudCon Annual 2026","March 15, 2026","CERT-2026-0075","High Distinction","Speaker","Horizon Systems"
"Aaliyah O'Connor","aaliyah.o.connor@example.com","Cybersecurity Defense Essentials","CyberSec Expo 2026","March 15, 2026","CERT-2026-0076","Distinction","Track Finalist","Vanguard Security"
"Aaliyah Okafor","aaliyah.okafor@example.com","UI/UX Product Design Masterclass","DesignSprint 2026","March 15, 2026","CERT-2026-0077","Honors","Honorary Fellow","PixelCraft Studio"
"Aaliyah Ortiz","aaliyah.ortiz@example.com","Machine Learning Ops (MLOps)","DevOps Days 2026","March 15, 2026","CERT-2026-0078","Excellence","Attendee","Quantum Dynamics"
"Aaliyah Park","aaliyah.park@example.com","Modern DevOps & Kubernetes","Web3 Builders Summit","March 15, 2026","CERT-2026-0079","Merit","Participant","NovaTech Global"
"Aaliyah Patel","aaliyah.patel@example.com","Blockchain & Smart Contracts","FutureTech Leadership Forum","March 15, 2026","CERT-2026-0080","High Distinction","Winner - 1st Place","Apex Digital"
"Aaliyah Perez","aaliyah.perez@example.com","Distributed Systems Engineering","Global Tech Summit 2026","March 15, 2026","CERT-2026-0081","Distinction","Runner Up","Synthetix AI"
"Aaliyah Peterson","aaliyah.peterson@example.com","Next.js & React 19 Enterprise Patterns","AI Innovators Hackathon","March 15, 2026","CERT-2026-0082","Honors","Speaker","Starlight Ventures"
"Aaliyah Phillips","aaliyah.phillips@example.com","Autonomous Systems & Robotics","CloudCon Annual 2026","March 15, 2026","CERT-2026-0083","Excellence","Track Finalist","OmniCorp Research"
"Aaliyah Powell","aaliyah.powell@example.com","Applied Quantum Computing","CyberSec Expo 2026","March 15, 2026","CERT-2026-0084","Merit","Honorary Fellow","Aether Interactive"
"Aaliyah Price","aaliyah.price@example.com","Full Stack Web Development","DesignSprint 2026","March 15, 2026","CERT-2026-0085","High Distinction","Attendee","Acme Corporation"
"Aaliyah Ramachandran","aaliyah.ramachandran@example.com","Data Science & AI Bootcamp","DevOps Days 2026","March 15, 2026","CERT-2026-0086","Distinction","Participant","Nexus Labs"
"Aaliyah Ramirez","aaliyah.ramirez@example.com","Cloud Architecture Mastery","Web3 Builders Summit","March 15, 2026","CERT-2026-0087","Honors","Winner - 1st Place","Horizon Systems"
"Aaliyah Rao","aaliyah.rao@example.com","Cybersecurity Defense Essentials","FutureTech Leadership Forum","March 15, 2026","CERT-2026-0088","Excellence","Runner Up","Vanguard Security"
"Aaliyah Reed","aaliyah.reed@example.com","UI/UX Product Design Masterclass","Global Tech Summit 2026","March 15, 2026","CERT-2026-0089","Merit","Speaker","PixelCraft Studio"
"Aaliyah Richardson","aaliyah.richardson@example.com","Machine Learning Ops (MLOps)","AI Innovators Hackathon","March 15, 2026","CERT-2026-0090","High Distinction","Track Finalist","Quantum Dynamics"
"Aaliyah Rivera","aaliyah.rivera@example.com","Modern DevOps & Kubernetes","CloudCon Annual 2026","March 15, 2026","CERT-2026-0091","Distinction","Honorary Fellow","NovaTech Global"
"Aaliyah Roberts","aaliyah.roberts@example.com","Blockchain & Smart Contracts","CyberSec Expo 2026","March 15, 2026","CERT-2026-0092","Honors","Attendee","Apex Digital"
"Aaliyah Rodriguez","aaliyah.rodriguez@example.com","Distributed Systems Engineering","DesignSprint 2026","March 15, 2026","CERT-2026-0093","Excellence","Participant","Synthetix AI"
"Aaliyah Ross","aaliyah.ross@example.com","Next.js & React 19 Enterprise Patterns","DevOps Days 2026","March 15, 2026","CERT-2026-0094","Merit","Winner - 1st Place","Starlight Ventures"
"Aaliyah Roy","aaliyah.roy@example.com","Autonomous Systems & Robotics","Web3 Builders Summit","March 15, 2026","CERT-2026-0095","High Distinction","Runner Up","OmniCorp Research"
"Aaliyah Russell","aaliyah.russell@example.com","Applied Quantum Computing","FutureTech Leadership Forum","March 15, 2026","CERT-2026-0096","Distinction","Speaker","Aether Interactive"
"Aaliyah Sanchez","aaliyah.sanchez@example.com","Full Stack Web Development","Global Tech Summit 2026","March 15, 2026","CERT-2026-0097","Honors","Track Finalist","Acme Corporation"
"Aaliyah Sanders","aaliyah.sanders@example.com","Data Science & AI Bootcamp","AI Innovators Hackathon","March 15, 2026","CERT-2026-0098","Excellence","Honorary Fellow","Nexus Labs"
"Aaliyah Sengupta","aaliyah.sengupta@example.com","Cloud Architecture Mastery","CloudCon Annual 2026","March 15, 2026","CERT-2026-0099","Merit","Attendee","Horizon Systems"
"Aaliyah Sharma","aaliyah.sharma@example.com","Cybersecurity Defense Essentials","CyberSec Expo 2026","March 15, 2026","CERT-2026-0100","High Distinction","Participant","Vanguard Security"
"Aaliyah Silva","aaliyah.silva@example.com","UI/UX Product Design Masterclass","DesignSprint 2026","March 15, 2026","CERT-2026-0101","Distinction","Winner - 1st Place","PixelCraft Studio"
"Aaliyah Smith","aaliyah.smith@example.com","Machine Learning Ops (MLOps)","DevOps Days 2026","March 15, 2026","CERT-2026-0102","Honors","Runner Up","Quantum Dynamics"
"Aaliyah Stewart","aaliyah.stewart@example.com","Modern DevOps & Kubernetes","Web3 Builders Summit","March 15, 2026","CERT-2026-0103","Excellence","Speaker","NovaTech Global"
"Aaliyah Sullivan","aaliyah.sullivan@example.com","Blockchain & Smart Contracts","FutureTech Leadership Forum","March 15, 2026","CERT-2026-0104","Merit","Track Finalist","Apex Digital"
"Aaliyah Taylor","aaliyah.taylor@example.com","Distributed Systems Engineering","Global Tech Summit 2026","March 15, 2026","CERT-2026-0105","High Distinction","Honorary Fellow","Synthetix AI"
"Aaliyah Thomas","aaliyah.thomas@example.com","Next.js & React 19 Enterprise Patterns","AI Innovators Hackathon","March 15, 2026","CERT-2026-0106","Distinction","Attendee","Starlight Ventures"
"Aaliyah Torres","aaliyah.torres@example.com","Autonomous Systems & Robotics","CloudCon Annual 2026","March 15, 2026","CERT-2026-0107","Honors","Participant","OmniCorp Research"
"Aaliyah Turner","aaliyah.turner@example.com","Applied Quantum Computing","CyberSec Expo 2026","March 15, 2026","CERT-2026-0108","Excellence","Winner - 1st Place","Aether Interactive"
"Aaliyah Vance","aaliyah.vance@example.com","Full Stack Web Development","DesignSprint 2026","March 15, 2026","CERT-2026-0109","Merit","Runner Up","Acme Corporation"
"Aaliyah Venkatesh","aaliyah.venkatesh@example.com","Data Science & AI Bootcamp","DevOps Days 2026","March 15, 2026","CERT-2026-0110","High Distinction","Speaker","Nexus Labs"
"Aaliyah Verma","aaliyah.verma@example.com","Cloud Architecture Mastery","Web3 Builders Summit","March 15, 2026","CERT-2026-0111","Distinction","Track Finalist","Horizon Systems"
"Aaliyah Walker","aaliyah.walker@example.com","Cybersecurity Defense Essentials","FutureTech Leadership Forum","March 15, 2026","CERT-2026-0112","Honors","Honorary Fellow","Vanguard Security"
"Aaliyah Wang","aaliyah.wang@example.com","UI/UX Product Design Masterclass","Global Tech Summit 2026","March 15, 2026","CERT-2026-0113","Excellence","Attendee","PixelCraft Studio"
"Aaliyah Ward","aaliyah.ward@example.com","Machine Learning Ops (MLOps)","AI Innovators Hackathon","March 15, 2026","CERT-2026-0114","Merit","Participant","Quantum Dynamics"
"Aaliyah Watson","aaliyah.watson@example.com","Modern DevOps & Kubernetes","CloudCon Annual 2026","March 15, 2026","CERT-2026-0115","High Distinction","Winner - 1st Place","NovaTech Global"
"Aaliyah White","aaliyah.white@example.com","Blockchain & Smart Contracts","CyberSec Expo 2026","March 15, 2026","CERT-2026-0116","Distinction","Runner Up","Apex Digital"
"Aaliyah Williams","aaliyah.williams@example.com","Distributed Systems Engineering","DesignSprint 2026","March 15, 2026","CERT-2026-0117","Honors","Speaker","Synthetix AI"
"Aaliyah Wilson","aaliyah.wilson@example.com","Next.js & React 19 Enterprise Patterns","DevOps Days 2026","March 15, 2026","CERT-2026-0118","Excellence","Track Finalist","Starlight Ventures"
"Aaliyah Wood","aaliyah.wood@example.com","Autonomous Systems & Robotics","Web3 Builders Summit","March 15, 2026","CERT-2026-0119","Merit","Honorary Fellow","OmniCorp Research"
"Aaliyah Wright","aaliyah.wright@example.com","Applied Quantum Computing","FutureTech Leadership Forum","March 15, 2026","CERT-2026-0120","High Distinction","Attendee","Aether Interactive"
"Aaliyah Young","aaliyah.young@example.com","Full Stack Web Development","Global Tech Summit 2026","March 15, 2026","CERT-2026-0121","Distinction","Participant","Acme Corporation"
"Aaliyah Zhang","aaliyah.zhang@example.com","Data Science & AI Bootcamp","AI Innovators Hackathon","March 15, 2026","CERT-2026-0122","Honors","Winner - 1st Place","Nexus Labs"
"Aaron Adams","aaron.adams@example.com","Cloud Architecture Mastery","CloudCon Annual 2026","March 15, 2026","CERT-2026-0123","Excellence","Runner Up","Horizon Systems"
"Aaron Agarwal","aaron.agarwal@example.com","Cybersecurity Defense Essentials","CyberSec Expo 2026","March 15, 2026","CERT-2026-0124","Merit","Speaker","Vanguard Security"
"Aaron Alvarez","aaron.alvarez@example.com","UI/UX Product Design Masterclass","DesignSprint 2026","March 15, 2026","CERT-2026-0125","High Distinction","Track Finalist","PixelCraft Studio"
"Aaron Anderson","aaron.anderson@example.com","Machine Learning Ops (MLOps)","DevOps Days 2026","March 15, 2026","CERT-2026-0126","Distinction","Honorary Fellow","Quantum Dynamics"
"Aaron Baker","aaron.baker@example.com","Modern DevOps & Kubernetes","Web3 Builders Summit","March 15, 2026","CERT-2026-0127","Honors","Attendee","NovaTech Global"
"Aaron Banerjee","aaron.banerjee@example.com","Blockchain & Smart Contracts","FutureTech Leadership Forum","March 15, 2026","CERT-2026-0128","Excellence","Participant","Apex Digital"
"Aaron Barnes","aaron.barnes@example.com","Distributed Systems Engineering","Global Tech Summit 2026","March 15, 2026","CERT-2026-0129","Merit","Winner - 1st Place","Synthetix AI"
"Aaron Bell","aaron.bell@example.com","Next.js & React 19 Enterprise Patterns","AI Innovators Hackathon","March 15, 2026","CERT-2026-0130","High Distinction","Runner Up","Starlight Ventures"
"Aaron Bennett","aaron.bennett@example.com","Autonomous Systems & Robotics","CloudCon Annual 2026","March 15, 2026","CERT-2026-0131","Distinction","Speaker","OmniCorp Research"
"Aaron Bhatia","aaron.bhatia@example.com","Applied Quantum Computing","CyberSec Expo 2026","March 15, 2026","CERT-2026-0132","Honors","Track Finalist","Aether Interactive"
"Aaron Brooks","aaron.brooks@example.com","Full Stack Web Development","DesignSprint 2026","March 15, 2026","CERT-2026-0133","Excellence","Honorary Fellow","Acme Corporation"
"Aaron Brown","aaron.brown@example.com","Data Science & AI Bootcamp","DevOps Days 2026","March 15, 2026","CERT-2026-0134","Merit","Attendee","Nexus Labs"
"Aaron Campbell","aaron.campbell@example.com","Cloud Architecture Mastery","Web3 Builders Summit","March 15, 2026","CERT-2026-0135","High Distinction","Participant","Horizon Systems"
"Aaron Castillo","aaron.castillo@example.com","Cybersecurity Defense Essentials","FutureTech Leadership Forum","March 15, 2026","CERT-2026-0136","Distinction","Winner - 1st Place","Vanguard Security"
"Aaron Chakraborty","aaron.chakraborty@example.com","UI/UX Product Design Masterclass","Global Tech Summit 2026","March 15, 2026","CERT-2026-0137","Honors","Runner Up","PixelCraft Studio"
"Aaron Chen","aaron.chen@example.com","Machine Learning Ops (MLOps)","AI Innovators Hackathon","March 15, 2026","CERT-2026-0138","Excellence","Speaker","Quantum Dynamics"
"Aaron Clark","aaron.clark@example.com","Modern DevOps & Kubernetes","CloudCon Annual 2026","March 15, 2026","CERT-2026-0139","Merit","Track Finalist","NovaTech Global"
"Aaron Coleman","aaron.coleman@example.com","Blockchain & Smart Contracts","CyberSec Expo 2026","March 15, 2026","CERT-2026-0140","High Distinction","Honorary Fellow","Apex Digital"
"Aaron Collins","aaron.collins@example.com","Distributed Systems Engineering","DesignSprint 2026","March 15, 2026","CERT-2026-0141","Distinction","Attendee","Synthetix AI"
"Aaron Cooper","aaron.cooper@example.com","Next.js & React 19 Enterprise Patterns","DevOps Days 2026","March 15, 2026","CERT-2026-0142","Honors","Participant","Starlight Ventures"
"Aaron Cox","aaron.cox@example.com","Autonomous Systems & Robotics","Web3 Builders Summit","March 15, 2026","CERT-2026-0143","Excellence","Winner - 1st Place","OmniCorp Research"
"Aaron Das","aaron.das@example.com","Applied Quantum Computing","FutureTech Leadership Forum","March 15, 2026","CERT-2026-0144","Merit","Runner Up","Aether Interactive"
"Aaron Davis","aaron.davis@example.com","Full Stack Web Development","Global Tech Summit 2026","March 15, 2026","CERT-2026-0145","High Distinction","Speaker","Acme Corporation"
"Aaron Diaz","aaron.diaz@example.com","Data Science & AI Bootcamp","AI Innovators Hackathon","March 15, 2026","CERT-2026-0146","Distinction","Track Finalist","Nexus Labs"
"Aaron Edwards","aaron.edwards@example.com","Cloud Architecture Mastery","CloudCon Annual 2026","March 15, 2026","CERT-2026-0147","Honors","Honorary Fellow","Horizon Systems"
"Aaron Evans","aaron.evans@example.com","Cybersecurity Defense Essentials","CyberSec Expo 2026","March 15, 2026","CERT-2026-0148","Excellence","Attendee","Vanguard Security"
"Aaron Fernandez","aaron.fernandez@example.com","UI/UX Product Design Masterclass","DesignSprint 2026","March 15, 2026","CERT-2026-0149","Merit","Participant","PixelCraft Studio"
"Aaron Flores","aaron.flores@example.com","Machine Learning Ops (MLOps)","DevOps Days 2026","March 15, 2026","CERT-2026-0150","High Distinction","Winner - 1st Place","Quantum Dynamics"
"Aaron Foster","aaron.foster@example.com","Modern DevOps & Kubernetes","Web3 Builders Summit","March 15, 2026","CERT-2026-0151","Distinction","Runner Up","NovaTech Global"
"Aaron Garcia","aaron.garcia@example.com","Blockchain & Smart Contracts","FutureTech Leadership Forum","March 15, 2026","CERT-2026-0152","Honors","Speaker","Apex Digital"
"Aaron Ghosh","aaron.ghosh@example.com","Distributed Systems Engineering","Global Tech Summit 2026","March 15, 2026","CERT-2026-0153","Excellence","Track Finalist","Synthetix AI"
"Aaron Gomez","aaron.gomez@example.com","Next.js & React 19 Enterprise Patterns","AI Innovators Hackathon","March 15, 2026","CERT-2026-0154","Merit","Honorary Fellow","Starlight Ventures"
"Aaron Gonzalez","aaron.gonzalez@example.com","Autonomous Systems & Robotics","CloudCon Annual 2026","March 15, 2026","CERT-2026-0155","High Distinction","Attendee","OmniCorp Research"
"Aaron Goswami","aaron.goswami@example.com","Applied Quantum Computing","CyberSec Expo 2026","March 15, 2026","CERT-2026-0156","Distinction","Participant","Aether Interactive"
"Aaron Gray","aaron.gray@example.com","Full Stack Web Development","DesignSprint 2026","March 15, 2026","CERT-2026-0157","Honors","Winner - 1st Place","Acme Corporation"
"Aaron Green","aaron.green@example.com","Data Science & AI Bootcamp","DevOps Days 2026","March 15, 2026","CERT-2026-0158","Excellence","Runner Up","Nexus Labs"
"Aaron Gupta","aaron.gupta@example.com","Cloud Architecture Mastery","Web3 Builders Summit","March 15, 2026","CERT-2026-0159","Merit","Speaker","Horizon Systems"
"Aaron Hall","aaron.hall@example.com","Cybersecurity Defense Essentials","FutureTech Leadership Forum","March 15, 2026","CERT-2026-0160","High Distinction","Track Finalist","Vanguard Security"
"Aaron Harris","aaron.harris@example.com","UI/UX Product Design Masterclass","Global Tech Summit 2026","March 15, 2026","CERT-2026-0161","Distinction","Honorary Fellow","PixelCraft Studio"
"Aaron Hayes","aaron.hayes@example.com","Machine Learning Ops (MLOps)","AI Innovators Hackathon","March 15, 2026","CERT-2026-0162","Honors","Attendee","Quantum Dynamics"
"Aaron Henderson","aaron.henderson@example.com","Modern DevOps & Kubernetes","CloudCon Annual 2026","March 15, 2026","CERT-2026-0163","Excellence","Participant","NovaTech Global"
"Aaron Hernandez","aaron.hernandez@example.com","Blockchain & Smart Contracts","CyberSec Expo 2026","March 15, 2026","CERT-2026-0164","Merit","Winner - 1st Place","Apex Digital"
"Aaron Hill","aaron.hill@example.com","Distributed Systems Engineering","DesignSprint 2026","March 15, 2026","CERT-2026-0165","High Distinction","Runner Up","Synthetix AI"
"Aaron Howard","aaron.howard@example.com","Next.js & React 19 Enterprise Patterns","DevOps Days 2026","March 15, 2026","CERT-2026-0166","Distinction","Speaker","Starlight Ventures"
"Aaron Hughes","aaron.hughes@example.com","Autonomous Systems & Robotics","Web3 Builders Summit","March 15, 2026","CERT-2026-0167","Honors","Track Finalist","OmniCorp Research"
"Aaron Iyer","aaron.iyer@example.com","Applied Quantum Computing","FutureTech Leadership Forum","March 15, 2026","CERT-2026-0168","Excellence","Honorary Fellow","Aether Interactive"
"Aaron Jackson","aaron.jackson@example.com","Full Stack Web Development","Global Tech Summit 2026","March 15, 2026","CERT-2026-0169","Merit","Attendee","Acme Corporation"
"Aaron James","aaron.james@example.com","Data Science & AI Bootcamp","AI Innovators Hackathon","March 15, 2026","CERT-2026-0170","High Distinction","Participant","Nexus Labs"
"Aaron Jenkins","aaron.jenkins@example.com","Cloud Architecture Mastery","CloudCon Annual 2026","March 15, 2026","CERT-2026-0171","Distinction","Winner - 1st Place","Horizon Systems"
"Aaron Johnson","aaron.johnson@example.com","Cybersecurity Defense Essentials","CyberSec Expo 2026","March 15, 2026","CERT-2026-0172","Honors","Runner Up","Vanguard Security"
"Aaron Jones","aaron.jones@example.com","UI/UX Product Design Masterclass","DesignSprint 2026","March 15, 2026","CERT-2026-0173","Excellence","Speaker","PixelCraft Studio"
"Aaron Joshi","aaron.joshi@example.com","Machine Learning Ops (MLOps)","DevOps Days 2026","March 15, 2026","CERT-2026-0174","Merit","Track Finalist","Quantum Dynamics"
"Aaron Kapoor","aaron.kapoor@example.com","Modern DevOps & Kubernetes","Web3 Builders Summit","March 15, 2026","CERT-2026-0175","High Distinction","Honorary Fellow","NovaTech Global"
"Aaron Kelly","aaron.kelly@example.com","Blockchain & Smart Contracts","FutureTech Leadership Forum","March 15, 2026","CERT-2026-0176","Distinction","Attendee","Apex Digital"
"Aaron Kim","aaron.kim@example.com","Distributed Systems Engineering","Global Tech Summit 2026","March 15, 2026","CERT-2026-0177","Honors","Participant","Synthetix AI"
"Aaron King","aaron.king@example.com","Next.js & React 19 Enterprise Patterns","AI Innovators Hackathon","March 15, 2026","CERT-2026-0178","Excellence","Winner - 1st Place","Starlight Ventures"
"Aaron Kulkarni","aaron.kulkarni@example.com","Autonomous Systems & Robotics","CloudCon Annual 2026","March 15, 2026","CERT-2026-0179","Merit","Runner Up","OmniCorp Research"
"Aaron Kumar","aaron.kumar@example.com","Applied Quantum Computing","CyberSec Expo 2026","March 15, 2026","CERT-2026-0180","High Distinction","Speaker","Aether Interactive"
"Aaron Lee","aaron.lee@example.com","Full Stack Web Development","DesignSprint 2026","March 15, 2026","CERT-2026-0181","Distinction","Track Finalist","Acme Corporation"
"Aaron Lewis","aaron.lewis@example.com","Data Science & AI Bootcamp","DevOps Days 2026","March 15, 2026","CERT-2026-0182","Honors","Honorary Fellow","Nexus Labs"
"Aaron Long","aaron.long@example.com","Cloud Architecture Mastery","Web3 Builders Summit","March 15, 2026","CERT-2026-0183","Excellence","Attendee","Horizon Systems"
"Aaron Lopez","aaron.lopez@example.com","Cybersecurity Defense Essentials","FutureTech Leadership Forum","March 15, 2026","CERT-2026-0184","Merit","Participant","Vanguard Security"
"Aaron Martin","aaron.martin@example.com","UI/UX Product Design Masterclass","Global Tech Summit 2026","March 15, 2026","CERT-2026-0185","High Distinction","Winner - 1st Place","PixelCraft Studio"
"Aaron Martinez","aaron.martinez@example.com","Machine Learning Ops (MLOps)","AI Innovators Hackathon","March 15, 2026","CERT-2026-0186","Distinction","Runner Up","Quantum Dynamics"
"Aaron Miller","aaron.miller@example.com","Modern DevOps & Kubernetes","CloudCon Annual 2026","March 15, 2026","CERT-2026-0187","Honors","Speaker","NovaTech Global"
"Aaron Mitra","aaron.mitra@example.com","Blockchain & Smart Contracts","CyberSec Expo 2026","March 15, 2026","CERT-2026-0188","Excellence","Track Finalist","Apex Digital"
"Aaron Moore","aaron.moore@example.com","Distributed Systems Engineering","DesignSprint 2026","March 15, 2026","CERT-2026-0189","Merit","Honorary Fellow","Synthetix AI"
"Aaron Morales","aaron.morales@example.com","Next.js & React 19 Enterprise Patterns","DevOps Days 2026","March 15, 2026","CERT-2026-0190","High Distinction","Attendee","Starlight Ventures"
"Aaron Morgan","aaron.morgan@example.com","Autonomous Systems & Robotics","Web3 Builders Summit","March 15, 2026","CERT-2026-0191","Distinction","Participant","OmniCorp Research"
"Aaron Mukherjee","aaron.mukherjee@example.com","Applied Quantum Computing","FutureTech Leadership Forum","March 15, 2026","CERT-2026-0192","Honors","Winner - 1st Place","Aether Interactive"
"Aaron Murphy","aaron.murphy@example.com","Full Stack Web Development","Global Tech Summit 2026","March 15, 2026","CERT-2026-0193","Excellence","Runner Up","Acme Corporation"
"Aaron Myers","aaron.myers@example.com","Data Science & AI Bootcamp","AI Innovators Hackathon","March 15, 2026","CERT-2026-0194","Merit","Speaker","Nexus Labs"
"Aaron Nair","aaron.nair@example.com","Cloud Architecture Mastery","CloudCon Annual 2026","March 15, 2026","CERT-2026-0195","High Distinction","Track Finalist","Horizon Systems"
"Aaron Nelson","aaron.nelson@example.com","Cybersecurity Defense Essentials","CyberSec Expo 2026","March 15, 2026","CERT-2026-0196","Distinction","Honorary Fellow","Vanguard Security"
"Aaron Nguyen","aaron.nguyen@example.com","UI/UX Product Design Masterclass","DesignSprint 2026","March 15, 2026","CERT-2026-0197","Honors","Attendee","PixelCraft Studio"
"Aaron O'Connor","aaron.o.connor@example.com","Machine Learning Ops (MLOps)","DevOps Days 2026","March 15, 2026","CERT-2026-0198","Excellence","Participant","Quantum Dynamics"
"Aaron Okafor","aaron.okafor@example.com","Modern DevOps & Kubernetes","Web3 Builders Summit","March 15, 2026","CERT-2026-0199","Merit","Winner - 1st Place","NovaTech Global"
"Aaron Ortiz","aaron.ortiz@example.com","Blockchain & Smart Contracts","FutureTech Leadership Forum","March 15, 2026","CERT-2026-0200","High Distinction","Runner Up","Apex Digital"
"Aaron Park","aaron.park@example.com","Distributed Systems Engineering","Global Tech Summit 2026","March 15, 2026","CERT-2026-0201","Distinction","Speaker","Synthetix AI"
"Aaron Patel","aaron.patel@example.com","Next.js & React 19 Enterprise Patterns","AI Innovators Hackathon","March 15, 2026","CERT-2026-0202","Honors","Track Finalist","Starlight Ventures"
"Aaron Perez","aaron.perez@example.com","Autonomous Systems & Robotics","CloudCon Annual 2026","March 15, 2026","CERT-2026-0203","Excellence","Honorary Fellow","OmniCorp Research"
"Aaron Peterson","aaron.peterson@example.com","Applied Quantum Computing","CyberSec Expo 2026","March 15, 2026","CERT-2026-0204","Merit","Attendee","Aether Interactive"
"Aaron Phillips","aaron.phillips@example.com","Full Stack Web Development","DesignSprint 2026","March 15, 2026","CERT-2026-0205","High Distinction","Participant","Acme Corporation"
"Aaron Powell","aaron.powell@example.com","Data Science & AI Bootcamp","DevOps Days 2026","March 15, 2026","CERT-2026-0206","Distinction","Winner - 1st Place","Nexus Labs"
"Aaron Price","aaron.price@example.com","Cloud Architecture Mastery","Web3 Builders Summit","March 15, 2026","CERT-2026-0207","Honors","Runner Up","Horizon Systems"
"Aaron Ramachandran","aaron.ramachandran@example.com","Cybersecurity Defense Essentials","FutureTech Leadership Forum","March 15, 2026","CERT-2026-0208","Excellence","Speaker","Vanguard Security"
"Aaron Ramirez","aaron.ramirez@example.com","UI/UX Product Design Masterclass","Global Tech Summit 2026","March 15, 2026","CERT-2026-0209","Merit","Track Finalist","PixelCraft Studio"
"Aaron Rao","aaron.rao@example.com","Machine Learning Ops (MLOps)","AI Innovators Hackathon","March 15, 2026","CERT-2026-0210","High Distinction","Honorary Fellow","Quantum Dynamics"
"Aaron Reed","aaron.reed@example.com","Modern DevOps & Kubernetes","CloudCon Annual 2026","March 15, 2026","CERT-2026-0211","Distinction","Attendee","NovaTech Global"
"Aaron Richardson","aaron.richardson@example.com","Blockchain & Smart Contracts","CyberSec Expo 2026","March 15, 2026","CERT-2026-0212","Honors","Participant","Apex Digital"
"Aaron Rivera","aaron.rivera@example.com","Distributed Systems Engineering","DesignSprint 2026","March 15, 2026","CERT-2026-0213","Excellence","Winner - 1st Place","Synthetix AI"
"Aaron Roberts","aaron.roberts@example.com","Next.js & React 19 Enterprise Patterns","DevOps Days 2026","March 15, 2026","CERT-2026-0214","Merit","Runner Up","Starlight Ventures"
"Aaron Rodriguez","aaron.rodriguez@example.com","Autonomous Systems & Robotics","Web3 Builders Summit","March 15, 2026","CERT-2026-0215","High Distinction","Speaker","OmniCorp Research"
"Aaron Ross","aaron.ross@example.com","Applied Quantum Computing","FutureTech Leadership Forum","March 15, 2026","CERT-2026-0216","Distinction","Track Finalist","Aether Interactive"
"Aaron Roy","aaron.roy@example.com","Full Stack Web Development","Global Tech Summit 2026","March 15, 2026","CERT-2026-0217","Honors","Honorary Fellow","Acme Corporation"
"Aaron Russell","aaron.russell@example.com","Data Science & AI Bootcamp","AI Innovators Hackathon","March 15, 2026","CERT-2026-0218","Excellence","Attendee","Nexus Labs"
"Aaron Sanchez","aaron.sanchez@example.com","Cloud Architecture Mastery","CloudCon Annual 2026","March 15, 2026","CERT-2026-0219","Merit","Participant","Horizon Systems"
"Aaron Sanders","aaron.sanders@example.com","Cybersecurity Defense Essentials","CyberSec Expo 2026","March 15, 2026","CERT-2026-0220","High Distinction","Winner - 1st Place","Vanguard Security"
"Aaron Sengupta","aaron.sengupta@example.com","UI/UX Product Design Masterclass","DesignSprint 2026","March 15, 2026","CERT-2026-0221","Distinction","Runner Up","PixelCraft Studio"
"Aaron Sharma","aaron.sharma@example.com","Machine Learning Ops (MLOps)","DevOps Days 2026","March 15, 2026","CERT-2026-0222","Honors","Speaker","Quantum Dynamics"
"Aaron Silva","aaron.silva@example.com","Modern DevOps & Kubernetes","Web3 Builders Summit","March 15, 2026","CERT-2026-0223","Excellence","Track Finalist","NovaTech Global"
"Aaron Smith","aaron.smith@example.com","Blockchain & Smart Contracts","FutureTech Leadership Forum","March 15, 2026","CERT-2026-0224","Merit","Honorary Fellow","Apex Digital"
"Aaron Stewart","aaron.stewart@example.com","Distributed Systems Engineering","Global Tech Summit 2026","March 15, 2026","CERT-2026-0225","High Distinction","Attendee","Synthetix AI"
"Aaron Sullivan","aaron.sullivan@example.com","Next.js & React 19 Enterprise Patterns","AI Innovators Hackathon","March 15, 2026","CERT-2026-0226","Distinction","Participant","Starlight Ventures"
"Aaron Taylor","aaron.taylor@example.com","Autonomous Systems & Robotics","CloudCon Annual 2026","March 15, 2026","CERT-2026-0227","Honors","Winner - 1st Place","OmniCorp Research"
"Aaron Thomas","aaron.thomas@example.com","Applied Quantum Computing","CyberSec Expo 2026","March 15, 2026","CERT-2026-0228","Excellence","Runner Up","Aether Interactive"
"Aaron Torres","aaron.torres@example.com","Full Stack Web Development","DesignSprint 2026","March 15, 2026","CERT-2026-0229","Merit","Speaker","Acme Corporation"
"Aaron Turner","aaron.turner@example.com","Data Science & AI Bootcamp","DevOps Days 2026","March 15, 2026","CERT-2026-0230","High Distinction","Track Finalist","Nexus Labs"
"Aaron Vance","aaron.vance@example.com","Cloud Architecture Mastery","Web3 Builders Summit","March 15, 2026","CERT-2026-0231","Distinction","Honorary Fellow","Horizon Systems"
"Aaron Venkatesh","aaron.venkatesh@example.com","Cybersecurity Defense Essentials","FutureTech Leadership Forum","March 15, 2026","CERT-2026-0232","Honors","Attendee","Vanguard Security"
"Aaron Verma","aaron.verma@example.com","UI/UX Product Design Masterclass","Global Tech Summit 2026","March 15, 2026","CERT-2026-0233","Excellence","Participant","PixelCraft Studio"
"Aaron Walker","aaron.walker@example.com","Machine Learning Ops (MLOps)","AI Innovators Hackathon","March 15, 2026","CERT-2026-0234","Merit","Winner - 1st Place","Quantum Dynamics"
"Aaron Wang","aaron.wang@example.com","Modern DevOps & Kubernetes","CloudCon Annual 2026","March 15, 2026","CERT-2026-0235","High Distinction","Runner Up","NovaTech Global"
"Aaron Ward","aaron.ward@example.com","Blockchain & Smart Contracts","CyberSec Expo 2026","March 15, 2026","CERT-2026-0236","Distinction","Speaker","Apex Digital"
"Aaron Watson","aaron.watson@example.com","Distributed Systems Engineering","DesignSprint 2026","March 15, 2026","CERT-2026-0237","Honors","Track Finalist","Synthetix AI"
"Aaron White","aaron.white@example.com","Next.js & React 19 Enterprise Patterns","DevOps Days 2026","March 15, 2026","CERT-2026-0238","Excellence","Honorary Fellow","Starlight Ventures"
"Aaron Williams","aaron.williams@example.com","Autonomous Systems & Robotics","Web3 Builders Summit","March 15, 2026","CERT-2026-0239","Merit","Attendee","OmniCorp Research"
"Aaron Wilson","aaron.wilson@example.com","Applied Quantum Computing","FutureTech Leadership Forum","March 15, 2026","CERT-2026-0240","High Distinction","Participant","Aether Interactive"
"Aaron Wood","aaron.wood@example.com","Full Stack Web Development","Global Tech Summit 2026","March 15, 2026","CERT-2026-0241","Distinction","Winner - 1st Place","Acme Corporation"
"Aaron Wright","aaron.wright@example.com","Data Science & AI Bootcamp","AI Innovators Hackathon","March 15, 2026","CERT-2026-0242","Honors","Runner Up","Nexus Labs"
"Aaron Young","aaron.young@example.com","Cloud Architecture Mastery","CloudCon Annual 2026","March 15, 2026","CERT-2026-0243","Excellence","Speaker","Horizon Systems"
"Aaron Zhang","aaron.zhang@example.com","Cybersecurity Defense Essentials","CyberSec Expo 2026","March 15, 2026","CERT-2026-0244","Merit","Track Finalist","Vanguard Security"
"Abigail Adams","abigail.adams@example.com","UI/UX Product Design Masterclass","DesignSprint 2026","March 15, 2026","CERT-2026-0245","High Distinction","Honorary Fellow","PixelCraft Studio"
"Abigail Agarwal","abigail.agarwal@example.com","Machine Learning Ops (MLOps)","DevOps Days 2026","March 15, 2026","CERT-2026-0246","Distinction","Attendee","Quantum Dynamics"
"Abigail Alvarez","abigail.alvarez@example.com","Modern DevOps & Kubernetes","Web3 Builders Summit","March 15, 2026","CERT-2026-0247","Honors","Participant","NovaTech Global"
"Abigail Anderson","abigail.anderson@example.com","Blockchain & Smart Contracts","FutureTech Leadership Forum","March 15, 2026","CERT-2026-0248","Excellence","Winner - 1st Place","Apex Digital"
"Abigail Baker","abigail.baker@example.com","Distributed Systems Engineering","Global Tech Summit 2026","March 15, 2026","CERT-2026-0249","Merit","Runner Up","Synthetix AI"
"Abigail Banerjee","abigail.banerjee@example.com","Next.js & React 19 Enterprise Patterns","AI Innovators Hackathon","March 15, 2026","CERT-2026-0250","High Distinction","Speaker","Starlight Ventures"
"Abigail Barnes","abigail.barnes@example.com","Autonomous Systems & Robotics","CloudCon Annual 2026","March 15, 2026","CERT-2026-0251","Distinction","Track Finalist","OmniCorp Research"
"Abigail Bell","abigail.bell@example.com","Applied Quantum Computing","CyberSec Expo 2026","March 15, 2026","CERT-2026-0252","Honors","Honorary Fellow","Aether Interactive"
"Abigail Bennett","abigail.bennett@example.com","Full Stack Web Development","DesignSprint 2026","March 15, 2026","CERT-2026-0253","Excellence","Attendee","Acme Corporation"
"Abigail Bhatia","abigail.bhatia@example.com","Data Science & AI Bootcamp","DevOps Days 2026","March 15, 2026","CERT-2026-0254","Merit","Participant","Nexus Labs"
"Abigail Brooks","abigail.brooks@example.com","Cloud Architecture Mastery","Web3 Builders Summit","March 15, 2026","CERT-2026-0255","High Distinction","Winner - 1st Place","Horizon Systems"
"Abigail Brown","abigail.brown@example.com","Cybersecurity Defense Essentials","FutureTech Leadership Forum","March 15, 2026","CERT-2026-0256","Distinction","Runner Up","Vanguard Security"
"Abigail Campbell","abigail.campbell@example.com","UI/UX Product Design Masterclass","Global Tech Summit 2026","March 15, 2026","CERT-2026-0257","Honors","Speaker","PixelCraft Studio"
"Abigail Castillo","abigail.castillo@example.com","Machine Learning Ops (MLOps)","AI Innovators Hackathon","March 15, 2026","CERT-2026-0258","Excellence","Track Finalist","Quantum Dynamics"
"Abigail Chakraborty","abigail.chakraborty@example.com","Modern DevOps & Kubernetes","CloudCon Annual 2026","March 15, 2026","CERT-2026-0259","Merit","Honorary Fellow","NovaTech Global"
"Abigail Chen","abigail.chen@example.com","Blockchain & Smart Contracts","CyberSec Expo 2026","March 15, 2026","CERT-2026-0260","High Distinction","Attendee","Apex Digital"
"Abigail Clark","abigail.clark@example.com","Distributed Systems Engineering","DesignSprint 2026","March 15, 2026","CERT-2026-0261","Distinction","Participant","Synthetix AI"
"Abigail Coleman","abigail.coleman@example.com","Next.js & React 19 Enterprise Patterns","DevOps Days 2026","March 15, 2026","CERT-2026-0262","Honors","Winner - 1st Place","Starlight Ventures"
"Abigail Collins","abigail.collins@example.com","Autonomous Systems & Robotics","Web3 Builders Summit","March 15, 2026","CERT-2026-0263","Excellence","Runner Up","OmniCorp Research"
"Abigail Cooper","abigail.cooper@example.com","Applied Quantum Computing","FutureTech Leadership Forum","March 15, 2026","CERT-2026-0264","Merit","Speaker","Aether Interactive"
"Abigail Cox","abigail.cox@example.com","Full Stack Web Development","Global Tech Summit 2026","March 15, 2026","CERT-2026-0265","High Distinction","Track Finalist","Acme Corporation"
"Abigail Das","abigail.das@example.com","Data Science & AI Bootcamp","AI Innovators Hackathon","March 15, 2026","CERT-2026-0266","Distinction","Honorary Fellow","Nexus Labs"
"Abigail Davis","abigail.davis@example.com","Cloud Architecture Mastery","CloudCon Annual 2026","March 15, 2026","CERT-2026-0267","Honors","Attendee","Horizon Systems"
"Abigail Diaz","abigail.diaz@example.com","Cybersecurity Defense Essentials","CyberSec Expo 2026","March 15, 2026","CERT-2026-0268","Excellence","Participant","Vanguard Security"
"Abigail Edwards","abigail.edwards@example.com","UI/UX Product Design Masterclass","DesignSprint 2026","March 15, 2026","CERT-2026-0269","Merit","Winner - 1st Place","PixelCraft Studio"
"Abigail Evans","abigail.evans@example.com","Machine Learning Ops (MLOps)","DevOps Days 2026","March 15, 2026","CERT-2026-0270","High Distinction","Runner Up","Quantum Dynamics"
"Abigail Fernandez","abigail.fernandez@example.com","Modern DevOps & Kubernetes","Web3 Builders Summit","March 15, 2026","CERT-2026-0271","Distinction","Speaker","NovaTech Global"
"Abigail Flores","abigail.flores@example.com","Blockchain & Smart Contracts","FutureTech Leadership Forum","March 15, 2026","CERT-2026-0272","Honors","Track Finalist","Apex Digital"
"Abigail Foster","abigail.foster@example.com","Distributed Systems Engineering","Global Tech Summit 2026","March 15, 2026","CERT-2026-0273","Excellence","Honorary Fellow","Synthetix AI"
"Abigail Garcia","abigail.garcia@example.com","Next.js & React 19 Enterprise Patterns","AI Innovators Hackathon","March 15, 2026","CERT-2026-0274","Merit","Attendee","Starlight Ventures"
"Abigail Ghosh","abigail.ghosh@example.com","Autonomous Systems & Robotics","CloudCon Annual 2026","March 15, 2026","CERT-2026-0275","High Distinction","Participant","OmniCorp Research"
"Abigail Gomez","abigail.gomez@example.com","Applied Quantum Computing","CyberSec Expo 2026","March 15, 2026","CERT-2026-0276","Distinction","Winner - 1st Place","Aether Interactive"
"Abigail Gonzalez","abigail.gonzalez@example.com","Full Stack Web Development","DesignSprint 2026","March 15, 2026","CERT-2026-0277","Honors","Runner Up","Acme Corporation"
"Abigail Goswami","abigail.goswami@example.com","Data Science & AI Bootcamp","DevOps Days 2026","March 15, 2026","CERT-2026-0278","Excellence","Speaker","Nexus Labs"
"Abigail Gray","abigail.gray@example.com","Cloud Architecture Mastery","Web3 Builders Summit","March 15, 2026","CERT-2026-0279","Merit","Track Finalist","Horizon Systems"
"Abigail Green","abigail.green@example.com","Cybersecurity Defense Essentials","FutureTech Leadership Forum","March 15, 2026","CERT-2026-0280","High Distinction","Honorary Fellow","Vanguard Security"
"Abigail Gupta","abigail.gupta@example.com","UI/UX Product Design Masterclass","Global Tech Summit 2026","March 15, 2026","CERT-2026-0281","Distinction","Attendee","PixelCraft Studio"
"Abigail Hall","abigail.hall@example.com","Machine Learning Ops (MLOps)","AI Innovators Hackathon","March 15, 2026","CERT-2026-0282","Honors","Participant","Quantum Dynamics"
"Abigail Harris","abigail.harris@example.com","Modern DevOps & Kubernetes","CloudCon Annual 2026","March 15, 2026","CERT-2026-0283","Excellence","Winner - 1st Place","NovaTech Global"
"Abigail Hayes","abigail.hayes@example.com","Blockchain & Smart Contracts","CyberSec Expo 2026","March 15, 2026","CERT-2026-0284","Merit","Runner Up","Apex Digital"
"Abigail Henderson","abigail.henderson@example.com","Distributed Systems Engineering","DesignSprint 2026","March 15, 2026","CERT-2026-0285","High Distinction","Speaker","Synthetix AI"
"Abigail Hernandez","abigail.hernandez@example.com","Next.js & React 19 Enterprise Patterns","DevOps Days 2026","March 15, 2026","CERT-2026-0286","Distinction","Track Finalist","Starlight Ventures"
"Abigail Hill","abigail.hill@example.com","Autonomous Systems & Robotics","Web3 Builders Summit","March 15, 2026","CERT-2026-0287","Honors","Honorary Fellow","OmniCorp Research"
"Abigail Howard","abigail.howard@example.com","Applied Quantum Computing","FutureTech Leadership Forum","March 15, 2026","CERT-2026-0288","Excellence","Attendee","Aether Interactive"
"Abigail Hughes","abigail.hughes@example.com","Full Stack Web Development","Global Tech Summit 2026","March 15, 2026","CERT-2026-0289","Merit","Participant","Acme Corporation"
"Abigail Iyer","abigail.iyer@example.com","Data Science & AI Bootcamp","AI Innovators Hackathon","March 15, 2026","CERT-2026-0290","High Distinction","Winner - 1st Place","Nexus Labs"
"Abigail Jackson","abigail.jackson@example.com","Cloud Architecture Mastery","CloudCon Annual 2026","March 15, 2026","CERT-2026-0291","Distinction","Runner Up","Horizon Systems"
"Abigail James","abigail.james@example.com","Cybersecurity Defense Essentials","CyberSec Expo 2026","March 15, 2026","CERT-2026-0292","Honors","Speaker","Vanguard Security"
"Abigail Jenkins","abigail.jenkins@example.com","UI/UX Product Design Masterclass","DesignSprint 2026","March 15, 2026","CERT-2026-0293","Excellence","Track Finalist","PixelCraft Studio"
"Abigail Johnson","abigail.johnson@example.com","Machine Learning Ops (MLOps)","DevOps Days 2026","March 15, 2026","CERT-2026-0294","Merit","Honorary Fellow","Quantum Dynamics"
"Abigail Jones","abigail.jones@example.com","Modern DevOps & Kubernetes","Web3 Builders Summit","March 15, 2026","CERT-2026-0295","High Distinction","Attendee","NovaTech Global"
"Abigail Joshi","abigail.joshi@example.com","Blockchain & Smart Contracts","FutureTech Leadership Forum","March 15, 2026","CERT-2026-0296","Distinction","Participant","Apex Digital"
"Abigail Kapoor","abigail.kapoor@example.com","Distributed Systems Engineering","Global Tech Summit 2026","March 15, 2026","CERT-2026-0297","Honors","Winner - 1st Place","Synthetix AI"
"Abigail Kelly","abigail.kelly@example.com","Next.js & React 19 Enterprise Patterns","AI Innovators Hackathon","March 15, 2026","CERT-2026-0298","Excellence","Runner Up","Starlight Ventures"
"Abigail Kim","abigail.kim@example.com","Autonomous Systems & Robotics","CloudCon Annual 2026","March 15, 2026","CERT-2026-0299","Merit","Speaker","OmniCorp Research"
"Abigail King","abigail.king@example.com","Applied Quantum Computing","CyberSec Expo 2026","March 15, 2026","CERT-2026-0300","High Distinction","Track Finalist","Aether Interactive"
"Abigail Kulkarni","abigail.kulkarni@example.com","Full Stack Web Development","DesignSprint 2026","March 15, 2026","CERT-2026-0301","Distinction","Honorary Fellow","Acme Corporation"
"Abigail Kumar","abigail.kumar@example.com","Data Science & AI Bootcamp","DevOps Days 2026","March 15, 2026","CERT-2026-0302","Honors","Attendee","Nexus Labs"
"Abigail Lee","abigail.lee@example.com","Cloud Architecture Mastery","Web3 Builders Summit","March 15, 2026","CERT-2026-0303","Excellence","Participant","Horizon Systems"
"Abigail Lewis","abigail.lewis@example.com","Cybersecurity Defense Essentials","FutureTech Leadership Forum","March 15, 2026","CERT-2026-0304","Merit","Winner - 1st Place","Vanguard Security"
"Abigail Long","abigail.long@example.com","UI/UX Product Design Masterclass","Global Tech Summit 2026","March 15, 2026","CERT-2026-0305","High Distinction","Runner Up","PixelCraft Studio"
"Abigail Lopez","abigail.lopez@example.com","Machine Learning Ops (MLOps)","AI Innovators Hackathon","March 15, 2026","CERT-2026-0306","Distinction","Speaker","Quantum Dynamics"
"Abigail Martin","abigail.martin@example.com","Modern DevOps & Kubernetes","CloudCon Annual 2026","March 15, 2026","CERT-2026-0307","Honors","Track Finalist","NovaTech Global"
"Abigail Martinez","abigail.martinez@example.com","Blockchain & Smart Contracts","CyberSec Expo 2026","March 15, 2026","CERT-2026-0308","Excellence","Honorary Fellow","Apex Digital"
"Abigail Miller","abigail.miller@example.com","Distributed Systems Engineering","DesignSprint 2026","March 15, 2026","CERT-2026-0309","Merit","Attendee","Synthetix AI"
"Abigail Mitra","abigail.mitra@example.com","Next.js & React 19 Enterprise Patterns","DevOps Days 2026","March 15, 2026","CERT-2026-0310","High Distinction","Participant","Starlight Ventures"
"Abigail Moore","abigail.moore@example.com","Autonomous Systems & Robotics","Web3 Builders Summit","March 15, 2026","CERT-2026-0311","Distinction","Winner - 1st Place","OmniCorp Research"
"Abigail Morales","abigail.morales@example.com","Applied Quantum Computing","FutureTech Leadership Forum","March 15, 2026","CERT-2026-0312","Honors","Runner Up","Aether Interactive"
"Abigail Morgan","abigail.morgan@example.com","Full Stack Web Development","Global Tech Summit 2026","March 15, 2026","CERT-2026-0313","Excellence","Speaker","Acme Corporation"
"Abigail Mukherjee","abigail.mukherjee@example.com","Data Science & AI Bootcamp","AI Innovators Hackathon","March 15, 2026","CERT-2026-0314","Merit","Track Finalist","Nexus Labs"
"Abigail Murphy","abigail.murphy@example.com","Cloud Architecture Mastery","CloudCon Annual 2026","March 15, 2026","CERT-2026-0315","High Distinction","Honorary Fellow","Horizon Systems"
"Abigail Myers","abigail.myers@example.com","Cybersecurity Defense Essentials","CyberSec Expo 2026","March 15, 2026","CERT-2026-0316","Distinction","Attendee","Vanguard Security"
"Abigail Nair","abigail.nair@example.com","UI/UX Product Design Masterclass","DesignSprint 2026","March 15, 2026","CERT-2026-0317","Honors","Participant","PixelCraft Studio"
"Abigail Nelson","abigail.nelson@example.com","Machine Learning Ops (MLOps)","DevOps Days 2026","March 15, 2026","CERT-2026-0318","Excellence","Winner - 1st Place","Quantum Dynamics"
"Abigail Nguyen","abigail.nguyen@example.com","Modern DevOps & Kubernetes","Web3 Builders Summit","March 15, 2026","CERT-2026-0319","Merit","Runner Up","NovaTech Global"
"Abigail O'Connor","abigail.o.connor@example.com","Blockchain & Smart Contracts","FutureTech Leadership Forum","March 15, 2026","CERT-2026-0320","High Distinction","Speaker","Apex Digital"
"Abigail Okafor","abigail.okafor@example.com","Distributed Systems Engineering","Global Tech Summit 2026","March 15, 2026","CERT-2026-0321","Distinction","Track Finalist","Synthetix AI"
"Abigail Ortiz","abigail.ortiz@example.com","Next.js & React 19 Enterprise Patterns","AI Innovators Hackathon","March 15, 2026","CERT-2026-0322","Honors","Honorary Fellow","Starlight Ventures"
"Abigail Park","abigail.park@example.com","Autonomous Systems & Robotics","CloudCon Annual 2026","March 15, 2026","CERT-2026-0323","Excellence","Attendee","OmniCorp Research"
"Abigail Patel","abigail.patel@example.com","Applied Quantum Computing","CyberSec Expo 2026","March 15, 2026","CERT-2026-0324","Merit","Participant","Aether Interactive"
"Abigail Perez","abigail.perez@example.com","Full Stack Web Development","DesignSprint 2026","March 15, 2026","CERT-2026-0325","High Distinction","Winner - 1st Place","Acme Corporation"
"Abigail Peterson","abigail.peterson@example.com","Data Science & AI Bootcamp","DevOps Days 2026","March 15, 2026","CERT-2026-0326","Distinction","Runner Up","Nexus Labs"
"Abigail Phillips","abigail.phillips@example.com","Cloud Architecture Mastery","Web3 Builders Summit","March 15, 2026","CERT-2026-0327","Honors","Speaker","Horizon Systems"
"Abigail Powell","abigail.powell@example.com","Cybersecurity Defense Essentials","FutureTech Leadership Forum","March 15, 2026","CERT-2026-0328","Excellence","Track Finalist","Vanguard Security"
"Abigail Price","abigail.price@example.com","UI/UX Product Design Masterclass","Global Tech Summit 2026","March 15, 2026","CERT-2026-0329","Merit","Honorary Fellow","PixelCraft Studio"
"Abigail Ramachandran","abigail.ramachandran@example.com","Machine Learning Ops (MLOps)","AI Innovators Hackathon","March 15, 2026","CERT-2026-0330","High Distinction","Attendee","Quantum Dynamics"
"Abigail Ramirez","abigail.ramirez@example.com","Modern DevOps & Kubernetes","CloudCon Annual 2026","March 15, 2026","CERT-2026-0331","Distinction","Participant","NovaTech Global"
"Abigail Rao","abigail.rao@example.com","Blockchain & Smart Contracts","CyberSec Expo 2026","March 15, 2026","CERT-2026-0332","Honors","Winner - 1st Place","Apex Digital"
"Abigail Reed","abigail.reed@example.com","Distributed Systems Engineering","DesignSprint 2026","March 15, 2026","CERT-2026-0333","Excellence","Runner Up","Synthetix AI"
"Abigail Richardson","abigail.richardson@example.com","Next.js & React 19 Enterprise Patterns","DevOps Days 2026","March 15, 2026","CERT-2026-0334","Merit","Speaker","Starlight Ventures"
"Abigail Rivera","abigail.rivera@example.com","Autonomous Systems & Robotics","Web3 Builders Summit","March 15, 2026","CERT-2026-0335","High Distinction","Track Finalist","OmniCorp Research"
"Abigail Roberts","abigail.roberts@example.com","Applied Quantum Computing","FutureTech Leadership Forum","March 15, 2026","CERT-2026-0336","Distinction","Honorary Fellow","Aether Interactive"
"Abigail Rodriguez","abigail.rodriguez@example.com","Full Stack Web Development","Global Tech Summit 2026","March 15, 2026","CERT-2026-0337","Honors","Attendee","Acme Corporation"
"Abigail Ross","abigail.ross@example.com","Data Science & AI Bootcamp","AI Innovators Hackathon","March 15, 2026","CERT-2026-0338","Excellence","Participant","Nexus Labs"
"Abigail Roy","abigail.roy@example.com","Cloud Architecture Mastery","CloudCon Annual 2026","March 15, 2026","CERT-2026-0339","Merit","Winner - 1st Place","Horizon Systems"
"Abigail Russell","abigail.russell@example.com","Cybersecurity Defense Essentials","CyberSec Expo 2026","March 15, 2026","CERT-2026-0340","High Distinction","Runner Up","Vanguard Security"
"Abigail Sanchez","abigail.sanchez@example.com","UI/UX Product Design Masterclass","DesignSprint 2026","March 15, 2026","CERT-2026-0341","Distinction","Speaker","PixelCraft Studio"
"Abigail Sanders","abigail.sanders@example.com","Machine Learning Ops (MLOps)","DevOps Days 2026","March 15, 2026","CERT-2026-0342","Honors","Track Finalist","Quantum Dynamics"
"Abigail Sengupta","abigail.sengupta@example.com","Modern DevOps & Kubernetes","Web3 Builders Summit","March 15, 2026","CERT-2026-0343","Excellence","Honorary Fellow","NovaTech Global"
"Abigail Sharma","abigail.sharma@example.com","Blockchain & Smart Contracts","FutureTech Leadership Forum","March 15, 2026","CERT-2026-0344","Merit","Attendee","Apex Digital"
"Abigail Silva","abigail.silva@example.com","Distributed Systems Engineering","Global Tech Summit 2026","March 15, 2026","CERT-2026-0345","High Distinction","Participant","Synthetix AI"
"Abigail Smith","abigail.smith@example.com","Next.js & React 19 Enterprise Patterns","AI Innovators Hackathon","March 15, 2026","CERT-2026-0346","Distinction","Winner - 1st Place","Starlight Ventures"
"Abigail Stewart","abigail.stewart@example.com","Autonomous Systems & Robotics","CloudCon Annual 2026","March 15, 2026","CERT-2026-0347","Honors","Runner Up","OmniCorp Research"
"Abigail Sullivan","abigail.sullivan@example.com","Applied Quantum Computing","CyberSec Expo 2026","March 15, 2026","CERT-2026-0348","Excellence","Speaker","Aether Interactive"
"Abigail Taylor","abigail.taylor@example.com","Full Stack Web Development","DesignSprint 2026","March 15, 2026","CERT-2026-0349","Merit","Track Finalist","Acme Corporation"
"Abigail Thomas","abigail.thomas@example.com","Data Science & AI Bootcamp","DevOps Days 2026","March 15, 2026","CERT-2026-0350","High Distinction","Honorary Fellow","Nexus Labs"
"Abigail Torres","abigail.torres@example.com","Cloud Architecture Mastery","Web3 Builders Summit","March 15, 2026","CERT-2026-0351","Distinction","Attendee","Horizon Systems"
"Abigail Turner","abigail.turner@example.com","Cybersecurity Defense Essentials","FutureTech Leadership Forum","March 15, 2026","CERT-2026-0352","Honors","Participant","Vanguard Security"
"Abigail Vance","abigail.vance@example.com","UI/UX Product Design Masterclass","Global Tech Summit 2026","March 15, 2026","CERT-2026-0353","Excellence","Winner - 1st Place","PixelCraft Studio"
"Abigail Venkatesh","abigail.venkatesh@example.com","Machine Learning Ops (MLOps)","AI Innovators Hackathon","March 15, 2026","CERT-2026-0354","Merit","Runner Up","Quantum Dynamics"
"Abigail Verma","abigail.verma@example.com","Modern DevOps & Kubernetes","CloudCon Annual 2026","March 15, 2026","CERT-2026-0355","High Distinction","Speaker","NovaTech Global"
"Abigail Walker","abigail.walker@example.com","Blockchain & Smart Contracts","CyberSec Expo 2026","March 15, 2026","CERT-2026-0356","Distinction","Track Finalist","Apex Digital"
"Abigail Wang","abigail.wang@example.com","Distributed Systems Engineering","DesignSprint 2026","March 15, 2026","CERT-2026-0357","Honors","Honorary Fellow","Synthetix AI"
"Abigail Ward","abigail.ward@example.com","Next.js & React 19 Enterprise Patterns","DevOps Days 2026","March 15, 2026","CERT-2026-0358","Excellence","Attendee","Starlight Ventures"
"Abigail Watson","abigail.watson@example.com","Autonomous Systems & Robotics","Web3 Builders Summit","March 15, 2026","CERT-2026-0359","Merit","Participant","OmniCorp Research"
"Abigail White","abigail.white@example.com","Applied Quantum Computing","FutureTech Leadership Forum","March 15, 2026","CERT-2026-0360","High Distinction","Winner - 1st Place","Aether Interactive"
"Abigail Williams","abigail.williams@example.com","Full Stack Web Development","Global Tech Summit 2026","March 15, 2026","CERT-2026-0361","Distinction","Runner Up","Acme Corporation"
"Abigail Wilson","abigail.wilson@example.com","Data Science & AI Bootcamp","AI Innovators Hackathon","March 15, 2026","CERT-2026-0362","Honors","Speaker","Nexus Labs"
"Abigail Wood","abigail.wood@example.com","Cloud Architecture Mastery","CloudCon Annual 2026","March 15, 2026","CERT-2026-0363","Excellence","Track Finalist","Horizon Systems"
"Abigail Wright","abigail.wright@example.com","Cybersecurity Defense Essentials","CyberSec Expo 2026","March 15, 2026","CERT-2026-0364","Merit","Honorary Fellow","Vanguard Security"
"Abigail Young","abigail.young@example.com","UI/UX Product Design Masterclass","DesignSprint 2026","March 15, 2026","CERT-2026-0365","High Distinction","Attendee","PixelCraft Studio"
"Abigail Zhang","abigail.zhang@example.com","Machine Learning Ops (MLOps)","DevOps Days 2026","March 15, 2026","CERT-2026-0366","Distinction","Participant","Quantum Dynamics"
"Adam Adams","adam.adams@example.com","Modern DevOps & Kubernetes","Web3 Builders Summit","March 15, 2026","CERT-2026-0367","Honors","Winner - 1st Place","NovaTech Global"
"Adam Agarwal","adam.agarwal@example.com","Blockchain & Smart Contracts","FutureTech Leadership Forum","March 15, 2026","CERT-2026-0368","Excellence","Runner Up","Apex Digital"
"Adam Alvarez","adam.alvarez@example.com","Distributed Systems Engineering","Global Tech Summit 2026","March 15, 2026","CERT-2026-0369","Merit","Speaker","Synthetix AI"
"Adam Anderson","adam.anderson@example.com","Next.js & React 19 Enterprise Patterns","AI Innovators Hackathon","March 15, 2026","CERT-2026-0370","High Distinction","Track Finalist","Starlight Ventures"
"Adam Baker","adam.baker@example.com","Autonomous Systems & Robotics","CloudCon Annual 2026","March 15, 2026","CERT-2026-0371","Distinction","Honorary Fellow","OmniCorp Research"
"Adam Banerjee","adam.banerjee@example.com","Applied Quantum Computing","CyberSec Expo 2026","March 15, 2026","CERT-2026-0372","Honors","Attendee","Aether Interactive"
"Adam Barnes","adam.barnes@example.com","Full Stack Web Development","DesignSprint 2026","March 15, 2026","CERT-2026-0373","Excellence","Participant","Acme Corporation"
"Adam Bell","adam.bell@example.com","Data Science & AI Bootcamp","DevOps Days 2026","March 15, 2026","CERT-2026-0374","Merit","Winner - 1st Place","Nexus Labs"
"Adam Bennett","adam.bennett@example.com","Cloud Architecture Mastery","Web3 Builders Summit","March 15, 2026","CERT-2026-0375","High Distinction","Runner Up","Horizon Systems"
"Adam Bhatia","adam.bhatia@example.com","Cybersecurity Defense Essentials","FutureTech Leadership Forum","March 15, 2026","CERT-2026-0376","Distinction","Speaker","Vanguard Security"
"Adam Brooks","adam.brooks@example.com","UI/UX Product Design Masterclass","Global Tech Summit 2026","March 15, 2026","CERT-2026-0377","Honors","Track Finalist","PixelCraft Studio"
"Adam Brown","adam.brown@example.com","Machine Learning Ops (MLOps)","AI Innovators Hackathon","March 15, 2026","CERT-2026-0378","Excellence","Honorary Fellow","Quantum Dynamics"
"Adam Campbell","adam.campbell@example.com","Modern DevOps & Kubernetes","CloudCon Annual 2026","March 15, 2026","CERT-2026-0379","Merit","Attendee","NovaTech Global"
"Adam Castillo","adam.castillo@example.com","Blockchain & Smart Contracts","CyberSec Expo 2026","March 15, 2026","CERT-2026-0380","High Distinction","Participant","Apex Digital"
"Adam Chakraborty","adam.chakraborty@example.com","Distributed Systems Engineering","DesignSprint 2026","March 15, 2026","CERT-2026-0381","Distinction","Winner - 1st Place","Synthetix AI"
"Adam Chen","adam.chen@example.com","Next.js & React 19 Enterprise Patterns","DevOps Days 2026","March 15, 2026","CERT-2026-0382","Honors","Runner Up","Starlight Ventures"
"Adam Clark","adam.clark@example.com","Autonomous Systems & Robotics","Web3 Builders Summit","March 15, 2026","CERT-2026-0383","Excellence","Speaker","OmniCorp Research"
"Adam Coleman","adam.coleman@example.com","Applied Quantum Computing","FutureTech Leadership Forum","March 15, 2026","CERT-2026-0384","Merit","Track Finalist","Aether Interactive"
"Adam Collins","adam.collins@example.com","Full Stack Web Development","Global Tech Summit 2026","March 15, 2026","CERT-2026-0385","High Distinction","Honorary Fellow","Acme Corporation"
"Adam Cooper","adam.cooper@example.com","Data Science & AI Bootcamp","AI Innovators Hackathon","March 15, 2026","CERT-2026-0386","Distinction","Attendee","Nexus Labs"
"Adam Cox","adam.cox@example.com","Cloud Architecture Mastery","CloudCon Annual 2026","March 15, 2026","CERT-2026-0387","Honors","Participant","Horizon Systems"
"Adam Das","adam.das@example.com","Cybersecurity Defense Essentials","CyberSec Expo 2026","March 15, 2026","CERT-2026-0388","Excellence","Winner - 1st Place","Vanguard Security"
"Adam Davis","adam.davis@example.com","UI/UX Product Design Masterclass","DesignSprint 2026","March 15, 2026","CERT-2026-0389","Merit","Runner Up","PixelCraft Studio"
"Adam Diaz","adam.diaz@example.com","Machine Learning Ops (MLOps)","DevOps Days 2026","March 15, 2026","CERT-2026-0390","High Distinction","Speaker","Quantum Dynamics"
"Adam Edwards","adam.edwards@example.com","Modern DevOps & Kubernetes","Web3 Builders Summit","March 15, 2026","CERT-2026-0391","Distinction","Track Finalist","NovaTech Global"
"Adam Evans","adam.evans@example.com","Blockchain & Smart Contracts","FutureTech Leadership Forum","March 15, 2026","CERT-2026-0392","Honors","Honorary Fellow","Apex Digital"
"Adam Fernandez","adam.fernandez@example.com","Distributed Systems Engineering","Global Tech Summit 2026","March 15, 2026","CERT-2026-0393","Excellence","Attendee","Synthetix AI"
"Adam Flores","adam.flores@example.com","Next.js & React 19 Enterprise Patterns","AI Innovators Hackathon","March 15, 2026","CERT-2026-0394","Merit","Participant","Starlight Ventures"
"Adam Foster","adam.foster@example.com","Autonomous Systems & Robotics","CloudCon Annual 2026","March 15, 2026","CERT-2026-0395","High Distinction","Winner - 1st Place","OmniCorp Research"
"Adam Garcia","adam.garcia@example.com","Applied Quantum Computing","CyberSec Expo 2026","March 15, 2026","CERT-2026-0396","Distinction","Runner Up","Aether Interactive"
"Adam Ghosh","adam.ghosh@example.com","Full Stack Web Development","DesignSprint 2026","March 15, 2026","CERT-2026-0397","Honors","Speaker","Acme Corporation"
"Adam Gomez","adam.gomez@example.com","Data Science & AI Bootcamp","DevOps Days 2026","March 15, 2026","CERT-2026-0398","Excellence","Track Finalist","Nexus Labs"
"Adam Gonzalez","adam.gonzalez@example.com","Cloud Architecture Mastery","Web3 Builders Summit","March 15, 2026","CERT-2026-0399","Merit","Honorary Fellow","Horizon Systems"
"Adam Goswami","adam.goswami@example.com","Cybersecurity Defense Essentials","FutureTech Leadership Forum","March 15, 2026","CERT-2026-0400","High Distinction","Attendee","Vanguard Security"
"Adam Gray","adam.gray@example.com","UI/UX Product Design Masterclass","Global Tech Summit 2026","March 15, 2026","CERT-2026-0401","Distinction","Participant","PixelCraft Studio"
"Adam Green","adam.green@example.com","Machine Learning Ops (MLOps)","AI Innovators Hackathon","March 15, 2026","CERT-2026-0402","Honors","Winner - 1st Place","Quantum Dynamics"
"Adam Gupta","adam.gupta@example.com","Modern DevOps & Kubernetes","CloudCon Annual 2026","March 15, 2026","CERT-2026-0403","Excellence","Runner Up","NovaTech Global"
"Adam Hall","adam.hall@example.com","Blockchain & Smart Contracts","CyberSec Expo 2026","March 15, 2026","CERT-2026-0404","Merit","Speaker","Apex Digital"
"Adam Harris","adam.harris@example.com","Distributed Systems Engineering","DesignSprint 2026","March 15, 2026","CERT-2026-0405","High Distinction","Track Finalist","Synthetix AI"
"Adam Hayes","adam.hayes@example.com","Next.js & React 19 Enterprise Patterns","DevOps Days 2026","March 15, 2026","CERT-2026-0406","Distinction","Honorary Fellow","Starlight Ventures"
"Adam Henderson","adam.henderson@example.com","Autonomous Systems & Robotics","Web3 Builders Summit","March 15, 2026","CERT-2026-0407","Honors","Attendee","OmniCorp Research"
"Adam Hernandez","adam.hernandez@example.com","Applied Quantum Computing","FutureTech Leadership Forum","March 15, 2026","CERT-2026-0408","Excellence","Participant","Aether Interactive"
"Adam Hill","adam.hill@example.com","Full Stack Web Development","Global Tech Summit 2026","March 15, 2026","CERT-2026-0409","Merit","Winner - 1st Place","Acme Corporation"
"Adam Howard","adam.howard@example.com","Data Science & AI Bootcamp","AI Innovators Hackathon","March 15, 2026","CERT-2026-0410","High Distinction","Runner Up","Nexus Labs"
"Adam Hughes","adam.hughes@example.com","Cloud Architecture Mastery","CloudCon Annual 2026","March 15, 2026","CERT-2026-0411","Distinction","Speaker","Horizon Systems"
"Adam Iyer","adam.iyer@example.com","Cybersecurity Defense Essentials","CyberSec Expo 2026","March 15, 2026","CERT-2026-0412","Honors","Track Finalist","Vanguard Security"
"Adam Jackson","adam.jackson@example.com","UI/UX Product Design Masterclass","DesignSprint 2026","March 15, 2026","CERT-2026-0413","Excellence","Honorary Fellow","PixelCraft Studio"
"Adam James","adam.james@example.com","Machine Learning Ops (MLOps)","DevOps Days 2026","March 15, 2026","CERT-2026-0414","Merit","Attendee","Quantum Dynamics"
"Adam Jenkins","adam.jenkins@example.com","Modern DevOps & Kubernetes","Web3 Builders Summit","March 15, 2026","CERT-2026-0415","High Distinction","Participant","NovaTech Global"
"Adam Johnson","adam.johnson@example.com","Blockchain & Smart Contracts","FutureTech Leadership Forum","March 15, 2026","CERT-2026-0416","Distinction","Winner - 1st Place","Apex Digital"
"Adam Jones","adam.jones@example.com","Distributed Systems Engineering","Global Tech Summit 2026","March 15, 2026","CERT-2026-0417","Honors","Runner Up","Synthetix AI"
"Adam Joshi","adam.joshi@example.com","Next.js & React 19 Enterprise Patterns","AI Innovators Hackathon","March 15, 2026","CERT-2026-0418","Excellence","Speaker","Starlight Ventures"
"Adam Kapoor","adam.kapoor@example.com","Autonomous Systems & Robotics","CloudCon Annual 2026","March 15, 2026","CERT-2026-0419","Merit","Track Finalist","OmniCorp Research"
"Adam Kelly","adam.kelly@example.com","Applied Quantum Computing","CyberSec Expo 2026","March 15, 2026","CERT-2026-0420","High Distinction","Honorary Fellow","Aether Interactive"
"Adam Kim","adam.kim@example.com","Full Stack Web Development","DesignSprint 2026","March 15, 2026","CERT-2026-0421","Distinction","Attendee","Acme Corporation"
"Adam King","adam.king@example.com","Data Science & AI Bootcamp","DevOps Days 2026","March 15, 2026","CERT-2026-0422","Honors","Participant","Nexus Labs"
"Adam Kulkarni","adam.kulkarni@example.com","Cloud Architecture Mastery","Web3 Builders Summit","March 15, 2026","CERT-2026-0423","Excellence","Winner - 1st Place","Horizon Systems"
"Adam Kumar","adam.kumar@example.com","Cybersecurity Defense Essentials","FutureTech Leadership Forum","March 15, 2026","CERT-2026-0424","Merit","Runner Up","Vanguard Security"
"Adam Lee","adam.lee@example.com","UI/UX Product Design Masterclass","Global Tech Summit 2026","March 15, 2026","CERT-2026-0425","High Distinction","Speaker","PixelCraft Studio"
"Adam Lewis","adam.lewis@example.com","Machine Learning Ops (MLOps)","AI Innovators Hackathon","March 15, 2026","CERT-2026-0426","Distinction","Track Finalist","Quantum Dynamics"
"Adam Long","adam.long@example.com","Modern DevOps & Kubernetes","CloudCon Annual 2026","March 15, 2026","CERT-2026-0427","Honors","Honorary Fellow","NovaTech Global"
"Adam Lopez","adam.lopez@example.com","Blockchain & Smart Contracts","CyberSec Expo 2026","March 15, 2026","CERT-2026-0428","Excellence","Attendee","Apex Digital"
"Adam Martin","adam.martin@example.com","Distributed Systems Engineering","DesignSprint 2026","March 15, 2026","CERT-2026-0429","Merit","Participant","Synthetix AI"
"Adam Martinez","adam.martinez@example.com","Next.js & React 19 Enterprise Patterns","DevOps Days 2026","March 15, 2026","CERT-2026-0430","High Distinction","Winner - 1st Place","Starlight Ventures"
"Adam Miller","adam.miller@example.com","Autonomous Systems & Robotics","Web3 Builders Summit","March 15, 2026","CERT-2026-0431","Distinction","Runner Up","OmniCorp Research"
"Adam Mitra","adam.mitra@example.com","Applied Quantum Computing","FutureTech Leadership Forum","March 15, 2026","CERT-2026-0432","Honors","Speaker","Aether Interactive"
"Adam Moore","adam.moore@example.com","Full Stack Web Development","Global Tech Summit 2026","March 15, 2026","CERT-2026-0433","Excellence","Track Finalist","Acme Corporation"
"Adam Morales","adam.morales@example.com","Data Science & AI Bootcamp","AI Innovators Hackathon","March 15, 2026","CERT-2026-0434","Merit","Honorary Fellow","Nexus Labs"
"Adam Morgan","adam.morgan@example.com","Cloud Architecture Mastery","CloudCon Annual 2026","March 15, 2026","CERT-2026-0435","High Distinction","Attendee","Horizon Systems"
"Adam Mukherjee","adam.mukherjee@example.com","Cybersecurity Defense Essentials","CyberSec Expo 2026","March 15, 2026","CERT-2026-0436","Distinction","Participant","Vanguard Security"
"Adam Murphy","adam.murphy@example.com","UI/UX Product Design Masterclass","DesignSprint 2026","March 15, 2026","CERT-2026-0437","Honors","Winner - 1st Place","PixelCraft Studio"
"Adam Myers","adam.myers@example.com","Machine Learning Ops (MLOps)","DevOps Days 2026","March 15, 2026","CERT-2026-0438","Excellence","Runner Up","Quantum Dynamics"
"Adam Nair","adam.nair@example.com","Modern DevOps & Kubernetes","Web3 Builders Summit","March 15, 2026","CERT-2026-0439","Merit","Speaker","NovaTech Global"
"Adam Nelson","adam.nelson@example.com","Blockchain & Smart Contracts","FutureTech Leadership Forum","March 15, 2026","CERT-2026-0440","High Distinction","Track Finalist","Apex Digital"
"Adam Nguyen","adam.nguyen@example.com","Distributed Systems Engineering","Global Tech Summit 2026","March 15, 2026","CERT-2026-0441","Distinction","Honorary Fellow","Synthetix AI"
"Adam O'Connor","adam.o.connor@example.com","Next.js & React 19 Enterprise Patterns","AI Innovators Hackathon","March 15, 2026","CERT-2026-0442","Honors","Attendee","Starlight Ventures"
"Adam Okafor","adam.okafor@example.com","Autonomous Systems & Robotics","CloudCon Annual 2026","March 15, 2026","CERT-2026-0443","Excellence","Participant","OmniCorp Research"
"Adam Ortiz","adam.ortiz@example.com","Applied Quantum Computing","CyberSec Expo 2026","March 15, 2026","CERT-2026-0444","Merit","Winner - 1st Place","Aether Interactive"
"Adam Park","adam.park@example.com","Full Stack Web Development","DesignSprint 2026","March 15, 2026","CERT-2026-0445","High Distinction","Runner Up","Acme Corporation"
"Adam Patel","adam.patel@example.com","Data Science & AI Bootcamp","DevOps Days 2026","March 15, 2026","CERT-2026-0446","Distinction","Speaker","Nexus Labs"
"Adam Perez","adam.perez@example.com","Cloud Architecture Mastery","Web3 Builders Summit","March 15, 2026","CERT-2026-0447","Honors","Track Finalist","Horizon Systems"
"Adam Peterson","adam.peterson@example.com","Cybersecurity Defense Essentials","FutureTech Leadership Forum","March 15, 2026","CERT-2026-0448","Excellence","Honorary Fellow","Vanguard Security"
"Adam Phillips","adam.phillips@example.com","UI/UX Product Design Masterclass","Global Tech Summit 2026","March 15, 2026","CERT-2026-0449","Merit","Attendee","PixelCraft Studio"
"Adam Powell","adam.powell@example.com","Machine Learning Ops (MLOps)","AI Innovators Hackathon","March 15, 2026","CERT-2026-0450","High Distinction","Participant","Quantum Dynamics"
"Adam Price","adam.price@example.com","Modern DevOps & Kubernetes","CloudCon Annual 2026","March 15, 2026","CERT-2026-0451","Distinction","Winner - 1st Place","NovaTech Global"
"Adam Ramachandran","adam.ramachandran@example.com","Blockchain & Smart Contracts","CyberSec Expo 2026","March 15, 2026","CERT-2026-0452","Honors","Runner Up","Apex Digital"
"Adam Ramirez","adam.ramirez@example.com","Distributed Systems Engineering","DesignSprint 2026","March 15, 2026","CERT-2026-0453","Excellence","Speaker","Synthetix AI"
"Adam Rao","adam.rao@example.com","Next.js & React 19 Enterprise Patterns","DevOps Days 2026","March 15, 2026","CERT-2026-0454","Merit","Track Finalist","Starlight Ventures"
"Adam Reed","adam.reed@example.com","Autonomous Systems & Robotics","Web3 Builders Summit","March 15, 2026","CERT-2026-0455","High Distinction","Honorary Fellow","OmniCorp Research"
"Adam Richardson","adam.richardson@example.com","Applied Quantum Computing","FutureTech Leadership Forum","March 15, 2026","CERT-2026-0456","Distinction","Attendee","Aether Interactive"
"Adam Rivera","adam.rivera@example.com","Full Stack Web Development","Global Tech Summit 2026","March 15, 2026","CERT-2026-0457","Honors","Participant","Acme Corporation"
"Adam Roberts","adam.roberts@example.com","Data Science & AI Bootcamp","AI Innovators Hackathon","March 15, 2026","CERT-2026-0458","Excellence","Winner - 1st Place","Nexus Labs"
"Adam Rodriguez","adam.rodriguez@example.com","Cloud Architecture Mastery","CloudCon Annual 2026","March 15, 2026","CERT-2026-0459","Merit","Runner Up","Horizon Systems"
"Adam Ross","adam.ross@example.com","Cybersecurity Defense Essentials","CyberSec Expo 2026","March 15, 2026","CERT-2026-0460","High Distinction","Speaker","Vanguard Security"
"Adam Roy","adam.roy@example.com","UI/UX Product Design Masterclass","DesignSprint 2026","March 15, 2026","CERT-2026-0461","Distinction","Track Finalist","PixelCraft Studio"
"Adam Russell","adam.russell@example.com","Machine Learning Ops (MLOps)","DevOps Days 2026","March 15, 2026","CERT-2026-0462","Honors","Honorary Fellow","Quantum Dynamics"
"Adam Sanchez","adam.sanchez@example.com","Modern DevOps & Kubernetes","Web3 Builders Summit","March 15, 2026","CERT-2026-0463","Excellence","Attendee","NovaTech Global"
"Adam Sanders","adam.sanders@example.com","Blockchain & Smart Contracts","FutureTech Leadership Forum","March 15, 2026","CERT-2026-0464","Merit","Participant","Apex Digital"
"Adam Sengupta","adam.sengupta@example.com","Distributed Systems Engineering","Global Tech Summit 2026","March 15, 2026","CERT-2026-0465","High Distinction","Winner - 1st Place","Synthetix AI"
"Adam Sharma","adam.sharma@example.com","Next.js & React 19 Enterprise Patterns","AI Innovators Hackathon","March 15, 2026","CERT-2026-0466","Distinction","Runner Up","Starlight Ventures"
"Adam Silva","adam.silva@example.com","Autonomous Systems & Robotics","CloudCon Annual 2026","March 15, 2026","CERT-2026-0467","Honors","Speaker","OmniCorp Research"
"Adam Smith","adam.smith@example.com","Applied Quantum Computing","CyberSec Expo 2026","March 15, 2026","CERT-2026-0468","Excellence","Track Finalist","Aether Interactive"
"Adam Stewart","adam.stewart@example.com","Full Stack Web Development","DesignSprint 2026","March 15, 2026","CERT-2026-0469","Merit","Honorary Fellow","Acme Corporation"
"Adam Sullivan","adam.sullivan@example.com","Data Science & AI Bootcamp","DevOps Days 2026","March 15, 2026","CERT-2026-0470","High Distinction","Attendee","Nexus Labs"
"Adam Taylor","adam.taylor@example.com","Cloud Architecture Mastery","Web3 Builders Summit","March 15, 2026","CERT-2026-0471","Distinction","Participant","Horizon Systems"
"Adam Thomas","adam.thomas@example.com","Cybersecurity Defense Essentials","FutureTech Leadership Forum","March 15, 2026","CERT-2026-0472","Honors","Winner - 1st Place","Vanguard Security"
"Adam Torres","adam.torres@example.com","UI/UX Product Design Masterclass","Global Tech Summit 2026","March 15, 2026","CERT-2026-0473","Excellence","Runner Up","PixelCraft Studio"
"Adam Turner","adam.turner@example.com","Machine Learning Ops (MLOps)","AI Innovators Hackathon","March 15, 2026","CERT-2026-0474","Merit","Speaker","Quantum Dynamics"
"Adam Vance","adam.vance@example.com","Modern DevOps & Kubernetes","CloudCon Annual 2026","March 15, 2026","CERT-2026-0475","High Distinction","Track Finalist","NovaTech Global"
"Adam Venkatesh","adam.venkatesh@example.com","Blockchain & Smart Contracts","CyberSec Expo 2026","March 15, 2026","CERT-2026-0476","Distinction","Honorary Fellow","Apex Digital"
"Adam Verma","adam.verma@example.com","Distributed Systems Engineering","DesignSprint 2026","March 15, 2026","CERT-2026-0477","Honors","Attendee","Synthetix AI"
"Adam Walker","adam.walker@example.com","Next.js & React 19 Enterprise Patterns","DevOps Days 2026","March 15, 2026","CERT-2026-0478","Excellence","Participant","Starlight Ventures"
"Adam Wang","adam.wang@example.com","Autonomous Systems & Robotics","Web3 Builders Summit","March 15, 2026","CERT-2026-0479","Merit","Winner - 1st Place","OmniCorp Research"
"Adam Ward","adam.ward@example.com","Applied Quantum Computing","FutureTech Leadership Forum","March 15, 2026","CERT-2026-0480","High Distinction","Runner Up","Aether Interactive"
"Adam Watson","adam.watson@example.com","Full Stack Web Development","Global Tech Summit 2026","March 15, 2026","CERT-2026-0481","Distinction","Speaker","Acme Corporation"
"Adam White","adam.white@example.com","Data Science & AI Bootcamp","AI Innovators Hackathon","March 15, 2026","CERT-2026-0482","Honors","Track Finalist","Nexus Labs"
"Adam Williams","adam.williams@example.com","Cloud Architecture Mastery","CloudCon Annual 2026","March 15, 2026","CERT-2026-0483","Excellence","Honorary Fellow","Horizon Systems"
"Adam Wilson","adam.wilson@example.com","Cybersecurity Defense Essentials","CyberSec Expo 2026","March 15, 2026","CERT-2026-0484","Merit","Attendee","Vanguard Security"
"Adam Wood","adam.wood@example.com","UI/UX Product Design Masterclass","DesignSprint 2026","March 15, 2026","CERT-2026-0485","High Distinction","Participant","PixelCraft Studio"
"Adam Wright","adam.wright@example.com","Machine Learning Ops (MLOps)","DevOps Days 2026","March 15, 2026","CERT-2026-0486","Distinction","Winner - 1st Place","Quantum Dynamics"
"Adam Young","adam.young@example.com","Modern DevOps & Kubernetes","Web3 Builders Summit","March 15, 2026","CERT-2026-0487","Honors","Runner Up","NovaTech Global"
"Adam Zhang","adam.zhang@example.com","Blockchain & Smart Contracts","FutureTech Leadership Forum","March 15, 2026","CERT-2026-0488","Excellence","Speaker","Apex Digital"
"Aditi Adams","aditi.adams@example.com","Distributed Systems Engineering","Global Tech Summit 2026","March 15, 2026","CERT-2026-0489","Merit","Track Finalist","Synthetix AI"
"Aditi Agarwal","aditi.agarwal@example.com","Next.js & React 19 Enterprise Patterns","AI Innovators Hackathon","March 15, 2026","CERT-2026-0490","High Distinction","Honorary Fellow","Starlight Ventures"
"Aditi Alvarez","aditi.alvarez@example.com","Autonomous Systems & Robotics","CloudCon Annual 2026","March 15, 2026","CERT-2026-0491","Distinction","Attendee","OmniCorp Research"
"Aditi Anderson","aditi.anderson@example.com","Applied Quantum Computing","CyberSec Expo 2026","March 15, 2026","CERT-2026-0492","Honors","Participant","Aether Interactive"
"Aditi Baker","aditi.baker@example.com","Full Stack Web Development","DesignSprint 2026","March 15, 2026","CERT-2026-0493","Excellence","Winner - 1st Place","Acme Corporation"
"Aditi Banerjee","aditi.banerjee@example.com","Data Science & AI Bootcamp","DevOps Days 2026","March 15, 2026","CERT-2026-0494","Merit","Runner Up","Nexus Labs"
"Aditi Barnes","aditi.barnes@example.com","Cloud Architecture Mastery","Web3 Builders Summit","March 15, 2026","CERT-2026-0495","High Distinction","Speaker","Horizon Systems"
"Aditi Bell","aditi.bell@example.com","Cybersecurity Defense Essentials","FutureTech Leadership Forum","March 15, 2026","CERT-2026-0496","Distinction","Track Finalist","Vanguard Security"
"Aditi Bennett","aditi.bennett@example.com","UI/UX Product Design Masterclass","Global Tech Summit 2026","March 15, 2026","CERT-2026-0497","Honors","Honorary Fellow","PixelCraft Studio"
"Aditi Bhatia","aditi.bhatia@example.com","Machine Learning Ops (MLOps)","AI Innovators Hackathon","March 15, 2026","CERT-2026-0498","Excellence","Attendee","Quantum Dynamics"
"Aditi Brooks","aditi.brooks@example.com","Modern DevOps & Kubernetes","CloudCon Annual 2026","March 15, 2026","CERT-2026-0499","Merit","Participant","NovaTech Global"
"Aditi Brown","aditi.brown@example.com","Blockchain & Smart Contracts","CyberSec Expo 2026","March 15, 2026","CERT-2026-0500","High Distinction","Winner - 1st Place","Apex Digital"
"Aditi Campbell","aditi.campbell@example.com","Distributed Systems Engineering","DesignSprint 2026","March 15, 2026","CERT-2026-0501","Distinction","Runner Up","Synthetix AI"
"Aditi Castillo","aditi.castillo@example.com","Next.js & React 19 Enterprise Patterns","DevOps Days 2026","March 15, 2026","CERT-2026-0502","Honors","Speaker","Starlight Ventures"
"Aditi Chakraborty","aditi.chakraborty@example.com","Autonomous Systems & Robotics","Web3 Builders Summit","March 15, 2026","CERT-2026-0503","Excellence","Track Finalist","OmniCorp Research"
"Aditi Chen","aditi.chen@example.com","Applied Quantum Computing","FutureTech Leadership Forum","March 15, 2026","CERT-2026-0504","Merit","Honorary Fellow","Aether Interactive"
"Aditi Clark","aditi.clark@example.com","Full Stack Web Development","Global Tech Summit 2026","March 15, 2026","CERT-2026-0505","High Distinction","Attendee","Acme Corporation"
"Aditi Coleman","aditi.coleman@example.com","Data Science & AI Bootcamp","AI Innovators Hackathon","March 15, 2026","CERT-2026-0506","Distinction","Participant","Nexus Labs"
"Aditi Collins","aditi.collins@example.com","Cloud Architecture Mastery","CloudCon Annual 2026","March 15, 2026","CERT-2026-0507","Honors","Winner - 1st Place","Horizon Systems"
"Aditi Cooper","aditi.cooper@example.com","Cybersecurity Defense Essentials","CyberSec Expo 2026","March 15, 2026","CERT-2026-0508","Excellence","Runner Up","Vanguard Security"
"Aditi Cox","aditi.cox@example.com","UI/UX Product Design Masterclass","DesignSprint 2026","March 15, 2026","CERT-2026-0509","Merit","Speaker","PixelCraft Studio"
"Aditi Das","aditi.das@example.com","Machine Learning Ops (MLOps)","DevOps Days 2026","March 15, 2026","CERT-2026-0510","High Distinction","Track Finalist","Quantum Dynamics"
"Aditi Davis","aditi.davis@example.com","Modern DevOps & Kubernetes","Web3 Builders Summit","March 15, 2026","CERT-2026-0511","Distinction","Honorary Fellow","NovaTech Global"
"Aditi Diaz","aditi.diaz@example.com","Blockchain & Smart Contracts","FutureTech Leadership Forum","March 15, 2026","CERT-2026-0512","Honors","Attendee","Apex Digital"
"Aditi Edwards","aditi.edwards@example.com","Distributed Systems Engineering","Global Tech Summit 2026","March 15, 2026","CERT-2026-0513","Excellence","Participant","Synthetix AI"
"Aditi Evans","aditi.evans@example.com","Next.js & React 19 Enterprise Patterns","AI Innovators Hackathon","March 15, 2026","CERT-2026-0514","Merit","Winner - 1st Place","Starlight Ventures"
"Aditi Fernandez","aditi.fernandez@example.com","Autonomous Systems & Robotics","CloudCon Annual 2026","March 15, 2026","CERT-2026-0515","High Distinction","Runner Up","OmniCorp Research"
"Aditi Flores","aditi.flores@example.com","Applied Quantum Computing","CyberSec Expo 2026","March 15, 2026","CERT-2026-0516","Distinction","Speaker","Aether Interactive"
"Aditi Foster","aditi.foster@example.com","Full Stack Web Development","DesignSprint 2026","March 15, 2026","CERT-2026-0517","Honors","Track Finalist","Acme Corporation"
"Aditi Garcia","aditi.garcia@example.com","Data Science & AI Bootcamp","DevOps Days 2026","March 15, 2026","CERT-2026-0518","Excellence","Honorary Fellow","Nexus Labs"
"Aditi Ghosh","aditi.ghosh@example.com","Cloud Architecture Mastery","Web3 Builders Summit","March 15, 2026","CERT-2026-0519","Merit","Attendee","Horizon Systems"
"Aditi Gomez","aditi.gomez@example.com","Cybersecurity Defense Essentials","FutureTech Leadership Forum","March 15, 2026","CERT-2026-0520","High Distinction","Participant","Vanguard Security"
"Aditi Gonzalez","aditi.gonzalez@example.com","UI/UX Product Design Masterclass","Global Tech Summit 2026","March 15, 2026","CERT-2026-0521","Distinction","Winner - 1st Place","PixelCraft Studio"
"Aditi Goswami","aditi.goswami@example.com","Machine Learning Ops (MLOps)","AI Innovators Hackathon","March 15, 2026","CERT-2026-0522","Honors","Runner Up","Quantum Dynamics"
"Aditi Gray","aditi.gray@example.com","Modern DevOps & Kubernetes","CloudCon Annual 2026","March 15, 2026","CERT-2026-0523","Excellence","Speaker","NovaTech Global"
"Aditi Green","aditi.green@example.com","Blockchain & Smart Contracts","CyberSec Expo 2026","March 15, 2026","CERT-2026-0524","Merit","Track Finalist","Apex Digital"
"Aditi Gupta","aditi.gupta@example.com","Distributed Systems Engineering","DesignSprint 2026","March 15, 2026","CERT-2026-0525","High Distinction","Honorary Fellow","Synthetix AI"
"Aditi Hall","aditi.hall@example.com","Next.js & React 19 Enterprise Patterns","DevOps Days 2026","March 15, 2026","CERT-2026-0526","Distinction","Attendee","Starlight Ventures"
"Aditi Harris","aditi.harris@example.com","Autonomous Systems & Robotics","Web3 Builders Summit","March 15, 2026","CERT-2026-0527","Honors","Participant","OmniCorp Research"
"Aditi Hayes","aditi.hayes@example.com","Applied Quantum Computing","FutureTech Leadership Forum","March 15, 2026","CERT-2026-0528","Excellence","Winner - 1st Place","Aether Interactive"
"Aditi Henderson","aditi.henderson@example.com","Full Stack Web Development","Global Tech Summit 2026","March 15, 2026","CERT-2026-0529","Merit","Runner Up","Acme Corporation"
"Aditi Hernandez","aditi.hernandez@example.com","Data Science & AI Bootcamp","AI Innovators Hackathon","March 15, 2026","CERT-2026-0530","High Distinction","Speaker","Nexus Labs"
"Aditi Hill","aditi.hill@example.com","Cloud Architecture Mastery","CloudCon Annual 2026","March 15, 2026","CERT-2026-0531","Distinction","Track Finalist","Horizon Systems"
"Aditi Howard","aditi.howard@example.com","Cybersecurity Defense Essentials","CyberSec Expo 2026","March 15, 2026","CERT-2026-0532","Honors","Honorary Fellow","Vanguard Security"
"Aditi Hughes","aditi.hughes@example.com","UI/UX Product Design Masterclass","DesignSprint 2026","March 15, 2026","CERT-2026-0533","Excellence","Attendee","PixelCraft Studio"
"Aditi Iyer","aditi.iyer@example.com","Machine Learning Ops (MLOps)","DevOps Days 2026","March 15, 2026","CERT-2026-0534","Merit","Participant","Quantum Dynamics"
"Aditi Jackson","aditi.jackson@example.com","Modern DevOps & Kubernetes","Web3 Builders Summit","March 15, 2026","CERT-2026-0535","High Distinction","Winner - 1st Place","NovaTech Global"
"Aditi James","aditi.james@example.com","Blockchain & Smart Contracts","FutureTech Leadership Forum","March 15, 2026","CERT-2026-0536","Distinction","Runner Up","Apex Digital"
"Aditi Jenkins","aditi.jenkins@example.com","Distributed Systems Engineering","Global Tech Summit 2026","March 15, 2026","CERT-2026-0537","Honors","Speaker","Synthetix AI"
"Aditi Johnson","aditi.johnson@example.com","Next.js & React 19 Enterprise Patterns","AI Innovators Hackathon","March 15, 2026","CERT-2026-0538","Excellence","Track Finalist","Starlight Ventures"
"Aditi Jones","aditi.jones@example.com","Autonomous Systems & Robotics","CloudCon Annual 2026","March 15, 2026","CERT-2026-0539","Merit","Honorary Fellow","OmniCorp Research"
"Aditi Joshi","aditi.joshi@example.com","Applied Quantum Computing","CyberSec Expo 2026","March 15, 2026","CERT-2026-0540","High Distinction","Attendee","Aether Interactive"
"Aditi Kapoor","aditi.kapoor@example.com","Full Stack Web Development","DesignSprint 2026","March 15, 2026","CERT-2026-0541","Distinction","Participant","Acme Corporation"
"Aditi Kelly","aditi.kelly@example.com","Data Science & AI Bootcamp","DevOps Days 2026","March 15, 2026","CERT-2026-0542","Honors","Winner - 1st Place","Nexus Labs"
"Aditi Kim","aditi.kim@example.com","Cloud Architecture Mastery","Web3 Builders Summit","March 15, 2026","CERT-2026-0543","Excellence","Runner Up","Horizon Systems"
"Aditi King","aditi.king@example.com","Cybersecurity Defense Essentials","FutureTech Leadership Forum","March 15, 2026","CERT-2026-0544","Merit","Speaker","Vanguard Security"
"Aditi Kulkarni","aditi.kulkarni@example.com","UI/UX Product Design Masterclass","Global Tech Summit 2026","March 15, 2026","CERT-2026-0545","High Distinction","Track Finalist","PixelCraft Studio"
"Aditi Kumar","aditi.kumar@example.com","Machine Learning Ops (MLOps)","AI Innovators Hackathon","March 15, 2026","CERT-2026-0546","Distinction","Honorary Fellow","Quantum Dynamics"
"Aditi Lee","aditi.lee@example.com","Modern DevOps & Kubernetes","CloudCon Annual 2026","March 15, 2026","CERT-2026-0547","Honors","Attendee","NovaTech Global"
"Aditi Lewis","aditi.lewis@example.com","Blockchain & Smart Contracts","CyberSec Expo 2026","March 15, 2026","CERT-2026-0548","Excellence","Participant","Apex Digital"
"Aditi Long","aditi.long@example.com","Distributed Systems Engineering","DesignSprint 2026","March 15, 2026","CERT-2026-0549","Merit","Winner - 1st Place","Synthetix AI"
"Aditi Lopez","aditi.lopez@example.com","Next.js & React 19 Enterprise Patterns","DevOps Days 2026","March 15, 2026","CERT-2026-0550","High Distinction","Runner Up","Starlight Ventures"
"Aditi Martin","aditi.martin@example.com","Autonomous Systems & Robotics","Web3 Builders Summit","March 15, 2026","CERT-2026-0551","Distinction","Speaker","OmniCorp Research"
"Aditi Martinez","aditi.martinez@example.com","Applied Quantum Computing","FutureTech Leadership Forum","March 15, 2026","CERT-2026-0552","Honors","Track Finalist","Aether Interactive"
"Aditi Miller","aditi.miller@example.com","Full Stack Web Development","Global Tech Summit 2026","March 15, 2026","CERT-2026-0553","Excellence","Honorary Fellow","Acme Corporation"
"Aditi Mitra","aditi.mitra@example.com","Data Science & AI Bootcamp","AI Innovators Hackathon","March 15, 2026","CERT-2026-0554","Merit","Attendee","Nexus Labs"
"Aditi Moore","aditi.moore@example.com","Cloud Architecture Mastery","CloudCon Annual 2026","March 15, 2026","CERT-2026-0555","High Distinction","Participant","Horizon Systems"
"Aditi Morales","aditi.morales@example.com","Cybersecurity Defense Essentials","CyberSec Expo 2026","March 15, 2026","CERT-2026-0556","Distinction","Winner - 1st Place","Vanguard Security"
"Aditi Morgan","aditi.morgan@example.com","UI/UX Product Design Masterclass","DesignSprint 2026","March 15, 2026","CERT-2026-0557","Honors","Runner Up","PixelCraft Studio"
"Aditi Mukherjee","aditi.mukherjee@example.com","Machine Learning Ops (MLOps)","DevOps Days 2026","March 15, 2026","CERT-2026-0558","Excellence","Speaker","Quantum Dynamics"
"Aditi Murphy","aditi.murphy@example.com","Modern DevOps & Kubernetes","Web3 Builders Summit","March 15, 2026","CERT-2026-0559","Merit","Track Finalist","NovaTech Global"
"Aditi Myers","aditi.myers@example.com","Blockchain & Smart Contracts","FutureTech Leadership Forum","March 15, 2026","CERT-2026-0560","High Distinction","Honorary Fellow","Apex Digital"
"Aditi Nair","aditi.nair@example.com","Distributed Systems Engineering","Global Tech Summit 2026","March 15, 2026","CERT-2026-0561","Distinction","Attendee","Synthetix AI"
"Aditi Nelson","aditi.nelson@example.com","Next.js & React 19 Enterprise Patterns","AI Innovators Hackathon","March 15, 2026","CERT-2026-0562","Honors","Participant","Starlight Ventures"
"Aditi Nguyen","aditi.nguyen@example.com","Autonomous Systems & Robotics","CloudCon Annual 2026","March 15, 2026","CERT-2026-0563","Excellence","Winner - 1st Place","OmniCorp Research"
"Aditi O'Connor","aditi.o.connor@example.com","Applied Quantum Computing","CyberSec Expo 2026","March 15, 2026","CERT-2026-0564","Merit","Runner Up","Aether Interactive"
"Aditi Okafor","aditi.okafor@example.com","Full Stack Web Development","DesignSprint 2026","March 15, 2026","CERT-2026-0565","High Distinction","Speaker","Acme Corporation"
"Aditi Ortiz","aditi.ortiz@example.com","Data Science & AI Bootcamp","DevOps Days 2026","March 15, 2026","CERT-2026-0566","Distinction","Track Finalist","Nexus Labs"
"Aditi Park","aditi.park@example.com","Cloud Architecture Mastery","Web3 Builders Summit","March 15, 2026","CERT-2026-0567","Honors","Honorary Fellow","Horizon Systems"
"Aditi Patel","aditi.patel@example.com","Cybersecurity Defense Essentials","FutureTech Leadership Forum","March 15, 2026","CERT-2026-0568","Excellence","Attendee","Vanguard Security"
"Aditi Perez","aditi.perez@example.com","UI/UX Product Design Masterclass","Global Tech Summit 2026","March 15, 2026","CERT-2026-0569","Merit","Participant","PixelCraft Studio"
"Aditi Peterson","aditi.peterson@example.com","Machine Learning Ops (MLOps)","AI Innovators Hackathon","March 15, 2026","CERT-2026-0570","High Distinction","Winner - 1st Place","Quantum Dynamics"
"Aditi Phillips","aditi.phillips@example.com","Modern DevOps & Kubernetes","CloudCon Annual 2026","March 15, 2026","CERT-2026-0571","Distinction","Runner Up","NovaTech Global"
"Aditi Powell","aditi.powell@example.com","Blockchain & Smart Contracts","CyberSec Expo 2026","March 15, 2026","CERT-2026-0572","Honors","Speaker","Apex Digital"
"Aditi Price","aditi.price@example.com","Distributed Systems Engineering","DesignSprint 2026","March 15, 2026","CERT-2026-0573","Excellence","Track Finalist","Synthetix AI"
"Aditi Ramachandran","aditi.ramachandran@example.com","Next.js & React 19 Enterprise Patterns","DevOps Days 2026","March 15, 2026","CERT-2026-0574","Merit","Honorary Fellow","Starlight Ventures"
"Aditi Ramirez","aditi.ramirez@example.com","Autonomous Systems & Robotics","Web3 Builders Summit","March 15, 2026","CERT-2026-0575","High Distinction","Attendee","OmniCorp Research"
"Aditi Rao","aditi.rao@example.com","Applied Quantum Computing","FutureTech Leadership Forum","March 15, 2026","CERT-2026-0576","Distinction","Participant","Aether Interactive"
"Aditi Reed","aditi.reed@example.com","Full Stack Web Development","Global Tech Summit 2026","March 15, 2026","CERT-2026-0577","Honors","Winner - 1st Place","Acme Corporation"
"Aditi Richardson","aditi.richardson@example.com","Data Science & AI Bootcamp","AI Innovators Hackathon","March 15, 2026","CERT-2026-0578","Excellence","Runner Up","Nexus Labs"
"Aditi Rivera","aditi.rivera@example.com","Cloud Architecture Mastery","CloudCon Annual 2026","March 15, 2026","CERT-2026-0579","Merit","Speaker","Horizon Systems"
"Aditi Roberts","aditi.roberts@example.com","Cybersecurity Defense Essentials","CyberSec Expo 2026","March 15, 2026","CERT-2026-0580","High Distinction","Track Finalist","Vanguard Security"
"Aditi Rodriguez","aditi.rodriguez@example.com","UI/UX Product Design Masterclass","DesignSprint 2026","March 15, 2026","CERT-2026-0581","Distinction","Honorary Fellow","PixelCraft Studio"
"Aditi Ross","aditi.ross@example.com","Machine Learning Ops (MLOps)","DevOps Days 2026","March 15, 2026","CERT-2026-0582","Honors","Attendee","Quantum Dynamics"
"Aditi Roy","aditi.roy@example.com","Modern DevOps & Kubernetes","Web3 Builders Summit","March 15, 2026","CERT-2026-0583","Excellence","Participant","NovaTech Global"
"Aditi Russell","aditi.russell@example.com","Blockchain & Smart Contracts","FutureTech Leadership Forum","March 15, 2026","CERT-2026-0584","Merit","Winner - 1st Place","Apex Digital"
"Aditi Sanchez","aditi.sanchez@example.com","Distributed Systems Engineering","Global Tech Summit 2026","March 15, 2026","CERT-2026-0585","High Distinction","Runner Up","Synthetix AI"
"Aditi Sanders","aditi.sanders@example.com","Next.js & React 19 Enterprise Patterns","AI Innovators Hackathon","March 15, 2026","CERT-2026-0586","Distinction","Speaker","Starlight Ventures"
"Aditi Sengupta","aditi.sengupta@example.com","Autonomous Systems & Robotics","CloudCon Annual 2026","March 15, 2026","CERT-2026-0587","Honors","Track Finalist","OmniCorp Research"
"Aditi Sharma","aditi.sharma@example.com","Applied Quantum Computing","CyberSec Expo 2026","March 15, 2026","CERT-2026-0588","Excellence","Honorary Fellow","Aether Interactive"
"Aditi Silva","aditi.silva@example.com","Full Stack Web Development","DesignSprint 2026","March 15, 2026","CERT-2026-0589","Merit","Attendee","Acme Corporation"
"Aditi Smith","aditi.smith@example.com","Data Science & AI Bootcamp","DevOps Days 2026","March 15, 2026","CERT-2026-0590","High Distinction","Participant","Nexus Labs"
"Aditi Stewart","aditi.stewart@example.com","Cloud Architecture Mastery","Web3 Builders Summit","March 15, 2026","CERT-2026-0591","Distinction","Winner - 1st Place","Horizon Systems"
"Aditi Sullivan","aditi.sullivan@example.com","Cybersecurity Defense Essentials","FutureTech Leadership Forum","March 15, 2026","CERT-2026-0592","Honors","Runner Up","Vanguard Security"
"Aditi Taylor","aditi.taylor@example.com","UI/UX Product Design Masterclass","Global Tech Summit 2026","March 15, 2026","CERT-2026-0593","Excellence","Speaker","PixelCraft Studio"
"Aditi Thomas","aditi.thomas@example.com","Machine Learning Ops (MLOps)","AI Innovators Hackathon","March 15, 2026","CERT-2026-0594","Merit","Track Finalist","Quantum Dynamics"
"Aditi Torres","aditi.torres@example.com","Modern DevOps & Kubernetes","CloudCon Annual 2026","March 15, 2026","CERT-2026-0595","High Distinction","Honorary Fellow","NovaTech Global"
"Aditi Turner","aditi.turner@example.com","Blockchain & Smart Contracts","CyberSec Expo 2026","March 15, 2026","CERT-2026-0596","Distinction","Attendee","Apex Digital"
"Aditi Vance","aditi.vance@example.com","Distributed Systems Engineering","DesignSprint 2026","March 15, 2026","CERT-2026-0597","Honors","Participant","Synthetix AI"
"Aditi Venkatesh","aditi.venkatesh@example.com","Next.js & React 19 Enterprise Patterns","DevOps Days 2026","March 15, 2026","CERT-2026-0598","Excellence","Winner - 1st Place","Starlight Ventures"
"Aditi Verma","aditi.verma@example.com","Autonomous Systems & Robotics","Web3 Builders Summit","March 15, 2026","CERT-2026-0599","Merit","Runner Up","OmniCorp Research"
"Aditi Walker","aditi.walker@example.com","Applied Quantum Computing","FutureTech Leadership Forum","March 15, 2026","CERT-2026-0600","High Distinction","Speaker","Aether Interactive"
"Aditi Wang","aditi.wang@example.com","Full Stack Web Development","Global Tech Summit 2026","March 15, 2026","CERT-2026-0601","Distinction","Track Finalist","Acme Corporation"
"Aditi Ward","aditi.ward@example.com","Data Science & AI Bootcamp","AI Innovators Hackathon","March 15, 2026","CERT-2026-0602","Honors","Honorary Fellow","Nexus Labs"
"Aditi Watson","aditi.watson@example.com","Cloud Architecture Mastery","CloudCon Annual 2026","March 15, 2026","CERT-2026-0603","Excellence","Attendee","Horizon Systems"
"Aditi White","aditi.white@example.com","Cybersecurity Defense Essentials","CyberSec Expo 2026","March 15, 2026","CERT-2026-0604","Merit","Participant","Vanguard Security"
"Aditi Williams","aditi.williams@example.com","UI/UX Product Design Masterclass","DesignSprint 2026","March 15, 2026","CERT-2026-0605","High Distinction","Winner - 1st Place","PixelCraft Studio"
"Aditi Wilson","aditi.wilson@example.com","Machine Learning Ops (MLOps)","DevOps Days 2026","March 15, 2026","CERT-2026-0606","Distinction","Runner Up","Quantum Dynamics"
"Aditi Wood","aditi.wood@example.com","Modern DevOps & Kubernetes","Web3 Builders Summit","March 15, 2026","CERT-2026-0607","Honors","Speaker","NovaTech Global"
"Aditi Wright","aditi.wright@example.com","Blockchain & Smart Contracts","FutureTech Leadership Forum","March 15, 2026","CERT-2026-0608","Excellence","Track Finalist","Apex Digital"
"Aditi Young","aditi.young@example.com","Distributed Systems Engineering","Global Tech Summit 2026","March 15, 2026","CERT-2026-0609","Merit","Honorary Fellow","Synthetix AI"
"Aditi Zhang","aditi.zhang@example.com","Next.js & React 19 Enterprise Patterns","AI Innovators Hackathon","March 15, 2026","CERT-2026-0610","High Distinction","Attendee","Starlight Ventures"
"Adrian Adams","adrian.adams@example.com","Autonomous Systems & Robotics","CloudCon Annual 2026","March 15, 2026","CERT-2026-0611","Distinction","Participant","OmniCorp Research"
"Adrian Agarwal","adrian.agarwal@example.com","Applied Quantum Computing","CyberSec Expo 2026","March 15, 2026","CERT-2026-0612","Honors","Winner - 1st Place","Aether Interactive"
"Adrian Alvarez","adrian.alvarez@example.com","Full Stack Web Development","DesignSprint 2026","March 15, 2026","CERT-2026-0613","Excellence","Runner Up","Acme Corporation"
"Adrian Anderson","adrian.anderson@example.com","Data Science & AI Bootcamp","DevOps Days 2026","March 15, 2026","CERT-2026-0614","Merit","Speaker","Nexus Labs"
"Adrian Baker","adrian.baker@example.com","Cloud Architecture Mastery","Web3 Builders Summit","March 15, 2026","CERT-2026-0615","High Distinction","Track Finalist","Horizon Systems"
"Adrian Banerjee","adrian.banerjee@example.com","Cybersecurity Defense Essentials","FutureTech Leadership Forum","March 15, 2026","CERT-2026-0616","Distinction","Honorary Fellow","Vanguard Security"
"Adrian Barnes","adrian.barnes@example.com","UI/UX Product Design Masterclass","Global Tech Summit 2026","March 15, 2026","CERT-2026-0617","Honors","Attendee","PixelCraft Studio"
"Adrian Bell","adrian.bell@example.com","Machine Learning Ops (MLOps)","AI Innovators Hackathon","March 15, 2026","CERT-2026-0618","Excellence","Participant","Quantum Dynamics"
"Adrian Bennett","adrian.bennett@example.com","Modern DevOps & Kubernetes","CloudCon Annual 2026","March 15, 2026","CERT-2026-0619","Merit","Winner - 1st Place","NovaTech Global"
"Adrian Bhatia","adrian.bhatia@example.com","Blockchain & Smart Contracts","CyberSec Expo 2026","March 15, 2026","CERT-2026-0620","High Distinction","Runner Up","Apex Digital"
"Adrian Brooks","adrian.brooks@example.com","Distributed Systems Engineering","DesignSprint 2026","March 15, 2026","CERT-2026-0621","Distinction","Speaker","Synthetix AI"
"Adrian Brown","adrian.brown@example.com","Next.js & React 19 Enterprise Patterns","DevOps Days 2026","March 15, 2026","CERT-2026-0622","Honors","Track Finalist","Starlight Ventures"
"Adrian Campbell","adrian.campbell@example.com","Autonomous Systems & Robotics","Web3 Builders Summit","March 15, 2026","CERT-2026-0623","Excellence","Honorary Fellow","OmniCorp Research"
"Adrian Castillo","adrian.castillo@example.com","Applied Quantum Computing","FutureTech Leadership Forum","March 15, 2026","CERT-2026-0624","Merit","Attendee","Aether Interactive"
"Adrian Chakraborty","adrian.chakraborty@example.com","Full Stack Web Development","Global Tech Summit 2026","March 15, 2026","CERT-2026-0625","High Distinction","Participant","Acme Corporation"
"Adrian Chen","adrian.chen@example.com","Data Science & AI Bootcamp","AI Innovators Hackathon","March 15, 2026","CERT-2026-0626","Distinction","Winner - 1st Place","Nexus Labs"
"Adrian Clark","adrian.clark@example.com","Cloud Architecture Mastery","CloudCon Annual 2026","March 15, 2026","CERT-2026-0627","Honors","Runner Up","Horizon Systems"
"Adrian Coleman","adrian.coleman@example.com","Cybersecurity Defense Essentials","CyberSec Expo 2026","March 15, 2026","CERT-2026-0628","Excellence","Speaker","Vanguard Security"
"Adrian Collins","adrian.collins@example.com","UI/UX Product Design Masterclass","DesignSprint 2026","March 15, 2026","CERT-2026-0629","Merit","Track Finalist","PixelCraft Studio"
"Adrian Cooper","adrian.cooper@example.com","Machine Learning Ops (MLOps)","DevOps Days 2026","March 15, 2026","CERT-2026-0630","High Distinction","Honorary Fellow","Quantum Dynamics"
"Adrian Cox","adrian.cox@example.com","Modern DevOps & Kubernetes","Web3 Builders Summit","March 15, 2026","CERT-2026-0631","Distinction","Attendee","NovaTech Global"
"Adrian Das","adrian.das@example.com","Blockchain & Smart Contracts","FutureTech Leadership Forum","March 15, 2026","CERT-2026-0632","Honors","Participant","Apex Digital"
"Adrian Davis","adrian.davis@example.com","Distributed Systems Engineering","Global Tech Summit 2026","March 15, 2026","CERT-2026-0633","Excellence","Winner - 1st Place","Synthetix AI"
"Adrian Diaz","adrian.diaz@example.com","Next.js & React 19 Enterprise Patterns","AI Innovators Hackathon","March 15, 2026","CERT-2026-0634","Merit","Runner Up","Starlight Ventures"
"Adrian Edwards","adrian.edwards@example.com","Autonomous Systems & Robotics","CloudCon Annual 2026","March 15, 2026","CERT-2026-0635","High Distinction","Speaker","OmniCorp Research"
"Adrian Evans","adrian.evans@example.com","Applied Quantum Computing","CyberSec Expo 2026","March 15, 2026","CERT-2026-0636","Distinction","Track Finalist","Aether Interactive"
"Adrian Fernandez","adrian.fernandez@example.com","Full Stack Web Development","DesignSprint 2026","March 15, 2026","CERT-2026-0637","Honors","Honorary Fellow","Acme Corporation"
"Adrian Flores","adrian.flores@example.com","Data Science & AI Bootcamp","DevOps Days 2026","March 15, 2026","CERT-2026-0638","Excellence","Attendee","Nexus Labs"
"Adrian Foster","adrian.foster@example.com","Cloud Architecture Mastery","Web3 Builders Summit","March 15, 2026","CERT-2026-0639","Merit","Participant","Horizon Systems"
"Adrian Garcia","adrian.garcia@example.com","Cybersecurity Defense Essentials","FutureTech Leadership Forum","March 15, 2026","CERT-2026-0640","High Distinction","Winner - 1st Place","Vanguard Security"
"Adrian Ghosh","adrian.ghosh@example.com","UI/UX Product Design Masterclass","Global Tech Summit 2026","March 15, 2026","CERT-2026-0641","Distinction","Runner Up","PixelCraft Studio"
"Adrian Gomez","adrian.gomez@example.com","Machine Learning Ops (MLOps)","AI Innovators Hackathon","March 15, 2026","CERT-2026-0642","Honors","Speaker","Quantum Dynamics"
"Adrian Gonzalez","adrian.gonzalez@example.com","Modern DevOps & Kubernetes","CloudCon Annual 2026","March 15, 2026","CERT-2026-0643","Excellence","Track Finalist","NovaTech Global"
"Adrian Goswami","adrian.goswami@example.com","Blockchain & Smart Contracts","CyberSec Expo 2026","March 15, 2026","CERT-2026-0644","Merit","Honorary Fellow","Apex Digital"
"Adrian Gray","adrian.gray@example.com","Distributed Systems Engineering","DesignSprint 2026","March 15, 2026","CERT-2026-0645","High Distinction","Attendee","Synthetix AI"
"Adrian Green","adrian.green@example.com","Next.js & React 19 Enterprise Patterns","DevOps Days 2026","March 15, 2026","CERT-2026-0646","Distinction","Participant","Starlight Ventures"
"Adrian Gupta","adrian.gupta@example.com","Autonomous Systems & Robotics","Web3 Builders Summit","March 15, 2026","CERT-2026-0647","Honors","Winner - 1st Place","OmniCorp Research"
"Adrian Hall","adrian.hall@example.com","Applied Quantum Computing","FutureTech Leadership Forum","March 15, 2026","CERT-2026-0648","Excellence","Runner Up","Aether Interactive"
"Adrian Harris","adrian.harris@example.com","Full Stack Web Development","Global Tech Summit 2026","March 15, 2026","CERT-2026-0649","Merit","Speaker","Acme Corporation"
"Adrian Hayes","adrian.hayes@example.com","Data Science & AI Bootcamp","AI Innovators Hackathon","March 15, 2026","CERT-2026-0650","High Distinction","Track Finalist","Nexus Labs"
"Adrian Henderson","adrian.henderson@example.com","Cloud Architecture Mastery","CloudCon Annual 2026","March 15, 2026","CERT-2026-0651","Distinction","Honorary Fellow","Horizon Systems"
"Adrian Hernandez","adrian.hernandez@example.com","Cybersecurity Defense Essentials","CyberSec Expo 2026","March 15, 2026","CERT-2026-0652","Honors","Attendee","Vanguard Security"
"Adrian Hill","adrian.hill@example.com","UI/UX Product Design Masterclass","DesignSprint 2026","March 15, 2026","CERT-2026-0653","Excellence","Participant","PixelCraft Studio"
"Adrian Howard","adrian.howard@example.com","Machine Learning Ops (MLOps)","DevOps Days 2026","March 15, 2026","CERT-2026-0654","Merit","Winner - 1st Place","Quantum Dynamics"
"Adrian Hughes","adrian.hughes@example.com","Modern DevOps & Kubernetes","Web3 Builders Summit","March 15, 2026","CERT-2026-0655","High Distinction","Runner Up","NovaTech Global"
"Adrian Iyer","adrian.iyer@example.com","Blockchain & Smart Contracts","FutureTech Leadership Forum","March 15, 2026","CERT-2026-0656","Distinction","Speaker","Apex Digital"
"Adrian Jackson","adrian.jackson@example.com","Distributed Systems Engineering","Global Tech Summit 2026","March 15, 2026","CERT-2026-0657","Honors","Track Finalist","Synthetix AI"
"Adrian James","adrian.james@example.com","Next.js & React 19 Enterprise Patterns","AI Innovators Hackathon","March 15, 2026","CERT-2026-0658","Excellence","Honorary Fellow","Starlight Ventures"
"Adrian Jenkins","adrian.jenkins@example.com","Autonomous Systems & Robotics","CloudCon Annual 2026","March 15, 2026","CERT-2026-0659","Merit","Attendee","OmniCorp Research"
"Adrian Johnson","adrian.johnson@example.com","Applied Quantum Computing","CyberSec Expo 2026","March 15, 2026","CERT-2026-0660","High Distinction","Participant","Aether Interactive"
"Adrian Jones","adrian.jones@example.com","Full Stack Web Development","DesignSprint 2026","March 15, 2026","CERT-2026-0661","Distinction","Winner - 1st Place","Acme Corporation"
"Adrian Joshi","adrian.joshi@example.com","Data Science & AI Bootcamp","DevOps Days 2026","March 15, 2026","CERT-2026-0662","Honors","Runner Up","Nexus Labs"
"Adrian Kapoor","adrian.kapoor@example.com","Cloud Architecture Mastery","Web3 Builders Summit","March 15, 2026","CERT-2026-0663","Excellence","Speaker","Horizon Systems"
"Adrian Kelly","adrian.kelly@example.com","Cybersecurity Defense Essentials","FutureTech Leadership Forum","March 15, 2026","CERT-2026-0664","Merit","Track Finalist","Vanguard Security"
"Adrian Kim","adrian.kim@example.com","UI/UX Product Design Masterclass","Global Tech Summit 2026","March 15, 2026","CERT-2026-0665","High Distinction","Honorary Fellow","PixelCraft Studio"
"Adrian King","adrian.king@example.com","Machine Learning Ops (MLOps)","AI Innovators Hackathon","March 15, 2026","CERT-2026-0666","Distinction","Attendee","Quantum Dynamics"
"Adrian Kulkarni","adrian.kulkarni@example.com","Modern DevOps & Kubernetes","CloudCon Annual 2026","March 15, 2026","CERT-2026-0667","Honors","Participant","NovaTech Global"
"Adrian Kumar","adrian.kumar@example.com","Blockchain & Smart Contracts","CyberSec Expo 2026","March 15, 2026","CERT-2026-0668","Excellence","Winner - 1st Place","Apex Digital"
"Adrian Lee","adrian.lee@example.com","Distributed Systems Engineering","DesignSprint 2026","March 15, 2026","CERT-2026-0669","Merit","Runner Up","Synthetix AI"
"Adrian Lewis","adrian.lewis@example.com","Next.js & React 19 Enterprise Patterns","DevOps Days 2026","March 15, 2026","CERT-2026-0670","High Distinction","Speaker","Starlight Ventures"
"Adrian Long","adrian.long@example.com","Autonomous Systems & Robotics","Web3 Builders Summit","March 15, 2026","CERT-2026-0671","Distinction","Track Finalist","OmniCorp Research"
"Adrian Lopez","adrian.lopez@example.com","Applied Quantum Computing","FutureTech Leadership Forum","March 15, 2026","CERT-2026-0672","Honors","Honorary Fellow","Aether Interactive"
"Adrian Martin","adrian.martin@example.com","Full Stack Web Development","Global Tech Summit 2026","March 15, 2026","CERT-2026-0673","Excellence","Attendee","Acme Corporation"
"Adrian Martinez","adrian.martinez@example.com","Data Science & AI Bootcamp","AI Innovators Hackathon","March 15, 2026","CERT-2026-0674","Merit","Participant","Nexus Labs"
"Adrian Miller","adrian.miller@example.com","Cloud Architecture Mastery","CloudCon Annual 2026","March 15, 2026","CERT-2026-0675","High Distinction","Winner - 1st Place","Horizon Systems"
"Adrian Mitra","adrian.mitra@example.com","Cybersecurity Defense Essentials","CyberSec Expo 2026","March 15, 2026","CERT-2026-0676","Distinction","Runner Up","Vanguard Security"
"Adrian Moore","adrian.moore@example.com","UI/UX Product Design Masterclass","DesignSprint 2026","March 15, 2026","CERT-2026-0677","Honors","Speaker","PixelCraft Studio"
"Adrian Morales","adrian.morales@example.com","Machine Learning Ops (MLOps)","DevOps Days 2026","March 15, 2026","CERT-2026-0678","Excellence","Track Finalist","Quantum Dynamics"
"Adrian Morgan","adrian.morgan@example.com","Modern DevOps & Kubernetes","Web3 Builders Summit","March 15, 2026","CERT-2026-0679","Merit","Honorary Fellow","NovaTech Global"
"Adrian Mukherjee","adrian.mukherjee@example.com","Blockchain & Smart Contracts","FutureTech Leadership Forum","March 15, 2026","CERT-2026-0680","High Distinction","Attendee","Apex Digital"
"Adrian Murphy","adrian.murphy@example.com","Distributed Systems Engineering","Global Tech Summit 2026","March 15, 2026","CERT-2026-0681","Distinction","Participant","Synthetix AI"
"Adrian Myers","adrian.myers@example.com","Next.js & React 19 Enterprise Patterns","AI Innovators Hackathon","March 15, 2026","CERT-2026-0682","Honors","Winner - 1st Place","Starlight Ventures"
"Adrian Nair","adrian.nair@example.com","Autonomous Systems & Robotics","CloudCon Annual 2026","March 15, 2026","CERT-2026-0683","Excellence","Runner Up","OmniCorp Research"
"Adrian Nelson","adrian.nelson@example.com","Applied Quantum Computing","CyberSec Expo 2026","March 15, 2026","CERT-2026-0684","Merit","Speaker","Aether Interactive"
"Adrian Nguyen","adrian.nguyen@example.com","Full Stack Web Development","DesignSprint 2026","March 15, 2026","CERT-2026-0685","High Distinction","Track Finalist","Acme Corporation"
"Adrian O'Connor","adrian.o.connor@example.com","Data Science & AI Bootcamp","DevOps Days 2026","March 15, 2026","CERT-2026-0686","Distinction","Honorary Fellow","Nexus Labs"
"Adrian Okafor","adrian.okafor@example.com","Cloud Architecture Mastery","Web3 Builders Summit","March 15, 2026","CERT-2026-0687","Honors","Attendee","Horizon Systems"
"Adrian Ortiz","adrian.ortiz@example.com","Cybersecurity Defense Essentials","FutureTech Leadership Forum","March 15, 2026","CERT-2026-0688","Excellence","Participant","Vanguard Security"
"Adrian Park","adrian.park@example.com","UI/UX Product Design Masterclass","Global Tech Summit 2026","March 15, 2026","CERT-2026-0689","Merit","Winner - 1st Place","PixelCraft Studio"
"Adrian Patel","adrian.patel@example.com","Machine Learning Ops (MLOps)","AI Innovators Hackathon","March 15, 2026","CERT-2026-0690","High Distinction","Runner Up","Quantum Dynamics"
"Adrian Perez","adrian.perez@example.com","Modern DevOps & Kubernetes","CloudCon Annual 2026","March 15, 2026","CERT-2026-0691","Distinction","Speaker","NovaTech Global"
"Adrian Peterson","adrian.peterson@example.com","Blockchain & Smart Contracts","CyberSec Expo 2026","March 15, 2026","CERT-2026-0692","Honors","Track Finalist","Apex Digital"
"Adrian Phillips","adrian.phillips@example.com","Distributed Systems Engineering","DesignSprint 2026","March 15, 2026","CERT-2026-0693","Excellence","Honorary Fellow","Synthetix AI"
"Adrian Powell","adrian.powell@example.com","Next.js & React 19 Enterprise Patterns","DevOps Days 2026","March 15, 2026","CERT-2026-0694","Merit","Attendee","Starlight Ventures"
"Adrian Price","adrian.price@example.com","Autonomous Systems & Robotics","Web3 Builders Summit","March 15, 2026","CERT-2026-0695","High Distinction","Participant","OmniCorp Research"
"Adrian Ramachandran","adrian.ramachandran@example.com","Applied Quantum Computing","FutureTech Leadership Forum","March 15, 2026","CERT-2026-0696","Distinction","Winner - 1st Place","Aether Interactive"
"Adrian Ramirez","adrian.ramirez@example.com","Full Stack Web Development","Global Tech Summit 2026","March 15, 2026","CERT-2026-0697","Honors","Runner Up","Acme Corporation"
"Adrian Rao","adrian.rao@example.com","Data Science & AI Bootcamp","AI Innovators Hackathon","March 15, 2026","CERT-2026-0698","Excellence","Speaker","Nexus Labs"
"Adrian Reed","adrian.reed@example.com","Cloud Architecture Mastery","CloudCon Annual 2026","March 15, 2026","CERT-2026-0699","Merit","Track Finalist","Horizon Systems"
"Adrian Richardson","adrian.richardson@example.com","Cybersecurity Defense Essentials","CyberSec Expo 2026","March 15, 2026","CERT-2026-0700","High Distinction","Honorary Fellow","Vanguard Security"
"Adrian Rivera","adrian.rivera@example.com","UI/UX Product Design Masterclass","DesignSprint 2026","March 15, 2026","CERT-2026-0701","Distinction","Attendee","PixelCraft Studio"
"Adrian Roberts","adrian.roberts@example.com","Machine Learning Ops (MLOps)","DevOps Days 2026","March 15, 2026","CERT-2026-0702","Honors","Participant","Quantum Dynamics"
"Adrian Rodriguez","adrian.rodriguez@example.com","Modern DevOps & Kubernetes","Web3 Builders Summit","March 15, 2026","CERT-2026-0703","Excellence","Winner - 1st Place","NovaTech Global"
"Adrian Ross","adrian.ross@example.com","Blockchain & Smart Contracts","FutureTech Leadership Forum","March 15, 2026","CERT-2026-0704","Merit","Runner Up","Apex Digital"
"Adrian Roy","adrian.roy@example.com","Distributed Systems Engineering","Global Tech Summit 2026","March 15, 2026","CERT-2026-0705","High Distinction","Speaker","Synthetix AI"
"Adrian Russell","adrian.russell@example.com","Next.js & React 19 Enterprise Patterns","AI Innovators Hackathon","March 15, 2026","CERT-2026-0706","Distinction","Track Finalist","Starlight Ventures"
"Adrian Sanchez","adrian.sanchez@example.com","Autonomous Systems & Robotics","CloudCon Annual 2026","March 15, 2026","CERT-2026-0707","Honors","Honorary Fellow","OmniCorp Research"
"Adrian Sanders","adrian.sanders@example.com","Applied Quantum Computing","CyberSec Expo 2026","March 15, 2026","CERT-2026-0708","Excellence","Attendee","Aether Interactive"
"Adrian Sengupta","adrian.sengupta@example.com","Full Stack Web Development","DesignSprint 2026","March 15, 2026","CERT-2026-0709","Merit","Participant","Acme Corporation"
"Adrian Sharma","adrian.sharma@example.com","Data Science & AI Bootcamp","DevOps Days 2026","March 15, 2026","CERT-2026-0710","High Distinction","Winner - 1st Place","Nexus Labs"
"Adrian Silva","adrian.silva@example.com","Cloud Architecture Mastery","Web3 Builders Summit","March 15, 2026","CERT-2026-0711","Distinction","Runner Up","Horizon Systems"
"Adrian Smith","adrian.smith@example.com","Cybersecurity Defense Essentials","FutureTech Leadership Forum","March 15, 2026","CERT-2026-0712","Honors","Speaker","Vanguard Security"
"Adrian Stewart","adrian.stewart@example.com","UI/UX Product Design Masterclass","Global Tech Summit 2026","March 15, 2026","CERT-2026-0713","Excellence","Track Finalist","PixelCraft Studio"
"Adrian Sullivan","adrian.sullivan@example.com","Machine Learning Ops (MLOps)","AI Innovators Hackathon","March 15, 2026","CERT-2026-0714","Merit","Honorary Fellow","Quantum Dynamics"
"Adrian Taylor","adrian.taylor@example.com","Modern DevOps & Kubernetes","CloudCon Annual 2026","March 15, 2026","CERT-2026-0715","High Distinction","Attendee","NovaTech Global"
"Adrian Thomas","adrian.thomas@example.com","Blockchain & Smart Contracts","CyberSec Expo 2026","March 15, 2026","CERT-2026-0716","Distinction","Participant","Apex Digital"
"Adrian Torres","adrian.torres@example.com","Distributed Systems Engineering","DesignSprint 2026","March 15, 2026","CERT-2026-0717","Honors","Winner - 1st Place","Synthetix AI"
"Adrian Turner","adrian.turner@example.com","Next.js & React 19 Enterprise Patterns","DevOps Days 2026","March 15, 2026","CERT-2026-0718","Excellence","Runner Up","Starlight Ventures"
"Adrian Vance","adrian.vance@example.com","Autonomous Systems & Robotics","Web3 Builders Summit","March 15, 2026","CERT-2026-0719","Merit","Speaker","OmniCorp Research"
"Adrian Venkatesh","adrian.venkatesh@example.com","Applied Quantum Computing","FutureTech Leadership Forum","March 15, 2026","CERT-2026-0720","High Distinction","Track Finalist","Aether Interactive"
"Adrian Verma","adrian.verma@example.com","Full Stack Web Development","Global Tech Summit 2026","March 15, 2026","CERT-2026-0721","Distinction","Honorary Fellow","Acme Corporation"
"Adrian Walker","adrian.walker@example.com","Data Science & AI Bootcamp","AI Innovators Hackathon","March 15, 2026","CERT-2026-0722","Honors","Attendee","Nexus Labs"
"Adrian Wang","adrian.wang@example.com","Cloud Architecture Mastery","CloudCon Annual 2026","March 15, 2026","CERT-2026-0723","Excellence","Participant","Horizon Systems"
"Adrian Ward","adrian.ward@example.com","Cybersecurity Defense Essentials","CyberSec Expo 2026","March 15, 2026","CERT-2026-0724","Merit","Winner - 1st Place","Vanguard Security"
"Adrian Watson","adrian.watson@example.com","UI/UX Product Design Masterclass","DesignSprint 2026","March 15, 2026","CERT-2026-0725","High Distinction","Runner Up","PixelCraft Studio"
"Adrian White","adrian.white@example.com","Machine Learning Ops (MLOps)","DevOps Days 2026","March 15, 2026","CERT-2026-0726","Distinction","Speaker","Quantum Dynamics"
"Adrian Williams","adrian.williams@example.com","Modern DevOps & Kubernetes","Web3 Builders Summit","March 15, 2026","CERT-2026-0727","Honors","Track Finalist","NovaTech Global"
"Adrian Wilson","adrian.wilson@example.com","Blockchain & Smart Contracts","FutureTech Leadership Forum","March 15, 2026","CERT-2026-0728","Excellence","Honorary Fellow","Apex Digital"
"Adrian Wood","adrian.wood@example.com","Distributed Systems Engineering","Global Tech Summit 2026","March 15, 2026","CERT-2026-0729","Merit","Attendee","Synthetix AI"
"Adrian Wright","adrian.wright@example.com","Next.js & React 19 Enterprise Patterns","AI Innovators Hackathon","March 15, 2026","CERT-2026-0730","High Distinction","Participant","Starlight Ventures"
"Adrian Young","adrian.young@example.com","Autonomous Systems & Robotics","CloudCon Annual 2026","March 15, 2026","CERT-2026-0731","Distinction","Winner - 1st Place","OmniCorp Research"
"Adrian Zhang","adrian.zhang@example.com","Applied Quantum Computing","CyberSec Expo 2026","March 15, 2026","CERT-2026-0732","Honors","Runner Up","Aether Interactive"
"Aidan Adams","aidan.adams@example.com","Full Stack Web Development","DesignSprint 2026","March 15, 2026","CERT-2026-0733","Excellence","Speaker","Acme Corporation"
"Aidan Agarwal","aidan.agarwal@example.com","Data Science & AI Bootcamp","DevOps Days 2026","March 15, 2026","CERT-2026-0734","Merit","Track Finalist","Nexus Labs"
"Aidan Alvarez","aidan.alvarez@example.com","Cloud Architecture Mastery","Web3 Builders Summit","March 15, 2026","CERT-2026-0735","High Distinction","Honorary Fellow","Horizon Systems"
"Aidan Anderson","aidan.anderson@example.com","Cybersecurity Defense Essentials","FutureTech Leadership Forum","March 15, 2026","CERT-2026-0736","Distinction","Attendee","Vanguard Security"
"Aidan Baker","aidan.baker@example.com","UI/UX Product Design Masterclass","Global Tech Summit 2026","March 15, 2026","CERT-2026-0737","Honors","Participant","PixelCraft Studio"
"Aidan Banerjee","aidan.banerjee@example.com","Machine Learning Ops (MLOps)","AI Innovators Hackathon","March 15, 2026","CERT-2026-0738","Excellence","Winner - 1st Place","Quantum Dynamics"
"Aidan Barnes","aidan.barnes@example.com","Modern DevOps & Kubernetes","CloudCon Annual 2026","March 15, 2026","CERT-2026-0739","Merit","Runner Up","NovaTech Global"
"Aidan Bell","aidan.bell@example.com","Blockchain & Smart Contracts","CyberSec Expo 2026","March 15, 2026","CERT-2026-0740","High Distinction","Speaker","Apex Digital"
"Aidan Bennett","aidan.bennett@example.com","Distributed Systems Engineering","DesignSprint 2026","March 15, 2026","CERT-2026-0741","Distinction","Track Finalist","Synthetix AI"
"Aidan Bhatia","aidan.bhatia@example.com","Next.js & React 19 Enterprise Patterns","DevOps Days 2026","March 15, 2026","CERT-2026-0742","Honors","Honorary Fellow","Starlight Ventures"
"Aidan Brooks","aidan.brooks@example.com","Autonomous Systems & Robotics","Web3 Builders Summit","March 15, 2026","CERT-2026-0743","Excellence","Attendee","OmniCorp Research"
"Aidan Brown","aidan.brown@example.com","Applied Quantum Computing","FutureTech Leadership Forum","March 15, 2026","CERT-2026-0744","Merit","Participant","Aether Interactive"
"Aidan Campbell","aidan.campbell@example.com","Full Stack Web Development","Global Tech Summit 2026","March 15, 2026","CERT-2026-0745","High Distinction","Winner - 1st Place","Acme Corporation"
"Aidan Castillo","aidan.castillo@example.com","Data Science & AI Bootcamp","AI Innovators Hackathon","March 15, 2026","CERT-2026-0746","Distinction","Runner Up","Nexus Labs"
"Aidan Chakraborty","aidan.chakraborty@example.com","Cloud Architecture Mastery","CloudCon Annual 2026","March 15, 2026","CERT-2026-0747","Honors","Speaker","Horizon Systems"
"Aidan Chen","aidan.chen@example.com","Cybersecurity Defense Essentials","CyberSec Expo 2026","March 15, 2026","CERT-2026-0748","Excellence","Track Finalist","Vanguard Security"
"Aidan Clark","aidan.clark@example.com","UI/UX Product Design Masterclass","DesignSprint 2026","March 15, 2026","CERT-2026-0749","Merit","Honorary Fellow","PixelCraft Studio"
"Aidan Coleman","aidan.coleman@example.com","Machine Learning Ops (MLOps)","DevOps Days 2026","March 15, 2026","CERT-2026-0750","High Distinction","Attendee","Quantum Dynamics"
"Aidan Collins","aidan.collins@example.com","Modern DevOps & Kubernetes","Web3 Builders Summit","March 15, 2026","CERT-2026-0751","Distinction","Participant","NovaTech Global"
"Aidan Cooper","aidan.cooper@example.com","Blockchain & Smart Contracts","FutureTech Leadership Forum","March 15, 2026","CERT-2026-0752","Honors","Winner - 1st Place","Apex Digital"
"Aidan Cox","aidan.cox@example.com","Distributed Systems Engineering","Global Tech Summit 2026","March 15, 2026","CERT-2026-0753","Excellence","Runner Up","Synthetix AI"
"Aidan Das","aidan.das@example.com","Next.js & React 19 Enterprise Patterns","AI Innovators Hackathon","March 15, 2026","CERT-2026-0754","Merit","Speaker","Starlight Ventures"
"Aidan Davis","aidan.davis@example.com","Autonomous Systems & Robotics","CloudCon Annual 2026","March 15, 2026","CERT-2026-0755","High Distinction","Track Finalist","OmniCorp Research"
"Aidan Diaz","aidan.diaz@example.com","Applied Quantum Computing","CyberSec Expo 2026","March 15, 2026","CERT-2026-0756","Distinction","Honorary Fellow","Aether Interactive"
"Aidan Edwards","aidan.edwards@example.com","Full Stack Web Development","DesignSprint 2026","March 15, 2026","CERT-2026-0757","Honors","Attendee","Acme Corporation"
"Aidan Evans","aidan.evans@example.com","Data Science & AI Bootcamp","DevOps Days 2026","March 15, 2026","CERT-2026-0758","Excellence","Participant","Nexus Labs"
"Aidan Fernandez","aidan.fernandez@example.com","Cloud Architecture Mastery","Web3 Builders Summit","March 15, 2026","CERT-2026-0759","Merit","Winner - 1st Place","Horizon Systems"
"Aidan Flores","aidan.flores@example.com","Cybersecurity Defense Essentials","FutureTech Leadership Forum","March 15, 2026","CERT-2026-0760","High Distinction","Runner Up","Vanguard Security"
"Aidan Foster","aidan.foster@example.com","UI/UX Product Design Masterclass","Global Tech Summit 2026","March 15, 2026","CERT-2026-0761","Distinction","Speaker","PixelCraft Studio"
"Aidan Garcia","aidan.garcia@example.com","Machine Learning Ops (MLOps)","AI Innovators Hackathon","March 15, 2026","CERT-2026-0762","Honors","Track Finalist","Quantum Dynamics"
"Aidan Ghosh","aidan.ghosh@example.com","Modern DevOps & Kubernetes","CloudCon Annual 2026","March 15, 2026","CERT-2026-0763","Excellence","Honorary Fellow","NovaTech Global"
"Aidan Gomez","aidan.gomez@example.com","Blockchain & Smart Contracts","CyberSec Expo 2026","March 15, 2026","CERT-2026-0764","Merit","Attendee","Apex Digital"
"Aidan Gonzalez","aidan.gonzalez@example.com","Distributed Systems Engineering","DesignSprint 2026","March 15, 2026","CERT-2026-0765","High Distinction","Participant","Synthetix AI"
"Aidan Goswami","aidan.goswami@example.com","Next.js & React 19 Enterprise Patterns","DevOps Days 2026","March 15, 2026","CERT-2026-0766","Distinction","Winner - 1st Place","Starlight Ventures"
"Aidan Gray","aidan.gray@example.com","Autonomous Systems & Robotics","Web3 Builders Summit","March 15, 2026","CERT-2026-0767","Honors","Runner Up","OmniCorp Research"
"Aidan Green","aidan.green@example.com","Applied Quantum Computing","FutureTech Leadership Forum","March 15, 2026","CERT-2026-0768","Excellence","Speaker","Aether Interactive"
"Aidan Gupta","aidan.gupta@example.com","Full Stack Web Development","Global Tech Summit 2026","March 15, 2026","CERT-2026-0769","Merit","Track Finalist","Acme Corporation"
"Aidan Hall","aidan.hall@example.com","Data Science & AI Bootcamp","AI Innovators Hackathon","March 15, 2026","CERT-2026-0770","High Distinction","Honorary Fellow","Nexus Labs"
"Aidan Harris","aidan.harris@example.com","Cloud Architecture Mastery","CloudCon Annual 2026","March 15, 2026","CERT-2026-0771","Distinction","Attendee","Horizon Systems"
"Aidan Hayes","aidan.hayes@example.com","Cybersecurity Defense Essentials","CyberSec Expo 2026","March 15, 2026","CERT-2026-0772","Honors","Participant","Vanguard Security"
"Aidan Henderson","aidan.henderson@example.com","UI/UX Product Design Masterclass","DesignSprint 2026","March 15, 2026","CERT-2026-0773","Excellence","Winner - 1st Place","PixelCraft Studio"
"Aidan Hernandez","aidan.hernandez@example.com","Machine Learning Ops (MLOps)","DevOps Days 2026","March 15, 2026","CERT-2026-0774","Merit","Runner Up","Quantum Dynamics"
"Aidan Hill","aidan.hill@example.com","Modern DevOps & Kubernetes","Web3 Builders Summit","March 15, 2026","CERT-2026-0775","High Distinction","Speaker","NovaTech Global"
"Aidan Howard","aidan.howard@example.com","Blockchain & Smart Contracts","FutureTech Leadership Forum","March 15, 2026","CERT-2026-0776","Distinction","Track Finalist","Apex Digital"
"Aidan Hughes","aidan.hughes@example.com","Distributed Systems Engineering","Global Tech Summit 2026","March 15, 2026","CERT-2026-0777","Honors","Honorary Fellow","Synthetix AI"
"Aidan Iyer","aidan.iyer@example.com","Next.js & React 19 Enterprise Patterns","AI Innovators Hackathon","March 15, 2026","CERT-2026-0778","Excellence","Attendee","Starlight Ventures"
"Aidan Jackson","aidan.jackson@example.com","Autonomous Systems & Robotics","CloudCon Annual 2026","March 15, 2026","CERT-2026-0779","Merit","Participant","OmniCorp Research"
"Aidan James","aidan.james@example.com","Applied Quantum Computing","CyberSec Expo 2026","March 15, 2026","CERT-2026-0780","High Distinction","Winner - 1st Place","Aether Interactive"
"Aidan Jenkins","aidan.jenkins@example.com","Full Stack Web Development","DesignSprint 2026","March 15, 2026","CERT-2026-0781","Distinction","Runner Up","Acme Corporation"
"Aidan Johnson","aidan.johnson@example.com","Data Science & AI Bootcamp","DevOps Days 2026","March 15, 2026","CERT-2026-0782","Honors","Speaker","Nexus Labs"
"Aidan Jones","aidan.jones@example.com","Cloud Architecture Mastery","Web3 Builders Summit","March 15, 2026","CERT-2026-0783","Excellence","Track Finalist","Horizon Systems"
"Aidan Joshi","aidan.joshi@example.com","Cybersecurity Defense Essentials","FutureTech Leadership Forum","March 15, 2026","CERT-2026-0784","Merit","Honorary Fellow","Vanguard Security"
"Aidan Kapoor","aidan.kapoor@example.com","UI/UX Product Design Masterclass","Global Tech Summit 2026","March 15, 2026","CERT-2026-0785","High Distinction","Attendee","PixelCraft Studio"
"Aidan Kelly","aidan.kelly@example.com","Machine Learning Ops (MLOps)","AI Innovators Hackathon","March 15, 2026","CERT-2026-0786","Distinction","Participant","Quantum Dynamics"
"Aidan Kim","aidan.kim@example.com","Modern DevOps & Kubernetes","CloudCon Annual 2026","March 15, 2026","CERT-2026-0787","Honors","Winner - 1st Place","NovaTech Global"
"Aidan King","aidan.king@example.com","Blockchain & Smart Contracts","CyberSec Expo 2026","March 15, 2026","CERT-2026-0788","Excellence","Runner Up","Apex Digital"
"Aidan Kulkarni","aidan.kulkarni@example.com","Distributed Systems Engineering","DesignSprint 2026","March 15, 2026","CERT-2026-0789","Merit","Speaker","Synthetix AI"
"Aidan Kumar","aidan.kumar@example.com","Next.js & React 19 Enterprise Patterns","DevOps Days 2026","March 15, 2026","CERT-2026-0790","High Distinction","Track Finalist","Starlight Ventures"
"Aidan Lee","aidan.lee@example.com","Autonomous Systems & Robotics","Web3 Builders Summit","March 15, 2026","CERT-2026-0791","Distinction","Honorary Fellow","OmniCorp Research"
"Aidan Lewis","aidan.lewis@example.com","Applied Quantum Computing","FutureTech Leadership Forum","March 15, 2026","CERT-2026-0792","Honors","Attendee","Aether Interactive"
"Aidan Long","aidan.long@example.com","Full Stack Web Development","Global Tech Summit 2026","March 15, 2026","CERT-2026-0793","Excellence","Participant","Acme Corporation"
"Aidan Lopez","aidan.lopez@example.com","Data Science & AI Bootcamp","AI Innovators Hackathon","March 15, 2026","CERT-2026-0794","Merit","Winner - 1st Place","Nexus Labs"
"Aidan Martin","aidan.martin@example.com","Cloud Architecture Mastery","CloudCon Annual 2026","March 15, 2026","CERT-2026-0795","High Distinction","Runner Up","Horizon Systems"
"Aidan Martinez","aidan.martinez@example.com","Cybersecurity Defense Essentials","CyberSec Expo 2026","March 15, 2026","CERT-2026-0796","Distinction","Speaker","Vanguard Security"
"Aidan Miller","aidan.miller@example.com","UI/UX Product Design Masterclass","DesignSprint 2026","March 15, 2026","CERT-2026-0797","Honors","Track Finalist","PixelCraft Studio"
"Aidan Mitra","aidan.mitra@example.com","Machine Learning Ops (MLOps)","DevOps Days 2026","March 15, 2026","CERT-2026-0798","Excellence","Honorary Fellow","Quantum Dynamics"
"Aidan Moore","aidan.moore@example.com","Modern DevOps & Kubernetes","Web3 Builders Summit","March 15, 2026","CERT-2026-0799","Merit","Attendee","NovaTech Global"
"Aidan Morales","aidan.morales@example.com","Blockchain & Smart Contracts","FutureTech Leadership Forum","March 15, 2026","CERT-2026-0800","High Distinction","Participant","Apex Digital"
"Aidan Morgan","aidan.morgan@example.com","Distributed Systems Engineering","Global Tech Summit 2026","March 15, 2026","CERT-2026-0801","Distinction","Winner - 1st Place","Synthetix AI"
"Aidan Mukherjee","aidan.mukherjee@example.com","Next.js & React 19 Enterprise Patterns","AI Innovators Hackathon","March 15, 2026","CERT-2026-0802","Honors","Runner Up","Starlight Ventures"
"Aidan Murphy","aidan.murphy@example.com","Autonomous Systems & Robotics","CloudCon Annual 2026","March 15, 2026","CERT-2026-0803","Excellence","Speaker","OmniCorp Research"
"Aidan Myers","aidan.myers@example.com","Applied Quantum Computing","CyberSec Expo 2026","March 15, 2026","CERT-2026-0804","Merit","Track Finalist","Aether Interactive"
"Aidan Nair","aidan.nair@example.com","Full Stack Web Development","DesignSprint 2026","March 15, 2026","CERT-2026-0805","High Distinction","Honorary Fellow","Acme Corporation"
"Aidan Nelson","aidan.nelson@example.com","Data Science & AI Bootcamp","DevOps Days 2026","March 15, 2026","CERT-2026-0806","Distinction","Attendee","Nexus Labs"
"Aidan Nguyen","aidan.nguyen@example.com","Cloud Architecture Mastery","Web3 Builders Summit","March 15, 2026","CERT-2026-0807","Honors","Participant","Horizon Systems"
"Aidan O'Connor","aidan.o.connor@example.com","Cybersecurity Defense Essentials","FutureTech Leadership Forum","March 15, 2026","CERT-2026-0808","Excellence","Winner - 1st Place","Vanguard Security"
"Aidan Okafor","aidan.okafor@example.com","UI/UX Product Design Masterclass","Global Tech Summit 2026","March 15, 2026","CERT-2026-0809","Merit","Runner Up","PixelCraft Studio"
"Aidan Ortiz","aidan.ortiz@example.com","Machine Learning Ops (MLOps)","AI Innovators Hackathon","March 15, 2026","CERT-2026-0810","High Distinction","Speaker","Quantum Dynamics"
"Aidan Park","aidan.park@example.com","Modern DevOps & Kubernetes","CloudCon Annual 2026","March 15, 2026","CERT-2026-0811","Distinction","Track Finalist","NovaTech Global"
"Aidan Patel","aidan.patel@example.com","Blockchain & Smart Contracts","CyberSec Expo 2026","March 15, 2026","CERT-2026-0812","Honors","Honorary Fellow","Apex Digital"
"Aidan Perez","aidan.perez@example.com","Distributed Systems Engineering","DesignSprint 2026","March 15, 2026","CERT-2026-0813","Excellence","Attendee","Synthetix AI"
"Aidan Peterson","aidan.peterson@example.com","Next.js & React 19 Enterprise Patterns","DevOps Days 2026","March 15, 2026","CERT-2026-0814","Merit","Participant","Starlight Ventures"
"Aidan Phillips","aidan.phillips@example.com","Autonomous Systems & Robotics","Web3 Builders Summit","March 15, 2026","CERT-2026-0815","High Distinction","Winner - 1st Place","OmniCorp Research"
"Aidan Powell","aidan.powell@example.com","Applied Quantum Computing","FutureTech Leadership Forum","March 15, 2026","CERT-2026-0816","Distinction","Runner Up","Aether Interactive"
"Aidan Price","aidan.price@example.com","Full Stack Web Development","Global Tech Summit 2026","March 15, 2026","CERT-2026-0817","Honors","Speaker","Acme Corporation"
"Aidan Ramachandran","aidan.ramachandran@example.com","Data Science & AI Bootcamp","AI Innovators Hackathon","March 15, 2026","CERT-2026-0818","Excellence","Track Finalist","Nexus Labs"
"Aidan Ramirez","aidan.ramirez@example.com","Cloud Architecture Mastery","CloudCon Annual 2026","March 15, 2026","CERT-2026-0819","Merit","Honorary Fellow","Horizon Systems"
"Aidan Rao","aidan.rao@example.com","Cybersecurity Defense Essentials","CyberSec Expo 2026","March 15, 2026","CERT-2026-0820","High Distinction","Attendee","Vanguard Security"
"Aidan Reed","aidan.reed@example.com","UI/UX Product Design Masterclass","DesignSprint 2026","March 15, 2026","CERT-2026-0821","Distinction","Participant","PixelCraft Studio"
"Aidan Richardson","aidan.richardson@example.com","Machine Learning Ops (MLOps)","DevOps Days 2026","March 15, 2026","CERT-2026-0822","Honors","Winner - 1st Place","Quantum Dynamics"
"Aidan Rivera","aidan.rivera@example.com","Modern DevOps & Kubernetes","Web3 Builders Summit","March 15, 2026","CERT-2026-0823","Excellence","Runner Up","NovaTech Global"
"Aidan Roberts","aidan.roberts@example.com","Blockchain & Smart Contracts","FutureTech Leadership Forum","March 15, 2026","CERT-2026-0824","Merit","Speaker","Apex Digital"
"Aidan Rodriguez","aidan.rodriguez@example.com","Distributed Systems Engineering","Global Tech Summit 2026","March 15, 2026","CERT-2026-0825","High Distinction","Track Finalist","Synthetix AI"
"Aidan Ross","aidan.ross@example.com","Next.js & React 19 Enterprise Patterns","AI Innovators Hackathon","March 15, 2026","CERT-2026-0826","Distinction","Honorary Fellow","Starlight Ventures"
"Aidan Roy","aidan.roy@example.com","Autonomous Systems & Robotics","CloudCon Annual 2026","March 15, 2026","CERT-2026-0827","Honors","Attendee","OmniCorp Research"
"Aidan Russell","aidan.russell@example.com","Applied Quantum Computing","CyberSec Expo 2026","March 15, 2026","CERT-2026-0828","Excellence","Participant","Aether Interactive"
"Aidan Sanchez","aidan.sanchez@example.com","Full Stack Web Development","DesignSprint 2026","March 15, 2026","CERT-2026-0829","Merit","Winner - 1st Place","Acme Corporation"
"Aidan Sanders","aidan.sanders@example.com","Data Science & AI Bootcamp","DevOps Days 2026","March 15, 2026","CERT-2026-0830","High Distinction","Runner Up","Nexus Labs"
"Aidan Sengupta","aidan.sengupta@example.com","Cloud Architecture Mastery","Web3 Builders Summit","March 15, 2026","CERT-2026-0831","Distinction","Speaker","Horizon Systems"
"Aidan Sharma","aidan.sharma@example.com","Cybersecurity Defense Essentials","FutureTech Leadership Forum","March 15, 2026","CERT-2026-0832","Honors","Track Finalist","Vanguard Security"
"Aidan Silva","aidan.silva@example.com","UI/UX Product Design Masterclass","Global Tech Summit 2026","March 15, 2026","CERT-2026-0833","Excellence","Honorary Fellow","PixelCraft Studio"
"Aidan Smith","aidan.smith@example.com","Machine Learning Ops (MLOps)","AI Innovators Hackathon","March 15, 2026","CERT-2026-0834","Merit","Attendee","Quantum Dynamics"
"Aidan Stewart","aidan.stewart@example.com","Modern DevOps & Kubernetes","CloudCon Annual 2026","March 15, 2026","CERT-2026-0835","High Distinction","Participant","NovaTech Global"
"Aidan Sullivan","aidan.sullivan@example.com","Blockchain & Smart Contracts","CyberSec Expo 2026","March 15, 2026","CERT-2026-0836","Distinction","Winner - 1st Place","Apex Digital"
"Aidan Taylor","aidan.taylor@example.com","Distributed Systems Engineering","DesignSprint 2026","March 15, 2026","CERT-2026-0837","Honors","Runner Up","Synthetix AI"
"Aidan Thomas","aidan.thomas@example.com","Next.js & React 19 Enterprise Patterns","DevOps Days 2026","March 15, 2026","CERT-2026-0838","Excellence","Speaker","Starlight Ventures"
"Aidan Torres","aidan.torres@example.com","Autonomous Systems & Robotics","Web3 Builders Summit","March 15, 2026","CERT-2026-0839","Merit","Track Finalist","OmniCorp Research"
"Aidan Turner","aidan.turner@example.com","Applied Quantum Computing","FutureTech Leadership Forum","March 15, 2026","CERT-2026-0840","High Distinction","Honorary Fellow","Aether Interactive"
"Aidan Vance","aidan.vance@example.com","Full Stack Web Development","Global Tech Summit 2026","March 15, 2026","CERT-2026-0841","Distinction","Attendee","Acme Corporation"
"Aidan Venkatesh","aidan.venkatesh@example.com","Data Science & AI Bootcamp","AI Innovators Hackathon","March 15, 2026","CERT-2026-0842","Honors","Participant","Nexus Labs"
"Aidan Verma","aidan.verma@example.com","Cloud Architecture Mastery","CloudCon Annual 2026","March 15, 2026","CERT-2026-0843","Excellence","Winner - 1st Place","Horizon Systems"
"Aidan Walker","aidan.walker@example.com","Cybersecurity Defense Essentials","CyberSec Expo 2026","March 15, 2026","CERT-2026-0844","Merit","Runner Up","Vanguard Security"
"Aidan Wang","aidan.wang@example.com","UI/UX Product Design Masterclass","DesignSprint 2026","March 15, 2026","CERT-2026-0845","High Distinction","Speaker","PixelCraft Studio"
"Aidan Ward","aidan.ward@example.com","Machine Learning Ops (MLOps)","DevOps Days 2026","March 15, 2026","CERT-2026-0846","Distinction","Track Finalist","Quantum Dynamics"
"Aidan Watson","aidan.watson@example.com","Modern DevOps & Kubernetes","Web3 Builders Summit","March 15, 2026","CERT-2026-0847","Honors","Honorary Fellow","NovaTech Global"
"Aidan White","aidan.white@example.com","Blockchain & Smart Contracts","FutureTech Leadership Forum","March 15, 2026","CERT-2026-0848","Excellence","Attendee","Apex Digital"
"Aidan Williams","aidan.williams@example.com","Distributed Systems Engineering","Global Tech Summit 2026","March 15, 2026","CERT-2026-0849","Merit","Participant","Synthetix AI"
"Aidan Wilson","aidan.wilson@example.com","Next.js & React 19 Enterprise Patterns","AI Innovators Hackathon","March 15, 2026","CERT-2026-0850","High Distinction","Winner - 1st Place","Starlight Ventures"
"Aidan Wood","aidan.wood@example.com","Autonomous Systems & Robotics","CloudCon Annual 2026","March 15, 2026","CERT-2026-0851","Distinction","Runner Up","OmniCorp Research"
"Aidan Wright","aidan.wright@example.com","Applied Quantum Computing","CyberSec Expo 2026","March 15, 2026","CERT-2026-0852","Honors","Speaker","Aether Interactive"
"Aidan Young","aidan.young@example.com","Full Stack Web Development","DesignSprint 2026","March 15, 2026","CERT-2026-0853","Excellence","Track Finalist","Acme Corporation"
"Aidan Zhang","aidan.zhang@example.com","Data Science & AI Bootcamp","DevOps Days 2026","March 15, 2026","CERT-2026-0854","Merit","Honorary Fellow","Nexus Labs"
"Alex Adams","alex.adams@example.com","Cloud Architecture Mastery","Web3 Builders Summit","March 15, 2026","CERT-2026-0855","High Distinction","Attendee","Horizon Systems"
"Alex Agarwal","alex.agarwal@example.com","Cybersecurity Defense Essentials","FutureTech Leadership Forum","March 15, 2026","CERT-2026-0856","Distinction","Participant","Vanguard Security"
"Alex Alvarez","alex.alvarez@example.com","UI/UX Product Design Masterclass","Global Tech Summit 2026","March 15, 2026","CERT-2026-0857","Honors","Winner - 1st Place","PixelCraft Studio"
"Alex Anderson","alex.anderson@example.com","Machine Learning Ops (MLOps)","AI Innovators Hackathon","March 15, 2026","CERT-2026-0858","Excellence","Runner Up","Quantum Dynamics"
"Alex Baker","alex.baker@example.com","Modern DevOps & Kubernetes","CloudCon Annual 2026","March 15, 2026","CERT-2026-0859","Merit","Speaker","NovaTech Global"
"Alex Banerjee","alex.banerjee@example.com","Blockchain & Smart Contracts","CyberSec Expo 2026","March 15, 2026","CERT-2026-0860","High Distinction","Track Finalist","Apex Digital"
"Alex Barnes","alex.barnes@example.com","Distributed Systems Engineering","DesignSprint 2026","March 15, 2026","CERT-2026-0861","Distinction","Honorary Fellow","Synthetix AI"
"Alex Bell","alex.bell@example.com","Next.js & React 19 Enterprise Patterns","DevOps Days 2026","March 15, 2026","CERT-2026-0862","Honors","Attendee","Starlight Ventures"
"Alex Bennett","alex.bennett@example.com","Autonomous Systems & Robotics","Web3 Builders Summit","March 15, 2026","CERT-2026-0863","Excellence","Participant","OmniCorp Research"
"Alex Bhatia","alex.bhatia@example.com","Applied Quantum Computing","FutureTech Leadership Forum","March 15, 2026","CERT-2026-0864","Merit","Winner - 1st Place","Aether Interactive"
"Alex Brooks","alex.brooks@example.com","Full Stack Web Development","Global Tech Summit 2026","March 15, 2026","CERT-2026-0865","High Distinction","Runner Up","Acme Corporation"
"Alex Brown","alex.brown@example.com","Data Science & AI Bootcamp","AI Innovators Hackathon","March 15, 2026","CERT-2026-0866","Distinction","Speaker","Nexus Labs"
"Alex Campbell","alex.campbell@example.com","Cloud Architecture Mastery","CloudCon Annual 2026","March 15, 2026","CERT-2026-0867","Honors","Track Finalist","Horizon Systems"
"Alex Castillo","alex.castillo@example.com","Cybersecurity Defense Essentials","CyberSec Expo 2026","March 15, 2026","CERT-2026-0868","Excellence","Honorary Fellow","Vanguard Security"
"Alex Chakraborty","alex.chakraborty@example.com","UI/UX Product Design Masterclass","DesignSprint 2026","March 15, 2026","CERT-2026-0869","Merit","Attendee","PixelCraft Studio"
"Alex Chen","alex.chen@example.com","Machine Learning Ops (MLOps)","DevOps Days 2026","March 15, 2026","CERT-2026-0870","High Distinction","Participant","Quantum Dynamics"
"Alex Clark","alex.clark@example.com","Modern DevOps & Kubernetes","Web3 Builders Summit","March 15, 2026","CERT-2026-0871","Distinction","Winner - 1st Place","NovaTech Global"
"Alex Coleman","alex.coleman@example.com","Blockchain & Smart Contracts","FutureTech Leadership Forum","March 15, 2026","CERT-2026-0872","Honors","Runner Up","Apex Digital"
"Alex Collins","alex.collins@example.com","Distributed Systems Engineering","Global Tech Summit 2026","March 15, 2026","CERT-2026-0873","Excellence","Speaker","Synthetix AI"
"Alex Cooper","alex.cooper@example.com","Next.js & React 19 Enterprise Patterns","AI Innovators Hackathon","March 15, 2026","CERT-2026-0874","Merit","Track Finalist","Starlight Ventures"
"Alex Cox","alex.cox@example.com","Autonomous Systems & Robotics","CloudCon Annual 2026","March 15, 2026","CERT-2026-0875","High Distinction","Honorary Fellow","OmniCorp Research"
"Alex Das","alex.das@example.com","Applied Quantum Computing","CyberSec Expo 2026","March 15, 2026","CERT-2026-0876","Distinction","Attendee","Aether Interactive"
"Alex Davis","alex.davis@example.com","Full Stack Web Development","DesignSprint 2026","March 15, 2026","CERT-2026-0877","Honors","Participant","Acme Corporation"
"Alex Diaz","alex.diaz@example.com","Data Science & AI Bootcamp","DevOps Days 2026","March 15, 2026","CERT-2026-0878","Excellence","Winner - 1st Place","Nexus Labs"
"Alex Edwards","alex.edwards@example.com","Cloud Architecture Mastery","Web3 Builders Summit","March 15, 2026","CERT-2026-0879","Merit","Runner Up","Horizon Systems"
"Alex Evans","alex.evans@example.com","Cybersecurity Defense Essentials","FutureTech Leadership Forum","March 15, 2026","CERT-2026-0880","High Distinction","Speaker","Vanguard Security"
"Alex Fernandez","alex.fernandez@example.com","UI/UX Product Design Masterclass","Global Tech Summit 2026","March 15, 2026","CERT-2026-0881","Distinction","Track Finalist","PixelCraft Studio"
"Alex Flores","alex.flores@example.com","Machine Learning Ops (MLOps)","AI Innovators Hackathon","March 15, 2026","CERT-2026-0882","Honors","Honorary Fellow","Quantum Dynamics"
"Alex Foster","alex.foster@example.com","Modern DevOps & Kubernetes","CloudCon Annual 2026","March 15, 2026","CERT-2026-0883","Excellence","Attendee","NovaTech Global"
"Alex Garcia","alex.garcia@example.com","Blockchain & Smart Contracts","CyberSec Expo 2026","March 15, 2026","CERT-2026-0884","Merit","Participant","Apex Digital"
"Alex Ghosh","alex.ghosh@example.com","Distributed Systems Engineering","DesignSprint 2026","March 15, 2026","CERT-2026-0885","High Distinction","Winner - 1st Place","Synthetix AI"
"Alex Gomez","alex.gomez@example.com","Next.js & React 19 Enterprise Patterns","DevOps Days 2026","March 15, 2026","CERT-2026-0886","Distinction","Runner Up","Starlight Ventures"
"Alex Gonzalez","alex.gonzalez@example.com","Autonomous Systems & Robotics","Web3 Builders Summit","March 15, 2026","CERT-2026-0887","Honors","Speaker","OmniCorp Research"
"Alex Goswami","alex.goswami@example.com","Applied Quantum Computing","FutureTech Leadership Forum","March 15, 2026","CERT-2026-0888","Excellence","Track Finalist","Aether Interactive"
"Alex Gray","alex.gray@example.com","Full Stack Web Development","Global Tech Summit 2026","March 15, 2026","CERT-2026-0889","Merit","Honorary Fellow","Acme Corporation"
"Alex Green","alex.green@example.com","Data Science & AI Bootcamp","AI Innovators Hackathon","March 15, 2026","CERT-2026-0890","High Distinction","Attendee","Nexus Labs"
"Alex Gupta","alex.gupta@example.com","Cloud Architecture Mastery","CloudCon Annual 2026","March 15, 2026","CERT-2026-0891","Distinction","Participant","Horizon Systems"
"Alex Hall","alex.hall@example.com","Cybersecurity Defense Essentials","CyberSec Expo 2026","March 15, 2026","CERT-2026-0892","Honors","Winner - 1st Place","Vanguard Security"
"Alex Harris","alex.harris@example.com","UI/UX Product Design Masterclass","DesignSprint 2026","March 15, 2026","CERT-2026-0893","Excellence","Runner Up","PixelCraft Studio"
"Alex Hayes","alex.hayes@example.com","Machine Learning Ops (MLOps)","DevOps Days 2026","March 15, 2026","CERT-2026-0894","Merit","Speaker","Quantum Dynamics"
"Alex Henderson","alex.henderson@example.com","Modern DevOps & Kubernetes","Web3 Builders Summit","March 15, 2026","CERT-2026-0895","High Distinction","Track Finalist","NovaTech Global"
"Alex Hernandez","alex.hernandez@example.com","Blockchain & Smart Contracts","FutureTech Leadership Forum","March 15, 2026","CERT-2026-0896","Distinction","Honorary Fellow","Apex Digital"
"Alex Hill","alex.hill@example.com","Distributed Systems Engineering","Global Tech Summit 2026","March 15, 2026","CERT-2026-0897","Honors","Attendee","Synthetix AI"
"Alex Howard","alex.howard@example.com","Next.js & React 19 Enterprise Patterns","AI Innovators Hackathon","March 15, 2026","CERT-2026-0898","Excellence","Participant","Starlight Ventures"
"Alex Hughes","alex.hughes@example.com","Autonomous Systems & Robotics","CloudCon Annual 2026","March 15, 2026","CERT-2026-0899","Merit","Winner - 1st Place","OmniCorp Research"
"Alex Iyer","alex.iyer@example.com","Applied Quantum Computing","CyberSec Expo 2026","March 15, 2026","CERT-2026-0900","High Distinction","Runner Up","Aether Interactive"
"Alex Jackson","alex.jackson@example.com","Full Stack Web Development","DesignSprint 2026","March 15, 2026","CERT-2026-0901","Distinction","Speaker","Acme Corporation"
"Alex James","alex.james@example.com","Data Science & AI Bootcamp","DevOps Days 2026","March 15, 2026","CERT-2026-0902","Honors","Track Finalist","Nexus Labs"
"Alex Jenkins","alex.jenkins@example.com","Cloud Architecture Mastery","Web3 Builders Summit","March 15, 2026","CERT-2026-0903","Excellence","Honorary Fellow","Horizon Systems"
"Alex Johnson","alex.johnson@example.com","Cybersecurity Defense Essentials","FutureTech Leadership Forum","March 15, 2026","CERT-2026-0904","Merit","Attendee","Vanguard Security"
"Alex Jones","alex.jones@example.com","UI/UX Product Design Masterclass","Global Tech Summit 2026","March 15, 2026","CERT-2026-0905","High Distinction","Participant","PixelCraft Studio"
"Alex Joshi","alex.joshi@example.com","Machine Learning Ops (MLOps)","AI Innovators Hackathon","March 15, 2026","CERT-2026-0906","Distinction","Winner - 1st Place","Quantum Dynamics"
"Alex Kapoor","alex.kapoor@example.com","Modern DevOps & Kubernetes","CloudCon Annual 2026","March 15, 2026","CERT-2026-0907","Honors","Runner Up","NovaTech Global"
"Alex Kelly","alex.kelly@example.com","Blockchain & Smart Contracts","CyberSec Expo 2026","March 15, 2026","CERT-2026-0908","Excellence","Speaker","Apex Digital"
"Alex Kim","alex.kim@example.com","Distributed Systems Engineering","DesignSprint 2026","March 15, 2026","CERT-2026-0909","Merit","Track Finalist","Synthetix AI"
"Alex King","alex.king@example.com","Next.js & React 19 Enterprise Patterns","DevOps Days 2026","March 15, 2026","CERT-2026-0910","High Distinction","Honorary Fellow","Starlight Ventures"
"Alex Kulkarni","alex.kulkarni@example.com","Autonomous Systems & Robotics","Web3 Builders Summit","March 15, 2026","CERT-2026-0911","Distinction","Attendee","OmniCorp Research"
"Alex Kumar","alex.kumar@example.com","Applied Quantum Computing","FutureTech Leadership Forum","March 15, 2026","CERT-2026-0912","Honors","Participant","Aether Interactive"
"Alex Lee","alex.lee@example.com","Full Stack Web Development","Global Tech Summit 2026","March 15, 2026","CERT-2026-0913","Excellence","Winner - 1st Place","Acme Corporation"
"Alex Lewis","alex.lewis@example.com","Data Science & AI Bootcamp","AI Innovators Hackathon","March 15, 2026","CERT-2026-0914","Merit","Runner Up","Nexus Labs"
"Alex Long","alex.long@example.com","Cloud Architecture Mastery","CloudCon Annual 2026","March 15, 2026","CERT-2026-0915","High Distinction","Speaker","Horizon Systems"
"Alex Lopez","alex.lopez@example.com","Cybersecurity Defense Essentials","CyberSec Expo 2026","March 15, 2026","CERT-2026-0916","Distinction","Track Finalist","Vanguard Security"
"Alex Martin","alex.martin@example.com","UI/UX Product Design Masterclass","DesignSprint 2026","March 15, 2026","CERT-2026-0917","Honors","Honorary Fellow","PixelCraft Studio"
"Alex Martinez","alex.martinez@example.com","Machine Learning Ops (MLOps)","DevOps Days 2026","March 15, 2026","CERT-2026-0918","Excellence","Attendee","Quantum Dynamics"
"Alex Miller","alex.miller@example.com","Modern DevOps & Kubernetes","Web3 Builders Summit","March 15, 2026","CERT-2026-0919","Merit","Participant","NovaTech Global"
"Alex Mitra","alex.mitra@example.com","Blockchain & Smart Contracts","FutureTech Leadership Forum","March 15, 2026","CERT-2026-0920","High Distinction","Winner - 1st Place","Apex Digital"
"Alex Moore","alex.moore@example.com","Distributed Systems Engineering","Global Tech Summit 2026","March 15, 2026","CERT-2026-0921","Distinction","Runner Up","Synthetix AI"
"Alex Morales","alex.morales@example.com","Next.js & React 19 Enterprise Patterns","AI Innovators Hackathon","March 15, 2026","CERT-2026-0922","Honors","Speaker","Starlight Ventures"
"Alex Morgan","alex.morgan@example.com","Autonomous Systems & Robotics","CloudCon Annual 2026","March 15, 2026","CERT-2026-0923","Excellence","Track Finalist","OmniCorp Research"
"Alex Mukherjee","alex.mukherjee@example.com","Applied Quantum Computing","CyberSec Expo 2026","March 15, 2026","CERT-2026-0924","Merit","Honorary Fellow","Aether Interactive"
"Alex Murphy","alex.murphy@example.com","Full Stack Web Development","DesignSprint 2026","March 15, 2026","CERT-2026-0925","High Distinction","Attendee","Acme Corporation"
"Alex Myers","alex.myers@example.com","Data Science & AI Bootcamp","DevOps Days 2026","March 15, 2026","CERT-2026-0926","Distinction","Participant","Nexus Labs"
"Alex Nair","alex.nair@example.com","Cloud Architecture Mastery","Web3 Builders Summit","March 15, 2026","CERT-2026-0927","Honors","Winner - 1st Place","Horizon Systems"
"Alex Nelson","alex.nelson@example.com","Cybersecurity Defense Essentials","FutureTech Leadership Forum","March 15, 2026","CERT-2026-0928","Excellence","Runner Up","Vanguard Security"
"Alex Nguyen","alex.nguyen@example.com","UI/UX Product Design Masterclass","Global Tech Summit 2026","March 15, 2026","CERT-2026-0929","Merit","Speaker","PixelCraft Studio"
"Alex O'Connor","alex.o.connor@example.com","Machine Learning Ops (MLOps)","AI Innovators Hackathon","March 15, 2026","CERT-2026-0930","High Distinction","Track Finalist","Quantum Dynamics"
"Alex Okafor","alex.okafor@example.com","Modern DevOps & Kubernetes","CloudCon Annual 2026","March 15, 2026","CERT-2026-0931","Distinction","Honorary Fellow","NovaTech Global"
"Alex Ortiz","alex.ortiz@example.com","Blockchain & Smart Contracts","CyberSec Expo 2026","March 15, 2026","CERT-2026-0932","Honors","Attendee","Apex Digital"
"Alex Park","alex.park@example.com","Distributed Systems Engineering","DesignSprint 2026","March 15, 2026","CERT-2026-0933","Excellence","Participant","Synthetix AI"
"Alex Patel","alex.patel@example.com","Next.js & React 19 Enterprise Patterns","DevOps Days 2026","March 15, 2026","CERT-2026-0934","Merit","Winner - 1st Place","Starlight Ventures"
"Alex Perez","alex.perez@example.com","Autonomous Systems & Robotics","Web3 Builders Summit","March 15, 2026","CERT-2026-0935","High Distinction","Runner Up","OmniCorp Research"
"Alex Peterson","alex.peterson@example.com","Applied Quantum Computing","FutureTech Leadership Forum","March 15, 2026","CERT-2026-0936","Distinction","Speaker","Aether Interactive"
"Alex Phillips","alex.phillips@example.com","Full Stack Web Development","Global Tech Summit 2026","March 15, 2026","CERT-2026-0937","Honors","Track Finalist","Acme Corporation"
"Alex Powell","alex.powell@example.com","Data Science & AI Bootcamp","AI Innovators Hackathon","March 15, 2026","CERT-2026-0938","Excellence","Honorary Fellow","Nexus Labs"
"Alex Price","alex.price@example.com","Cloud Architecture Mastery","CloudCon Annual 2026","March 15, 2026","CERT-2026-0939","Merit","Attendee","Horizon Systems"
"Alex Ramachandran","alex.ramachandran@example.com","Cybersecurity Defense Essentials","CyberSec Expo 2026","March 15, 2026","CERT-2026-0940","High Distinction","Participant","Vanguard Security"
"Alex Ramirez","alex.ramirez@example.com","UI/UX Product Design Masterclass","DesignSprint 2026","March 15, 2026","CERT-2026-0941","Distinction","Winner - 1st Place","PixelCraft Studio"
"Alex Rao","alex.rao@example.com","Machine Learning Ops (MLOps)","DevOps Days 2026","March 15, 2026","CERT-2026-0942","Honors","Runner Up","Quantum Dynamics"
"Alex Reed","alex.reed@example.com","Modern DevOps & Kubernetes","Web3 Builders Summit","March 15, 2026","CERT-2026-0943","Excellence","Speaker","NovaTech Global"
"Alex Richardson","alex.richardson@example.com","Blockchain & Smart Contracts","FutureTech Leadership Forum","March 15, 2026","CERT-2026-0944","Merit","Track Finalist","Apex Digital"
"Alex Rivera","alex.rivera@example.com","Distributed Systems Engineering","Global Tech Summit 2026","March 15, 2026","CERT-2026-0945","High Distinction","Honorary Fellow","Synthetix AI"
"Alex Roberts","alex.roberts@example.com","Next.js & React 19 Enterprise Patterns","AI Innovators Hackathon","March 15, 2026","CERT-2026-0946","Distinction","Attendee","Starlight Ventures"
"Alex Rodriguez","alex.rodriguez@example.com","Autonomous Systems & Robotics","CloudCon Annual 2026","March 15, 2026","CERT-2026-0947","Honors","Participant","OmniCorp Research"
"Alex Ross","alex.ross@example.com","Applied Quantum Computing","CyberSec Expo 2026","March 15, 2026","CERT-2026-0948","Excellence","Winner - 1st Place","Aether Interactive"
"Alex Roy","alex.roy@example.com","Full Stack Web Development","DesignSprint 2026","March 15, 2026","CERT-2026-0949","Merit","Runner Up","Acme Corporation"
"Alex Russell","alex.russell@example.com","Data Science & AI Bootcamp","DevOps Days 2026","March 15, 2026","CERT-2026-0950","High Distinction","Speaker","Nexus Labs"
"Alex Sanchez","alex.sanchez@example.com","Cloud Architecture Mastery","Web3 Builders Summit","March 15, 2026","CERT-2026-0951","Distinction","Track Finalist","Horizon Systems"
"Alex Sanders","alex.sanders@example.com","Cybersecurity Defense Essentials","FutureTech Leadership Forum","March 15, 2026","CERT-2026-0952","Honors","Honorary Fellow","Vanguard Security"
"Alex Sengupta","alex.sengupta@example.com","UI/UX Product Design Masterclass","Global Tech Summit 2026","March 15, 2026","CERT-2026-0953","Excellence","Attendee","PixelCraft Studio"
"Alex Sharma","alex.sharma@example.com","Machine Learning Ops (MLOps)","AI Innovators Hackathon","March 15, 2026","CERT-2026-0954","Merit","Participant","Quantum Dynamics"
"Alex Silva","alex.silva@example.com","Modern DevOps & Kubernetes","CloudCon Annual 2026","March 15, 2026","CERT-2026-0955","High Distinction","Winner - 1st Place","NovaTech Global"
"Alex Smith","alex.smith@example.com","Blockchain & Smart Contracts","CyberSec Expo 2026","March 15, 2026","CERT-2026-0956","Distinction","Runner Up","Apex Digital"
"Alex Stewart","alex.stewart@example.com","Distributed Systems Engineering","DesignSprint 2026","March 15, 2026","CERT-2026-0957","Honors","Speaker","Synthetix AI"
"Alex Sullivan","alex.sullivan@example.com","Next.js & React 19 Enterprise Patterns","DevOps Days 2026","March 15, 2026","CERT-2026-0958","Excellence","Track Finalist","Starlight Ventures"
"Alex Taylor","alex.taylor@example.com","Autonomous Systems & Robotics","Web3 Builders Summit","March 15, 2026","CERT-2026-0959","Merit","Honorary Fellow","OmniCorp Research"
"Alex Thomas","alex.thomas@example.com","Applied Quantum Computing","FutureTech Leadership Forum","March 15, 2026","CERT-2026-0960","High Distinction","Attendee","Aether Interactive"
"Alex Torres","alex.torres@example.com","Full Stack Web Development","Global Tech Summit 2026","March 15, 2026","CERT-2026-0961","Distinction","Participant","Acme Corporation"
"Alex Turner","alex.turner@example.com","Data Science & AI Bootcamp","AI Innovators Hackathon","March 15, 2026","CERT-2026-0962","Honors","Winner - 1st Place","Nexus Labs"
"Alex Vance","alex.vance@example.com","Cloud Architecture Mastery","CloudCon Annual 2026","March 15, 2026","CERT-2026-0963","Excellence","Runner Up","Horizon Systems"
"Alex Venkatesh","alex.venkatesh@example.com","Cybersecurity Defense Essentials","CyberSec Expo 2026","March 15, 2026","CERT-2026-0964","Merit","Speaker","Vanguard Security"
"Alex Verma","alex.verma@example.com","UI/UX Product Design Masterclass","DesignSprint 2026","March 15, 2026","CERT-2026-0965","High Distinction","Track Finalist","PixelCraft Studio"
"Alex Walker","alex.walker@example.com","Machine Learning Ops (MLOps)","DevOps Days 2026","March 15, 2026","CERT-2026-0966","Distinction","Honorary Fellow","Quantum Dynamics"
"Alex Wang","alex.wang@example.com","Modern DevOps & Kubernetes","Web3 Builders Summit","March 15, 2026","CERT-2026-0967","Honors","Attendee","NovaTech Global"
"Alex Ward","alex.ward@example.com","Blockchain & Smart Contracts","FutureTech Leadership Forum","March 15, 2026","CERT-2026-0968","Excellence","Participant","Apex Digital"
"Alex Watson","alex.watson@example.com","Distributed Systems Engineering","Global Tech Summit 2026","March 15, 2026","CERT-2026-0969","Merit","Winner - 1st Place","Synthetix AI"
"Alex White","alex.white@example.com","Next.js & React 19 Enterprise Patterns","AI Innovators Hackathon","March 15, 2026","CERT-2026-0970","High Distinction","Runner Up","Starlight Ventures"
"Alex Williams","alex.williams@example.com","Autonomous Systems & Robotics","CloudCon Annual 2026","March 15, 2026","CERT-2026-0971","Distinction","Speaker","OmniCorp Research"
"Alex Wilson","alex.wilson@example.com","Applied Quantum Computing","CyberSec Expo 2026","March 15, 2026","CERT-2026-0972","Honors","Track Finalist","Aether Interactive"
"Alex Wood","alex.wood@example.com","Full Stack Web Development","DesignSprint 2026","March 15, 2026","CERT-2026-0973","Excellence","Honorary Fellow","Acme Corporation"
"Alex Wright","alex.wright@example.com","Data Science & AI Bootcamp","DevOps Days 2026","March 15, 2026","CERT-2026-0974","Merit","Attendee","Nexus Labs"
"Alex Young","alex.young@example.com","Cloud Architecture Mastery","Web3 Builders Summit","March 15, 2026","CERT-2026-0975","High Distinction","Participant","Horizon Systems"
"Alex Zhang","alex.zhang@example.com","Cybersecurity Defense Essentials","FutureTech Leadership Forum","March 15, 2026","CERT-2026-0976","Distinction","Winner - 1st Place","Vanguard Security"
"Alexander Adams","alexander.adams@example.com","UI/UX Product Design Masterclass","Global Tech Summit 2026","March 15, 2026","CERT-2026-0977","Honors","Runner Up","PixelCraft Studio"
"Alexander Agarwal","alexander.agarwal@example.com","Machine Learning Ops (MLOps)","AI Innovators Hackathon","March 15, 2026","CERT-2026-0978","Excellence","Speaker","Quantum Dynamics"
"Alexander Alvarez","alexander.alvarez@example.com","Modern DevOps & Kubernetes","CloudCon Annual 2026","March 15, 2026","CERT-2026-0979","Merit","Track Finalist","NovaTech Global"
"Alexander Anderson","alexander.anderson@example.com","Blockchain & Smart Contracts","CyberSec Expo 2026","March 15, 2026","CERT-2026-0980","High Distinction","Honorary Fellow","Apex Digital"
"Alexander Baker","alexander.baker@example.com","Distributed Systems Engineering","DesignSprint 2026","March 15, 2026","CERT-2026-0981","Distinction","Attendee","Synthetix AI"
"Alexander Banerjee","alexander.banerjee@example.com","Next.js & React 19 Enterprise Patterns","DevOps Days 2026","March 15, 2026","CERT-2026-0982","Honors","Participant","Starlight Ventures"
"Alexander Barnes","alexander.barnes@example.com","Autonomous Systems & Robotics","Web3 Builders Summit","March 15, 2026","CERT-2026-0983","Excellence","Winner - 1st Place","OmniCorp Research"
"Alexander Bell","alexander.bell@example.com","Applied Quantum Computing","FutureTech Leadership Forum","March 15, 2026","CERT-2026-0984","Merit","Runner Up","Aether Interactive"
"Alexander Bennett","alexander.bennett@example.com","Full Stack Web Development","Global Tech Summit 2026","March 15, 2026","CERT-2026-0985","High Distinction","Speaker","Acme Corporation"
"Alexander Bhatia","alexander.bhatia@example.com","Data Science & AI Bootcamp","AI Innovators Hackathon","March 15, 2026","CERT-2026-0986","Distinction","Track Finalist","Nexus Labs"
"Alexander Brooks","alexander.brooks@example.com","Cloud Architecture Mastery","CloudCon Annual 2026","March 15, 2026","CERT-2026-0987","Honors","Honorary Fellow","Horizon Systems"
"Alexander Brown","alexander.brown@example.com","Cybersecurity Defense Essentials","CyberSec Expo 2026","March 15, 2026","CERT-2026-0988","Excellence","Attendee","Vanguard Security"
"Alexander Campbell","alexander.campbell@example.com","UI/UX Product Design Masterclass","DesignSprint 2026","March 15, 2026","CERT-2026-0989","Merit","Participant","PixelCraft Studio"
"Alexander Castillo","alexander.castillo@example.com","Machine Learning Ops (MLOps)","DevOps Days 2026","March 15, 2026","CERT-2026-0990","High Distinction","Winner - 1st Place","Quantum Dynamics"
"Alexander Chakraborty","alexander.chakraborty@example.com","Modern DevOps & Kubernetes","Web3 Builders Summit","March 15, 2026","CERT-2026-0991","Distinction","Runner Up","NovaTech Global"
"Alexander Chen","alexander.chen@example.com","Blockchain & Smart Contracts","FutureTech Leadership Forum","March 15, 2026","CERT-2026-0992","Honors","Speaker","Apex Digital"
"Alexander Clark","alexander.clark@example.com","Distributed Systems Engineering","Global Tech Summit 2026","March 15, 2026","CERT-2026-0993","Excellence","Track Finalist","Synthetix AI"
"Alexander Coleman","alexander.coleman@example.com","Next.js & React 19 Enterprise Patterns","AI Innovators Hackathon","March 15, 2026","CERT-2026-0994","Merit","Honorary Fellow","Starlight Ventures"
"Alexander Collins","alexander.collins@example.com","Autonomous Systems & Robotics","CloudCon Annual 2026","March 15, 2026","CERT-2026-0995","High Distinction","Attendee","OmniCorp Research"
"Alexander Cooper","alexander.cooper@example.com","Applied Quantum Computing","CyberSec Expo 2026","March 15, 2026","CERT-2026-0996","Distinction","Participant","Aether Interactive"
"Alexander Cox","alexander.cox@example.com","Full Stack Web Development","DesignSprint 2026","March 15, 2026","CERT-2026-0997","Honors","Winner - 1st Place","Acme Corporation"
"Alexander Das","alexander.das@example.com","Data Science & AI Bootcamp","DevOps Days 2026","March 15, 2026","CERT-2026-0998","Excellence","Runner Up","Nexus Labs"
"Alexander Davis","alexander.davis@example.com","Cloud Architecture Mastery","Web3 Builders Summit","March 15, 2026","CERT-2026-0999","Merit","Speaker","Horizon Systems"
"Alexander Diaz","alexander.diaz@example.com","Cybersecurity Defense Essentials","FutureTech Leadership Forum","March 15, 2026","CERT-2026-1000","High Distinction","Track Finalist","Vanguard Security"